universe_id,vintage_cutoff,venue,scope,official_catalog_url,catalog_evidence_as_of,accessed_at,raw_snapshot_hash,discovered_product_families,coverage_status,remaining_gap
U-MKT-v2,2026-08-24T17:05:00+08:00,SHFE,commodity options,https://www.shfe.com.cn/eng/Market/Options/pb_o/InformationBrochure/,2026-08-24,2026-08-24,not_saved_waf,17,partial_members_enumerated,"listing dates, current contracts and saved official catalog"
U-MKT-v2,2026-08-24T17:05:00+08:00,INE,commodity options,https://www.shfe.com.cn/eng/Market/Options/pb_o/InformationBrochure/,2026-08-24,2026-08-24,not_saved_waf,3,partial_members_enumerated,"listing dates, current contracts and saved official catalog"
U-MKT-v2,2026-08-24T17:05:00+08:00,DCE,commodity options,https://www.dce.com.cn/dceg/file/2025-05-24/1748084300518ff8080819701ddb3777019701f19ae6012e.pdf,2024-12-31 plus official 2025/2026 additions,2026-08-24,not_saved_download_timeout,19,partial_members_enumerated,"single current catalog, listing dates, current contracts and hashes"
U-MKT-v2,2026-08-24T17:05:00+08:00,CZCE,commodity options,https://www.czce.com.cn/cn/rootfiles/2025/05/29/1747234187010805-1747234187061443.pdf,2024-12-31,2026-08-24,62bd0d0b640bd59bc644270a5dc4c5c9ad52f0c8a0bcf7bb7b1f44aadeb96f02,19,partial_members_enumerated,"prove no post-2024 additions through cutoff; current contracts and per-product hashes"
U-MKT-v2,2026-08-24T17:05:00+08:00,GFEX,commodity options,https://www.gfex.com.cn/gfex/sspzb/sspz.shtml,2026-08-24,2026-08-24,not_saved,5,partial_members_enumerated,"listing dates, current contracts and saved official catalog"
U-MKT-v2,2026-08-24T17:05:00+08:00,SGX,commodity and commodity-freight options,https://www.sgx.com/derivatives/products/iron-ore?cc=FE,2026-08-24,2026-08-24,not_saved,8,partial_members_enumerated,"prove product-family completeness beyond iron ore, dry freight and rubber; save current contracts"
U-MKT-v2,2026-08-24T17:05:00+08:00,CME Group,commodity options,https://www.cmegroup.com/ftp/fprf/csv/,2026-08-21 dated option reference files,2026-08-24,not_saved_tls_403_503,0,pending_enumeration,"download and hash the four dated CBOT/CME/COMEX/NYMEX FPRF ZIPs; inventory SeriesProdCmplx and freeze the commodity allowlist"
U-MKT-v2,2026-08-24T17:05:00+08:00,ICE,commodity options,https://www.ice.com/api/productguide/info/codes/all/csv,2026-08-24T17:35:14+08:00,2026-08-24T17:35:14+08:00,6c7d524728087c9bc8cb82230688ebfe741c5c6090632bc5f80962294130d0ef,281,partial_members_enumerated,"catalog captured after cutoff: prove first-listing date <= cutoff for each row; normalize product variants; save rules and current contracts"
U-MKT-v2,2026-08-24T17:05:00+08:00,LME,commodity options,https://www.lme.com/en/Trading/Contract-types/Options,2026-08-24 current page,2026-08-24,not_saved_cloudflare_403,8,partial_members_enumerated,"official page names eight products but local capture returned a challenge page; prove cutoff membership, save rules and current contracts"
