token,date,time,points,amount,type,phase,status
AIOT,2025-04-25,,45,578,tge,,
<留出>,2025-04-28,,65,1500,,,
HAEDAL,2025-04-29,,80,356,,,
MILK,2025-04-29,,75,760,tge,,
B2,2025-04-30,,82,138,tge,,
BOOP,2025-05-05,,137,291,,,
MYX,2025-05-06,,142,644,tge,,
OBOL,2025-05-07,,153,165,,,
ZKJ,2025-05-07,,142,50,,,
DOOD,2025-05-09,,168,9873,,,
PUFFER,2025-05-12,,186,362,,,
RDAC,2025-05-13,,205,1382,,,
PRAI,2025-05-14,,198,940,tge,,
NXPC,2025-05-15,,187,198,,,
<留出>,2025-05-16,,186,5627,tge,,
REX,2025-05-17,,196,7795,,,
XTER,2025-05-19,,194,451,,,
MERL,2025-05-20,,193,1530,,,
TGT,2025-05-21,,199,940,,,
RWA,2025-05-22,,195,13570,tge,,
SOON,2025-05-23,,190,230,,,
<留出>,2025-05-24,,200,8000,,,
HUMA,2025-05-26,,200,1250,,,
PFVS,2025-05-27,,204,875,,,
ELDE,2025-05-27,,198,417,tge,,
<留出>,2025-05-28,,195,1250,,,
RDO,2025-05-29,,193,7796,tge,,
<留出>,2025-05-30,,207,133,,,
TAIKO,2025-05-31,,205,130,,,
EDGEN,2025-06-02,,223,2971,,,
SQD,2025-06-02,,210,424,,,
<留出>,2025-06-03,,211,2666,,,
BDXN,2025-06-03,,213,900,,,
<留出>,2025-06-04,,215,160,,,
CUDIS,2025-06-05,,210,1124,tge,,
FLY,2025-06-06,,223,252,,,
AB,2025-06-07,,225,9882,,,
OL,2025-06-08,,233,2825,,,
SKATE,2025-06-09,,236,1209,,,
HOME,2025-06-10,,236,2500,,,
RESOLV,2025-06-10,,239,400,,,
<留出>,2025-06-11,,229,4993,tge,,
PUNDIAI,2025-06-12,,237,8,,,
ROAM,2025-06-13,,247,372,,,
SGC,2025-06-13,,240,9885,tge,,
DEGEN,2025-06-14,,245,13862,,,
F,2025-06-15,,241,5000,,,
ULTI,2025-06-16,,242,2543,,,
VELO,2025-06-16,,242,5000,,,
SPK,2025-06-17,,240,2000,,,
BOMB,2025-06-17,,240,7620,tge,,
BEE,2025-06-18,,234,2067,tge,,
<留出>,2025-06-19,,243,16,,,
<留出>,2025-06-20,,238,2047,tge,,
AVAIL,2025-06-20,,243,2667,,,
BRIC,2025-06-21,,251,900,,,
<留出>,2025-06-22,,247,750,,,
CARV,2025-06-23,,247,250,,,
NEWT,2025-06-24,,241,125,,,
<留出>,2025-06-24,,248,4800,,,
MGO,2025-06-24,,210,1666,grab,,
H,2025-06-25,,230,1600,,,
<留出>,2025-06-26,,239,3125,,,
<留出>,2025-06-26,,223,1000,,,
MORE,2025-06-27,,170,400,grab,,
<留出>,2025-06-27,,170,10000,grab,,
REKT,2025-06-28,,170,140230000,grab,,
BGSC,2025-07-01,,210 170,7360,alpha,1,completed
M,2025-07-03,16:00,214 140,1000,grab,2,ongoing
ICNT,2025-07-03,18:00,140,100,grab,2,announced
CROSS,2025-07-04,16:00,140,500,grab,1,announced
AIN,2025-07-05,17:00,140,600,grab,1,announced
OIK,2025-07-08,21:00,140,750,grab,1,ongoing
PEAQ,2025-07-12,15:00,234 180,643,grab,2,announced
SPA,2025-07-13,22:00,160,4607,grab,1,ongoing
C,2025-07-14,20:00,160,750,grab,1,announced
TAC,2025-07-15,18:00,224 140,1875,grab,2,ongoing
<留出>,2025-07-16,20:00,211,500,tge,1,announced
BAS,2025-07-17,16:00,213,14384,tge,1,ongoing
ERA,2025-07-17,21:30,140,150,grab,2,ongoing
TAKER,2025-07-18,18:00,165,1000,grab,1,announced
G,2025-07-18,21:00,165,88000,grab,1,announced
ESPORTS,2025-07-19,17:00,160,900,grab,1,announced
UPTOP,2025-07-20,15:00,180,1500,grab,1,ongoing
TA,2025-07-21,15:00,210,750,grab,1,announced
<留出>,2025-07-22,16:00,225,898,tge,1,announced
YALA,2025-07-22,20:00,238 200,200,grab,2,announced
COA,2025-07-23,17:00,200,1500,grab,1,announced
ASP,2025-07-24,18:00,225 200,125,grab,2,announced
<留出>,2025-07-25,16:00,200,600,grab,1,announced
PHY,2025-07-26,16:00,200,750,grab,1,announced
VRA,2025-07-27,16:00,200,32238,grab,1,announced
DELABS,2025-07-28,16:00,218,3217.55,tge,1,announced
TREE,2025-07-29,20:00,233 200,100,grab,2,announced
RHEA,2025-07-30,21:30,200,1000,grab,1,announced
<留出>,2025-07-30,16:00,233 200,500,grab,2,announced
<留出>,2025-07-31,16:00,200,1600,grab,1,announced
NAORIS,2025-07-31,20:00,125,500,grab,2,announced
MIA,2025-08-01,15:00,200,500,grab,1,ongoing
TOSHI,2025-08-01,17:00,200,69349,grab,1,announced
AIO,2025-08-02,18:00,200,750,grab,1,announced
MM,2025-08-03,16:00,200,24000,grab,1,announced
CYC,2025-08-04,19:00,200,800,grab,1,announced
DARK,2025-08-04,20:00,200,1000,grab,1,announced
SUP,2025-08-05,18:00,200,500,grab,1,announced
TOWNS,2025-08-05,20:30,230 200,1359,grab,2,announced
<留出>,2025-08-05,23:00,241 200,100,grab,2,announced
FIR,2025-08-06,19:00,200,1000,grab,1,announced
IN,2025-08-07,17:00,200,500,claim,1,announced
<留出>,2025-08-07,19:00,200,1000,grab,1,announced
K,2025-08-08,15:00,233 200,250,grab,2,announced
BSU,2025-08-09,17:00,200,510,grab,1,announced
GAME,2025-08-10,15:00,237 185,10200,grab,2,ongoing
SLAY,2025-08-11,,,,grab,1,announced
XCX,2025-08-11,16:00,200,800,grab,1,announced
SLAY,2025-08-11,18:00,227 125,525,grab,2,announced
WAI,2025-08-12,16:00,200,800,grab,1,announced
BTR,2025-08-13,16:00,222,1322.51,tge,1,announced
OVL,2025-08-14,16:45,200,111,grab,1,announced
REVA,2025-08-14,19:00,224,1857.52,tge,1,announced
AIBOT,2025-08-14,16:00,224,1666,tge,1,ongoing
PUBLIC,2025-08-15,,,,,1,announced
TCOM,2025-08-15,20:00,200,600,grab,1,announced
PUBLIC,2025-08-15,15:30,240 140,430,grab,2,announced
MLK,2025-08-16,16:00,200,245,grab,1,announced
WILD,2025-08-17,20:00,200,100,grab,1,ongoing
<留出>,2025-08-18,19:00,200,320,grab,1,announced
RICE,2025-08-18,16:00,230,1359,tge,1,announced
DGC,2025-08-20,20:00,200,500000,grab,1,announced
AKE,2025-08-21,16:00,238,100000,tge,1,announced
ARIA,2025-08-21,20:00,200,625,grab,1,announced
SAPIEN,2025-08-21,01:00,200,200,grab,1,announced
XPIN,2025-08-22,17:00,200,80000,grab,1,announced
<留出>,2025-08-22,20:00,240,4704,tge,1,announced
DORA,2025-08-23,22:00,200,140,grab,1,ongoing
FST,2025-08-24,17:00,200,800,grab,1,ongoing
MTP,2025-08-25,22:00,200,750,grab,1,announced
TAKE,2025-08-25,16:00,241,2000,tge,1,announced
TOWN,2025-08-26,15:00,200,1600,grab,1,announced
DOLO,2025-08-27,21:30,260 230,166,grab,2,announced
MITO,2025-08-28,20:00,248,386,tge,1,announced
<留出>,2025-08-28,18:00,230,700,grab,1,ongoing
CELB,2025-08-29,17:00,220,3200,grab,1,announced
XLAB,2025-08-29,Delay,,,,1,announced
XLAB,2025-08-29,15:00,254 155,1500000,grab,2,announced
ZENT,2025-08-30,16:30,230,4000,grab,1,ongoing
WOD,2025-08-31,20:00,220,750,grab,1,ongoing
FOREST,2025-09-01,16:00,240,878,tge,1,announced
Q,2025-09-02,15:00,220,5000,grab,1,announced
HOLO,2025-09-02,16:00,240,849,tge,1,announced
SOMI,2025-09-02,21:30,235 220,100,grab,2,announced
PTB,2025-09-03,20:00,,,grab,1,announced
PTB,2025-09-03,20:00,245 220,1320,grab,2,announced
MCH,2025-09-03,19:00,220,1000,grab,1,announced
BOT,2025-09-03,16:00,231,2000,tge,1,announced
TRADOOR,2025-09-04,20:00,220,50,grab,1,announced
GATA,2025-09-04,18:00,220,500,grab,1,announced
U,2025-09-04,17:00,220,2700,grab,1,announced
SHARDS,2025-09-05,19:00,220,4000,grab,1,announced
BOOST,2025-09-05,16:00,220,640,grab,1,announced
STAR,2025-09-06,16:00,224,774,tge,1,announced
SAROS,2025-09-07,18:00,238 220,100,grab,2,announced
<留出>,2025-09-08,19:00,239 220,200,grab,2,announced
MIRROR,2025-09-08,20:00,220,800,grab,1,announced
SWTCH,2025-09-09,19:00,210,320,grab,1,announced
AVNT,2025-09-09,21:00,220,180,grab,1,announced
POP,2025-09-10,18:00,220,6400,grab,1,announced
LINEA,2025-09-10,22:30,220 200,7700,grab,2,announced
PINGPONG,2025-09-11,20:00,200,600,grab,1,announced
<留出>,2025-09-12,16:00,200,4000,grab,1,announced
AA,2025-09-12,18:00,200,800,grab,1,announced
ZEUS,2025-09-13,22:00,185,250,grab,1,announced
<留出>,2025-09-14,15:00,170,165,grab,1,announced
ZKC,2025-09-15,20:30,206 190,90,grab,2,announced
<留出>,2025-09-16,19:00,200,1500,grab,1,announced
STBL,2025-09-16,22:25,200,4000,grab,1,announced
<留出>,2025-09-17,19:00,200,640,grab,1,announced
<留出>,2025-09-18,16:00,200,240,grab,1,announced
BARD,2025-09-18,18:00,215 200,100,grab,2,announced
RIVER,2025-09-19,15:00,209,59.82,tge,1,announced
JOJO,2025-09-19,17:00,210,616,tge,1,announced
DL,2025-09-19,19:30,200,5000,grab,1,announced
AOP,2025-09-19,20:00,200,1280,grab,1,announced
<留出>,2025-09-20,21:00,170,800,grab,1,announced
NUMI,2025-09-21,16:00,220 125,335,grab,2,announced
<留出>,2025-09-22,16:00,227 200,20,grab,2,announced
BLESS,2025-09-23,17:00,200,3200,grab,1,announced
ZBT,2025-09-24,16:00,218,358,tge,1,announced
GAIN,2025-09-24,19:00,210,800,grab,1,announced
COAI,2025-09-25,15:00,200,250,grab,1,announced
XPL,2025-09-25,19:45,200 70,180,grab,2,announced
MIRA,2025-09-26,18:00,196 150,100,grab,2,announced
HANA,2025-09-26,19:00,200,270,grab,1,announced
GOATED,2025-09-27,17:00,175,375,grab,1,announced
LIGHT,2025-09-27,19:00,190,150,grab,1,announced
<留出>,2025-09-28,15:00,130,200,grab,1,announced
XAN,2025-09-29,18:00,170,1000,grab,1,announced
FF,2025-09-29,19:00,175 150,500,grab,2,announced
EDEN,2025-09-30,17:00,170 75,50,grab,2,announced
VFY,2025-09-30,19:30,180,300,grab,1,announced
STRIKE,2025-10-01,16:00,165,1000,grab,1,announced
TRUTH,2025-10-01,20:00,180,4000,grab,1,announced
2Z,2025-10-02,20:00,190,400,grab,1,announced
BTG,2025-10-02,21:00,190,10,grab,1,announced
EVAA,2025-10-03,16:00,190,20,grab,1,announced
P,2025-10-03,19:00,190,500,grab,1,announced
<留出>,2025-10-05,17:00,200,400,grab,1,announced
LYN,2025-10-06,15:00,211 115,110,grab,2,announced
KLINK,2025-10-07,16:00,211,974.4,tge,1,announced
KGEN,2025-10-07,22:00,210 115,100,grab,2,announced
SLX(old),2025-10-08,15:00,200,5000,grab,1,announced
PIPE,2025-10-08,22:00,211 115,160,grab,2,announced
WAL,2025-10-09,15:00,210 180,150,grab,2,announced
EUL,2025-10-10,21:00,200,5,grab,1,announced
CDL,2025-10-11,16:00,200,640,grab,1,announced
CORL,2025-10-12,19:00,210,500,grab,1,announced
YB,2025-10-13,16:00,144,164.45,tge,1,announced
ENSO,2025-10-14,15:00,245 180,10,grab,2,announced
LAB,2025-10-14,17:30,246,657.93,tge,1,announced
CLO,2025-10-14,19:00,200,320,grab,1,announced
WBAI,2025-10-15,19:00,220,500,grab,1,announced
RECALL,2025-10-15,20:00,200,100,grab,1,announced
RVV,2025-10-16,16:00,256,4651.72,tge,1,announced
ANOME,2025-10-17,16:00,220,320,grab,1,announced
SUBHUB,2025-10-17,18:00,220,320,grab,1,announced
MERL,2025-10-18,16:00,240,126,grab,1,announced
MYX,2025-10-19,15:00,230,11,grab,1,ongoing
SVSA,2025-10-20,15:00,241,500,grab,1,announced
SIGMA,2025-10-21,15:00,245,640,grab,1,announced
BLUAI,2025-10-21,19:00,220,1600,grab,1,announced
TURTLE,2025-10-22,21:00,220,200,grab,1,announced
<留出>,2025-10-23,16:00,240,201.8,tge,1,announced
MET,2025-10-23,21:00,226,32,grab,1,announced
ON,2025-10-24,16:00,220,200,grab,1,announced
<留出>,2025-10-24,18:00,220,200,grab,1,announced
B2,2025-10-25,16:00,225,16,grab,1,announced
AIO,2025-10-26,16:00,226,250,grab,1,announced
XNAP,2025-10-27,15:00,230,500,grab,1,announced
<留出>,2025-10-27,18:00,210,200,grab,1,announced
<留出>,2025-10-27,20:00,255 235,1140,grab,2,announced
PIGGY,2025-10-28,18:00,250,38,grab,1,announced
PIEVERSE,2025-10-29,16:00,227,255,tge,1,announced
BOS,2025-10-29,19:00,240,2688,grab,1,announced
BANK,2025-10-30,20:00,240,354,grab,1,announced
NB,2025-10-31,20:00,240,250,grab,1,announced
MMT,2025-10-31,17:00,220,200.75,tge,1,announced
BEAT,2025-11-01,17:00,235,245,grab,1,announced
BAY,2025-11-01,16:00,245 230,400,grab,2,announced
LITKEY,2025-11-02,19:00,235,250,grab,1,
KITE,2025-11-03,19:00,237 215,500,grab,2,announced
TITN,2025-11-03,,240,320,,1,announced
<留出>,2025-11-04,15:00,230,375,grab,1,announced
SENTIS,2025-11-05,20:00,235,640,grab,1,announced
TRUST,2025-11-05,17:00,224,200,grab,1,announced
<留出>,2025-11-06,20:00,226,12,grab,1,announced
LONG,2025-11-06,18:00,225,175,grab,1,announced
UAI,2025-11-06,19:00,229,320,grab,1,announced
ARIAIP,2025-11-07,15:00,226,200,grab,1,announced
<留出>,2025-11-09,21:00,231,960,grab,1,announced
<留出>,2025-11-10,18:00,235,16000,grab,1,announced
ALLO,2025-11-11,19:00,220,50,grab,1,announced
CROSS,2025-11-12,21:00,230,320,grab,1,ongoing
PLANCK,2025-11-13,21:30,220,200,grab,1,announced
ELIZAOS,2025-11-15,16:00,240,4375,grab,1,announced
<留出>,2025-11-16,21:00,245,2500,grab,1,announced
<留出>,2025-11-18,16:00,245,3340,grab,1,announced
<留出>,2025-11-19,18:00,245,175,grab,1,announced
BOB,2025-11-20,20:00,240,1600,grab,1,ongoing
ARTX,2025-11-21,18:00,255,200,grab,1,announced
DIGI,2025-11-22,18:00,256,75000,grab,1,announced
KO,2025-11-23,17:00,256,640,grab,1,announced
<留出>,2025-11-24,18:00,256,640,grab,1,announced
<留出>,2025-11-25,19:00,241,1200,grab,1,announced
SOON,2025-11-26,17:00,241,55,grab,1,announced
GUA,2025-11-27,16:00,256,750,grab,1,announced
VSN,2025-11-28,16:00,252,400,grab,1,announced
GAIX,2025-11-29,16:00,256,400,grab,1,announced
SQD,2025-11-30,17:00,245,500,grab,1,pending
RLS,2025-12-01,19:00,242,800,grab,1,announced
TAKE,2025-12-02,21:00,253,105,grab,1,announced
H,2025-12-03,21:00,242,295,grab,1,announced
ESPORTS,2025-12-04,20:00,250,80,grab,1,announced
POWER,2025-12-05,18:00,245,375,grab,1,announced
STABLE,2025-12-08,21:00,250,2000,grab,1,announced
NIGHT,2025-12-09,17:30,230,600,grab,1,announced
WET,2025-12-09,22:00,230,200,,1,announced
LAVA,2025-12-10,18:00,230,165,grab,1,announced
CYS,2025-12-11,16:00,226,200,grab,1,announced
BTX,2025-12-11,18:00,241,1200,grab,1,announced
<留出>,2025-12-11,20:20,236,2000,grab,1,announced
<留出>,2025-12-12,20:00,230,400,grab,1,announced
AIOT,2025-12-15,21:00,230,160,grab,1,announced
MAGMA,2025-12-16,18:00,226,250,grab,1,announced
THQ,2025-12-16,22:00,220,400,grab,1,announced
IR,2025-12-17,16:00,225,179,tge,1,announced
LISA,2025-12-18,18:00,235,230,grab,1,announced
VOOI,2025-12-18,19:00,225,335,,1,announced
RTX,2025-12-19,17:00,226,25,grab,1,announced
ZKP,2025-12-19,19:00,233,200,grab,1,announced
TTD,2025-12-20,16:00,226,670,grab,1,announced
BTW,2025-12-22,16:00,216,3212,tge,1,announced
BEAT,2025-12-23,21:00,225,9,grab,1,ongoing
<留出>,2025-12-24,21:00,226,1000,grab,1,announced
KGEN,2025-12-25,21:00,240,180,grab,1,announced
SENTIS,2025-12-26,21:00,240,320,grab,1,ongoing
<留出>,2025-12-27,16:00,240,2079,tge,1,announced
<留出>,2025-12-29,21:00,241,1000,grab,1,announced
OOOO,2025-12-30,16:00,241,500,grab,1,announced
Q,2025-12-31,15:00,240,2500,grab,1,announced
<留出>,2026-01-02,17:00,256,305,grab,1,announced
ESIM,2026-01-05,20:00,257,375,grab,1,announced
BREV,2026-01-06,20:00,245,175,,1,announced
ZTC,2026-01-07,16:00,241,4548.99,tge,1,announced
BLESS,2026-01-08,20:00,251,2500,grab,1,announced
DN,2026-01-09,16:00,246,40,grab,1,announced
CAI,2026-01-12,16:00,252,40,grab,1,announced
FOGO,2026-01-13,16:00,200,3792,tge,1,ongoing
SIGHT,2026-01-14,16:00,245,800,grab,1,announced
OWL,2026-01-15,18:00,241,667,grab,1,announced
FUN,2026-01-15,22:00,245,300,grab,1,announced
<留出>,2026-01-16,18:00,242,355,grab,1,announced
SENT,2026-01-19,20:00,225,11849,tge,1,announced
ELSA,2026-01-20,16:00,235,200,grab,1,announced
<留出>,2026-01-20,18:00,241,320,grab,1,announced
<留出>,2026-01-21,20:00,230,2400,grab,1,announced
<留出>,2026-01-22,19:00,231,2000,grab,1,announced
SPACE,2026-01-23,18:00,227,6720,grab,1,announced
WMTX,2026-01-26,17:00,241,580,grab,1,announced
XPIN,2026-01-27,17:00,233,14600,grab,1,announced
BIRB,2026-01-28,19:00,230,200,grab,1,announced
ZAMA,2026-01-29,16:00,220,5861,tge,1,announced
KIN,2026-01-30,19:00,241,600,grab,1,announced
INX,2026-01-31,03:00,240,1500,grab,1,announced
ELON,2026-02-02,22:00,241,50,grab,1,announced
TRIA,2026-02-03,16:00,232,2500,grab,1,announced
WARD,2026-02-04,20:00,231,200,grab,1,announced
RNBW,2026-02-06,01:00,241,430,grab,1,announced
STABLE,2026-02-06,17:00,240,1845,grab,1,announced
COAI,2026-02-09,21:00,241,100,grab,1,announced
ESP,2026-02-10,20:00,240,2520,tge,1,announced
BTG,2026-02-11,18:00,242,7.5,grab,1,announced
ARTX,2026-02-11,18:00,242,157,grab,1,announced
NAORIS,2026-02-11,18:00,242,1640,grab,1,announced
IP,2026-02-12,21:00,240,30,grab,1,announced
VELVET,2026-02-18,18:00,242,400,grab,1,ongoing
<留出>,2026-02-19,18:00,242,20600,grab,1,ongoing
ICNT,2026-02-19,18:00,242,95,grab,1,ongoing
TRUTH,2026-02-20,18:00,251,3333,grab,1,pending
GUA,2026-02-24,18:00,256,200,grab,1,pending
LYN,2026-02-25,18:00,256,95,grab,1,pending
ROBO,2026-02-27,16:00,245,888,grab,1,announced
<留出>,2026-03-04,18:00,245,320,grab,1,announced
ROBO,2026-03-04,20:00,240,600,grab,1,pending
OPN,2026-03-05,19:00,235,100,grab,1,announced
MAGMA,2026-03-06,18:30,241,320,grab,1,announced
LAB,2026-03-10,18:00,241,207,grab,1,announced
SN3,2026-03-11,16:00,241,1000,grab,1,announced
UP,2026-03-13,16:00,226,327,tge,1,announced
KAT,2026-03-16,20:00,241,6814,tge,1,announced
IN,2026-03-19,18:00,240,470,grab,1,pending
BLUAI,2026-03-19,18:00,240,5000,grab,1,pending
CYS,2026-03-20,16:00,240,60,grab,1,announced
<留出>,2026-03-24,18:00,251,335,grab,1,announced
SIGMA,2026-03-24,18:00,251,375,grab,1,announced
PRL,2026-03-25,16:00,242,485,tge,1,announced
TRADOOR,2026-03-26,16:00,242,14,grab,1,announced
BASED,2026-03-30,16:00,241,320,grab,1,announced
R2,2026-03-30,18:00,252,750,grab,1,announced
EDGE,2026-03-31,20:30,242,66,grab,1,announced
CHECK,2026-04-02,16:00,242,500,grab,1,announced
ST,2026-04-07,16:00,243,528,tge,1,announced
SOON,2026-04-09,17:00,242,280,grab,1,announced
AOP,2026-04-10,17:00,240,715,grab,1,announced
CLO,2026-04-10,17:00,240,335,grab,1,ongoing
REKT,2026-04-10,17:00,240,192307700,grab,1,pending
<留出>,2026-04-13,23:30,230,240,grab,1,announced
ANOME,2026-04-14,17:00,235,824,grab,1,announced
VELO,2026-04-14,17:00,235,8750,grab,1,pending
POWER,2026-04-14,17:00,235,315,grab,1,pending
HANA,2026-04-17,17:00,242,700,grab,1,announced
<留出>,2026-04-17,17:00,242,700,grab,1,announced
<留出>,2026-04-17,17:00,242,2800,grab,1,announced
OPG,2026-04-21,17:00,226,254,tge,1,announced
CHIP,2026-04-21,20:20,230,750,grab,1,announced
EVAA,2026-04-24,17:00,228,46,grab,1,pending
<留出>,2026-04-24,17:00,228,466,grab,1,pending
<留出>,2026-04-24,17:00,228,93,grab,1,pending
AIGENSYN,2026-04-29,17:00,227,715,grab,1,announced
TAC,2026-04-30,18:00,240,1870,grab,1,announced
RECALL,2026-04-30,18:00,240,575,grab,1,announced
CARV,2026-04-30,18:00,240,510,grab,1,ongoing
UAI,2026-05-01,15:00,237,95,grab,1,ongoing
BILL,2026-05-04,15:00,220,2000,grab,1,announced
<留出>,2026-05-07,18:00,245,360,grab,1,announced
SHARE,2026-05-08,18:00,230,40,grab,1,announced
BR,2026-05-11,17:00,241,225,grab,1,announced
<留出>,2026-05-13,23:00,200,45,grab,1,announced
B2,2026-05-14,17:00,225,50,grab,1,announced
ZEST,2026-05-19,21:00,240,800,grab,1,announced
NEX,2026-05-20,22:00,210,20000250,grab,1,announced
<留出>,2026-05-21,20:00,230,250,grab,1,announced
<留出>,2026-05-25,20:00,215,250,grab,1,announced
CTR,2026-05-26,21:00,211,1090,grab,1,announced
<留出>,2026-05-28,23:00,241,31111,grab,1,announced
RTX,2026-06-02,15:00,240,26,grab,1,ongoing
<留出>,2026-06-03,15:00,230,21,grab,1,announced
FOREST,2026-06-03,15:00,230,590,grab,1,announced
TRIA,2026-06-05,15:00,241,1000,grab,1,pending
KGEN,2026-06-09,17:00,241,160,grab,1,announced
TRUST,2026-06-10,17:00,245,585,grab,1,announced
BLESS,2026-06-10,17:00,245,4670,grab,1,announced
RE,2026-06-17,20:00,255,388.7,tge,1,announced
O,2026-06-17,22:00,225,200,grab,1,announced
ARX,2026-06-22,18:00,225,172,grab,1,announced
NES,2026-06-24,20:00,200,160,grab,1,announced
CAP,2026-06-26,18:00,225,3192,tge,1,announced
<留出>,2026-06-30,18:00,224,800,grab,1,announced
<留出>,2026-07-02,18:00,226,355,grab,1,announced
WMTX,2026-07-02,18:00,226,737,grab,1,announced
AKE,2026-07-08,17:00,245,155555,grab,1,announced
ARTX,2026-07-08,17:00,245,235,grab,1,announced
<留出>,2026-07-10,17:00,245,2900,grab,1,announced
MPLX,2026-07-14,19:00,251,1038,grab,1,announced
ON,2026-07-14,19:00,251,315,grab,1,announced
<留出>,2026-07-16,19:00,250,245,grab,1,announced
EDGE,2026-07-21,19:00,256,69,grab,1,announced
BEE,2026-07-21,19:00,256,584,grab,1,pending
TRUTH,2026-07-23,19:00,256,2501,grab,1,ongoing
AEON,2026-07-27,18:00,245,250,grab,1,announced
GRVT,2026-07-30,20:00,245,100,grab,1,announced
<留出>,2026-08-04,21:00,243,550,grab,1,announced
<留出>,2026-08-06,19:00,245,432,grab,1,announced
<留出>,2026-08-06,19:00,245,1870,grab,1,pending
DOS,2026-08-10,17:00,200,200,grab,1,announced
KII,2026-08-14,21:00,230,360,grab,1,announced
STABLE,2026-08-19,19:00,243,1053,grab,1,announced
COAI,2026-08-21,19:00,242,105,grab,1,announced
<留出>,2026-08-25,18:00,225,200,grab,1,announced
<留出>,2026-08-26,18:00,240,50,grab,1,announced
<留出>,2026-09-01,19:00,250,300,grab,1,announced
SOON,2026-09-01,19:00,250,166,grab,1,announced
CP,2026-09-04,15:00,235,860,grab,1,announced
CNPY,2026-09-07,20:00,235,180,grab,1,announced
<留出>,2026-09-10,19:00,246,342,grab,1,ongoing
DGAI,2026-09-16,16:00,240,44,grab,1,announced
APM,2026-09-17,21:00,235,5000,grab,1,announced
CYS,2026-09-23,18:00,250,180,grab,1,announced
XDP,2026-09-28,22:30,230,1666,grab,1,announced
CT,2026-09-30,16:00,223,200,grab,1,announced
