usr,n_cells,n_dev
11113QZged7eewin3YGztsphqSHo4vrgcbmYHWBKG49,5,4
127MNaxDrpcedMgs3fESuzhp66b3WwUX74zJdXGfYaJf,22,22
13Ds7TQ5B57xsSVGZCveozZA3dbQeRX6fRbH9Yqn6283,8,8
13z4LC4MJAo2nPfAtzojfVLEiDBEEnbntNWhxc6qq8kc,33,17
1HdTN3ByfJJmKYWikN9pMeJJmB6bDXCJTz77vXUSTcx,7,7
21rfafknVM3aVpxZLzC2TyWmKsrT7X1QZdwps6f9sxaA,36,17
22VTwANe3PbB9YCK8q6KVi9RXmBZhE8wmbaTTy4yJmdr,55,41
22byfxorYKFAnteD7nphLtNWT892EvRdvxJ2EUMgoehn,9,9
22vL22PcYcoAVCwYN8iDW9VrFEYq93TCtr7a6avNVyjL,5,5
23qkpvizekhMNbvHpCXLfBeFzjHuKdaPZj2HpTMsczsM,16,3
24678QKx2Dy8ZCw6Ra8o9DeTqPLL5GR9ZQKxt5FddHmq,2390,189
24QnmWQ15311GFjcioay34SmS3JLrHhgNCmDSnNHo1Gf,9,7
24VwMM5dNbDLUaQQbYQN9giyujy1Luxg1Jz4v2t8Dnqx,5,5
25PuSE1RVeeau3XhVLY4Wrhu1D5osFf5DZkYqVqKHmDf,13,13
25fRUBEgAq3EPRycWNe5XDE1V67g9EJW5N2NanPh1Vto,5,5
25mVyoeZsvvWbWFEf5aBDCqjRUnG9RvdnVyPQWYaxgqR,53,48
2645Pt3BXPtDh2QcQqCzdKixaoJSbHS7p8YHWX7bsNtz,5,3
26xyB9wGv1ezufx7V3bt3kpbmETYCLJ82bkzMpZN76zo,16,4
27Hcm1q78XFgxDFB1ZawwmL3KhLuGBvtFfEwN8C33mdv,11,7
29TSHrerQzp1ALBWQ6YYwVr3ADbCTU5Y5istXxneQvrz,13,8
2AqFJzcgSMQ9v7Vwh4yE7Vux8brcrjus1eg4K1zM2zUd,5,5
2CQgjcdNEo7WtbQLpJTAVcC3Ga61pNvRDTgP5grzctFG,1571,625
2EafvWRgYM3Wu8MyTQ2BNyh3ThPayfk3kmwjoDh1D5Zt,6,6
2Fast4U47Ke1uXwsiSQwBMv1NfyYEcFontjbuu35DqPu,7,7
2FzwodfixXQp8USc9MC24zS1XPjEeMGAjYoEeg77RLxG,6,3
2K2D7TwTh33dmMLp8NSkvUL4vRYn7w2hmAKdNNhEvVQM,10,8
2K2Pp2jT3XrhnNeqUA2kk9uEQHotJPaSonubKwxQLx2i,5,3
2KVQBqvjMEByMQH7BjmMdNvUrveTpbXycEBiaLFb7VYq,16,9
2SU4Qnd3sc9wUR1hdtNsnzBR92miEeq5XX6z7jLBfdfa,10,6
2V6oHwhG6Wxm72uSsXwG5Uami17M58cjHr2AVos51jxT,8,4
2Y4Q4sEPezD2aQ1f5j278Jj7QbCg7mnKZmAdXTVADz5s,8,7
2ccgxuZv5NEngCwWqj6zjwxHWVc8RDwXgMUfUnmpTYHQ,12,9
2eiPqFUAnpBMYvuC86Gvu2jeuun3RD6Eh4jieL8YhiME,7,3
2gFqRzbpnc1CtZhaniuQHm9YzPCRp62ikg6umUjbSUKd,7,7
2gNSGUtJUV46cdqPdqwsL2jTtTCvna3KRjXU1JX2h5TP,6,6
2hiWbf7ChLbiUwAPJeYkNodAQvX6bZSvTF8FCSByFWG9,8,7
2i4uXqSWNVY3gnk5kRYFNNAth79A6aXQDMu9GwDTnbop,17,17
2i9cKDueNnavpE4dC8G78Quk1EZeVqMDP6UE5LcK6Sft,65,3
2ifJ1MAurdLaZQknHCC4Gfmhgh8Mc9XVGzPuZCj8i3Ut,9,3
2mqrindMAjJEQPLhroYWyiYPo5h9iAsahfdd4QtsjwdY,237,138
2nfsM2b4VMAE3FytYcH6gAHmYhzT3jCwMxgpJ81hXQZy,5,4
2v34VHgsJETPs8tXyjM6T8fpBY7mJ1FA8mBfyyKEGDgr,5,5
2vPYViLtu4E3p4xtw62oZNdKMXDgGTaqD2yaACgC6pZh,13,9
2vRhXKm7w5VMhSMHLHKA3Hb6YUneKMDxj68xTPYiwZB9,11,11
2wHHnAmdhFaAAsayWAeqKe3snK3KkbRQkRgLwTtz7iCi,6,6
2wMxguamRU9oTboa2zjnAj6AYZ46aWWNcw5xbbrTgGBq,13,9
2wwEV58i3DUDWGQfet1DKfYNRKF2pYtWxz1ErU2cs6zG,6,6
2y24LB9XNRzgnJ5gVijjVWNtu8hekn3Q22yGyzUrTB7N,6,6
2zoS9xfaftn3JJHodMvrq7HikRKhT5vYXsb95Nq74WXu,37,14
32vUA6dzQt3pzTpTnVupjURmWTkUkPAaKtVVruHyXbWb,13,9
33GtNAQzmdq4jELpHxXYqW3vDy7fux89zevVU4hP7BTX,114,114
35caaJFwzSNaFwFmP1f33wDP9cUFEXTLDsFnjna7kAjs,5,5
35dqGKaadurAZegL6Kn3SHRBfAh6mHU7x5W4P2DYdovT,6,6
36DmBA2q956kwUcnfYnaDRtcKLTims7ZMhTncTAGyo8F,18,18
36fAZPfjmx79Bx5eYKjQKBhWwEVFyGn1QnT16CvtY56x,5,5
37jGtMXeZitM8QZTJkfCThtxFSs3zkW2jyzUp6wwrUwz,13,12
37q8U4U6cU7xGTv2gK4cnXWCjmVXUQt2sr8AvSanFY2v,8,8
39sGuYEBDTRR9p3xW1UFKrrzqYpejsbKQv1LcJxHCUqe,14,14
3B5HpvHBYxV86swWq7A7FSbeZDK6tDLVCvzb12XS4F1p,5,4
3CL5LYQquJ9UMAmX61nDwL7rSaiAA8XbkSeQVXiGMEpr,57,8
3ED7inSJTMQUh8WHNSta5ELkDFdbC3nYpc11vWe4hBCr,12,6
3EmXLdpoTSuwaX4WHTpKVoazQ7KYji2AuJvZGhrQYpy3,7,7
3Esx2X2eUyuzpGHNqps1wqpScn4Y2watAChRH3QwXbtc,11,11
3GKzzYdHJaHT8pwQ1a2SRXQfvSvxC2aqwKL8VnAq2Usd,16,15
3Kx8MpEFVFv9be5GoGijQgqjd9TXJ44tqti3yQCBSkmc,12,10
3MRobEwgjqGJnKQJJrVjURvMZMnhtfi9m3xVqwykMGqF,32,3
3QqFbp6VFTe73y1BYuFgd2TMrTkmHCTffU76Bjmk1Dxh,74,20
3R1QdwYfNcMHG1ShvtbyTnftDvLwCguWEQGgVVmkiyZP,83,13
3REwkSzfYgUMLqFkr4JnBmexBw43Kk6NytzBh8yofQoX,26,3
3Rt78TEEDRvxiRwCnutwrYxz2vXujpiVtvpFzx2VMnsB,8,8
3Sfme9Wt5S3NPzhc7xZpxwByn3EVYUXgkbHXi9im93An,10,9
3SmnSapyT84wx74x5iJyf73UXS16i5nwaaFaLFtKKuxJ,13,6
3TiEqy3kb8tKkzpvtbbsvjrYtHUNeBj4mUaQiUEUVJnG,70,32
3USuyHQVNyppevSmNiamBy8eFcjDJKqLWcCuJ6zJMG5H,180,140
3V9cW1DKhHU7vbjkK5ihgsJeAiSgiXAMbKuAB7Phs27W,41,23
3Vn2DDhGrngX4NpR2yv3zKmMryqs3QVK8YjKtdRgdxxZ,17,17
3ajGGwXj4TgjgdW4hH6ALxGptUevgMb52Dxehu8Dzuxq,805,441
3bTYzG94soZcUPD3qX3JGv6AY5Vp1dhGi9GxorbbzH7s,25,11
3cCjvEQiQAz17VqRtpgpwXAsbBqSXEFgxMFnHi6Jsgcn,8,4
3euLjYU8FgiftydphNAEV6R8U36hborRX4wZ7WYPoZoT,6,6
3evxide444hCyBdTU9LmocpazuMGXt6pSdh8anLvPBac,13,9
3ffu3rp7qiQb7JwDXyESGFfwRsUAviuSpXm3UGDtNi5T,157,74
3i1TeHoAgJ9RhMyZL5JAqvkGHCnZUb6jLLkUq8re3PSV,5,5
3iCdaEBgCTat32BtjhxahMBgYvvRxPP8gf3mTAyjX3ao,16,4
3jR3ibSYUz5rfNJ4zj43kGZ2MyiigsogkY3jBaFPd9Qf,85,8
3jeB8kH1c5TFdU8KKGBq5XyYZ4brySLheL2z1XT71Mws,15,15
3jybgxfW78AtCt77SpFSdgJumgNDAkVufzymCo7zaWxQ,7,7
3k76an7krQNhXdhsUSyWduCW947e2hEPLFro3jCW6EX3,57,30
3kbXdNCVnt2gj62G1Yddrd6DpQSbqPmkj6d4WZtu9FXj,5,5
3n8mDgZdFrqdXHoGs2auF4TYr78aQFzxWFAH3n1AnK3k,5,5
3nDtLwqRK4PJjqSphVyqF33C3MA2iyuMLRH4BTYkC8oC,10,10
3pk5yRhwwFdvDBrBuuC5CRorVafHG2EQmzNEYy8Ny2K6,150,48
3t8xswh1FegH71P3LDWnpxXnS7aaMuFrMQG6AyS8serV,22,22
3uzzH2AJixZnXaS5A1a2Mg4qCW6v2Pd2KtBCoxD1KtLE,23,13
3wn1X6jHR1zSoYz57S7gg2AZGwU8DLZfF1nfXNgVAXDA,67,34
3xn4vG9y1QRxUZEqKyQreQtdsRXs8BfdWoxFnTyoUDgm,7,7
4246ujszPRbE9yfWKfihe6JhbVYRRJJtWf6BNLZeGv97,9,6
42N1jroVGkZpQKLyXVf53EPQKkVoDbis8YVzf21SL87r,5,5
42nY2zqy2NXeBZDFVcTcoufecdBFgpiEjuNA5huALhdq,12,6
42saVvBG6yTWUnhGs9xKhYvceQEKNSKRhJCA61mb94yh,5,5
43reoQjz67rzbUvmVomhVoMVyPKzrFrBs4cn3s4Kb8Kx,29,15
48XqqGHgf53t2ooSAZox99c8egWG54tHX8qwNNrUGFgg,17,17
4BHBSZA96XCaepYLvmteV6wLqKTqJPyfkME941X5PqHP,35,21
4CLLNosavuE3wqWpRHN7RZRcLf1DKeBm9e47gNu7A6Q9,5,5
4EQpdsiQYnoLuSYnqhmZfectShcxVgG8T9CWvjedjVtJ,25,8
4JotQn2ixNrXDncDWGHE9j74FjXiacF47vC3mXDzCEcp,8,4
4Lc8jxSSyiH3KGCTQHnauUWeCzqY2bVa2vvXeq7W2uTf,109,38
4Mws6uBVgxVXNkQKHC4HP2J1Dt9y3SPFE7bUSPtVuedh,12,6
4QQwDdS1Hz3U5WWu1NeN3HjFbtd87tDupVKDhYZZNPsp,22,3
4Qq1VG2eG1YNxcBeW6h2nixfhYPqMn9LJdxAvHwnC5Zs,9,9
4RKKrCZ7hDZumHzah3tB5nyZ43pAikuZ48aLe2QL6nCy,7,7
4SmhoFcRkVU7GMKCT6mFwBFRt9dfzqG41ym2PGMr1dZQ,8,7
4T2v3tnr9soDMfAVxmmTyivcpCFie8oGRAGwZKGWF4xc,5,4
4TYx9ynMFrE58PsXfbpwDFyZdUuJnaoEDQqGZEvTFrXW,18,3
4UPvSdt1ki7x4cwFuNxjhxPCnQ4AXnCSTKLxYV1vXK1t,46,31
4YmLqhFSb4aQ7CoAZ46Ae1Bdj2M6dydmKp8BhqkNvFkw,74,38
4ZstKuZtC8HDGeq6Tvup8MKYNZm52H77uxqzmoXXH6tH,5,5
4fqzYYXhb1vwJZqZGsFismvDnMyoXseEVbqwWXbUbKqE,6,6
4g9nH5KwKGokKW9Qo77WGv3dStA6sVk3CKg3PNc6kYbV,12,12
4hLYHjJ2v5Kob6RJ9Uo8G8xLGJdLe8xg6MUSAnN7v1cv,5,5
4iLWD2MRZC5CWG28WGoEUUoTevXXiHt6ZtvZnYgKfF3o,5,4
4iR48bJeTwBWM7KX38LvsDn1MgEzLeFtjG7taAKXXGbA,6,5
4jFf2G5abUdpQp9pxJhTAFKT1y7EwF5N64xqvZjxMFz2,16,15
4kMK2rUhqYziQbenBMgqfjMWLYQC583ekw6RHrSRrPbs,5,4
4mwKAjYjXHwxqMBxFQFukg3bQDs9yCCXHeiysBhotkuS,13,9
4nuAhCQzXNszJBdGWGT4c75oGFq2fseNUHE7GFAo4Trx,46,37
4oUBd2FJEf5mYHNDMk33UhP8FWPS777mtssczPNqx23L,15,13
4pHWDcqVJuvvEbjDWWvk6iuyhbAo4UWckBCrYdHXTamX,10,4
4pQzoESepUFbCtdpqBMrx6ZU8CKQbkZDY3JQEqxBsSxh,35,17
4ppNMTGYnZv6NYHCWRgSKtLSnCBrTXmWPkSesLxtFTmL,19,11
4rwpcP8VAkL6Hhp3SQtWqYab6hfZhZ5GME8tccU66YaC,5,5
4sPPB4J5HJ3A44d1fGmvUGvRpHE29WY5rXA55XN4VSM2,613,67
4v8inM5GTP8kJTWYhUHiDXQCSF3YfCDSFDqSAp9RY1Ev,34,31
4wBnbpKMpPXcpEUyJJaQfe4dA42bDuP9AVCdifsq96ca,9,9
4wbrLxXe4pwZe1u4g56BcKBN8uWi8xNoqwwN5tktgpVq,42,5
4wxYbLcWEyoiTk9EVET1GckFAvhowTVGVNxjE4sGWoEy,54,49
4x1g8Pj5gbecpoaWnBAXgPxY3UGKDADs3vZ1tbHiwy88,6,6
4xckFYtjMXM978Vsyg5X95mFfVCzu9CgGvUhBEmej1NR,5,3
4yFAz7dp5WwuZs3vbWKedbRiUmSFxTVGCdsLAxfEQrG3,234,130
4z8NksQVKosHL99AJadPw8U21BeoZ3WX7nwdrVyLTBwM,9,9
4zAhesR8L36ULUXY33Ny85R7MWsELENCWkNfr2tJTYfr,20,20
4zJxyv57okjsGjv9Lou9X7kW523SgcneU84PRYjfiLu6,8,3
4zs8iGCAuq8ytYZEjeGi89a32wcqzn2gLNGNHYpU5teR,6,6
54ncKYwmQAiHbJZMAABnvpaMQVkZwZBb5jRBwuFCcApJ,325,272
59Xvaz4ny1mvsEardGoeGpN1f91WECCpkgV3RiMsZ2qF,9,9
5BFuw7KyK5ryyvBwv4uJYwwNMnXPqGJGcf6okqtnhmFJ,153,75
5CDYEbtEsg9wZpmRs5j7P4WXy4FS9AU1EKbqFS8wqTth,25,3
5DC3tMyFSXeujJn9KWnh1MkM8QCgXXm2tDEGpjhcwFck,5,5
5F3W2eN5VpuLLgWTbZszRJGGr8pDakd1g5Nopw7Lme1n,5,5
5FRTP6quEkCHVCZcKfF87QPLoSeX1N8sg4zzez2oEzoz,13,12
5GFE2MWXQe2hZbYtcagBJVADe5c5Hp9iMscFzGJYHCs1,6,4
5JTvwLFy1EPWoSWbVqjp4x9rfg961P9iKV3vsSubDFXd,13,9
5Ldmb4FJEx9ithbQGDkGyCy8nhfcc5F3DQY5QKkvMywa,5,5
5MK4sgCk9rBr7iByepTWmxcZ84cyZ894rsLjy2k9FsJg,5,5
5MPHwR8SXK1e1nPeK3QXd7e8T3sAc5LBdpVRJ6kiLog4,172,145
5QCUkA2N7ST2qoGKvgaRvNDuJUJQqv9NLPoER3E2hDAS,5,5
5RZJ2r7URStBcBRLSTSjinMqzzmrz6UhLafwgXysyi21,13,9
5RwyZ3gduAn72DEwgcQ6XZex8ZnmgnAciBAGkUnoyejQ,5,5
5SEr6HmRQtdCPsmVmqwJf7SU4WLJsDGQKDVjrDegHTAv,10,10
5Sn6B2ypdKwywUcrwridhipWrH9E8fndVeTy5i6YsMeR,22,14
5U3e1oEPWSADLmGxHsudDEpp1mP2kKoBJcdHRCsVEuTy,5,4
5V7y3JsF9dwnGdGKMsfWLewtzEP5zNi82wF1d5KZwXY6,7,4
5XEj4qt6STm1dKvwTiqiuLRYJoMWUey4BqiwDPTuaUVG,8,8
5YDHipThEddE5jr7AcRkcdkUofeiqWBukSwLgZcmFjSP,48,45
5Z6fHszEhagSnZMY3T3mDcViFK5W6hgfztUzZ6Fofazn,5,5
5ZEUmZhKBnN7NTRqC4LgE9uNzB2Yk4XHqtjz8bcZVbRq,153,52
5aXUjhDB8Hws7Gcdu5mY7yDBGtKRHCHnuMvM4LgvWkTj,51,46
5bb5kQKhp4zT3MYuFp7QSpkvJkghfLp6yjQbvTDLK2vy,178,74
5brv79eFZ2rGprXNvqgVJBkBptkkw8GJX1XydJyZLyAr,202,122
5cyVSdxwgnuiNF15Wbpi9L81vyRA31yZvcNwpvdLJzWP,7,7
5dfdtB8FtLNpFPskhBXKpZDDtPQz3mLN4BcWh1ENmtix,5,5
5dnfGFUwHi4hS3cGCBWawVQpwTTdQJJFuN2euPuiJoUb,16,14
5f3LA9VdwSPn9LXxE5vv2vN3coMtxgA2xsHV64ZhcYyn,9,9
5fL9RpMwQzozVeCRAxCicmjUziX9by3ZY2NEdLw1xST3,24,3
5gj8zmLzLA1wWJaDjG5pCzyzkazUBXgvL5Cynb1bnL61,5,5
5gotLN2GVyRcbehP3wor6xbM4EtakktP16W8doY7U9Uk,36,3
5i4NsKiUx6DhKDRXWiWifqiLXVL7MDuRMXVhgU2grZN6,272,37
5jnDRxN67Nm7j5qM9PS6G6ftaGohndQsodDzRxYS44HW,125,49
5m3x84zvFf3mqF12YMbvLraMY8WSaX4sx4hfxM2AxBPw,18,4
5mcj5KxjJqpFGJYrZ81iUwxT73BR9DsYhy7UZbvYS7Ao,6,6
5myVzZRTM2hKxaUvPZuhPgRUms8dXy9gYkA8GcKE7QpC,36,3
5pAewyzzyf3bbD2MEdvEjTHR9AqfL9wWouEA8ft2ggEV,52,15
5sRkPjsLingcqmfR2a6N9vS12LXHcLFMK46gAbK2VaAD,32,25
5v7TQdYjZxSQSWk1YhJfhRs5eiPTQCjtGUD24hEFDAUJ,34,7
5vhnis8z1bKwZwwH6KguW1UoAdc7tiD14JnZJDA2q2FV,9,3
5ztrkLYxfZZFaHfcrvt1ZnxhHuML7XQMBDCT3unzZvYA,5,5
63DCCdnwHAiWDACk8jSATW9swzbms5Ts3R1945TF6jZb,13,13
63HTTdx71mqMjLATNk8GH66KiioD9nLA6PnSFM5AN7xr,5,5
64BKevGHFgkrrJp1RW9hkSLPD9FWtZBSCrXFXTHzR2MH,53,53
67LwNGrukVFFcA1XZQ9U8ddZGCBuPvPHgMxw81AeRtQ7,115,43
67Xa1ZZzYc1bQm3Ss64WtxWpMrugE9HyDrG5YcXxpBo3,10,6
69MwNLEcnBtUVnXzC2jZMvwf7ANAUgmLjJKp8uTg3uxp,7,6
6A2rgq1z8sgH1PWYpP28qcsbFZTC8MRT3smbzQ6jG8M9,14,14
6A3t2LQa7DKYqEcrUb82fqstLrxzhjQwq6XHpBWEgyRK,11,10
6B7EBchYJff7TYpguYHF9zkSanUDmVeLS8xpEVj7e8F8,12,6
6ED9YuJXMRjUCEYWQGbbsy8fXW9ae9WtpDHYGEoKstjV,9,7
6FZ1pFm8EFF1k5TQ8yMA9SeTRAojT7qTPBDLDfUhGUZd,5,4
6FsXTpUTFqFd3d9QdyiMBDgCVueMESaH6JMnYcVCwWvY,34,34
6GandmmivoiPkmT8vuxFrmJDxjjrjEr8m42BrdgaHmu1,5,3
6GofQwh2VPeFtDQebwAWfD1ZB1b7L9oB8UA4UUL7QQ3V,6,6
6J1T22cKBTw11McuSteoEMpFfMfmWgG9NzsKs11mQYGD,6,6
6KD4HbkcRmhgSbT7gs5bBJqWWFmz6pTfmkXC5cANQUov,5,5
6LWSrdCghRVhFiY9a2aHgYyTC1Hn6c9X8SczawdEFkVB,5,5
6LpY8grAUDHmNJsryupMJtTDRx4p1Liyp9duhYzrzZPV,6,4
6PSJr6HhnRxTGj4dkA4fnXQrnB8AWGVS6WZVdVR9SSXq,328,162
6RCvSccf5Zan8UUXP8coyaahvZ5TgNgAH7F7dBXfNtne,153,72
6Rx4dvfRJRWhVEtginQDmpqcMWgodELK9cLtkTud7PDu,7,6
6SmfHvRsBE4v4Nn5DmsobDLSZe6iYqxp5M4oATGAKWxa,5,3
6XwqJYwAzgk8xNXHtg1aV1ytsw5DahGBH2Kn2MYN2Y3V,5,4
6aHFjPc21ZuJZsCZjmhrDZYowcpMRZ63CpTR8T6x9B2v,15,4
6auLBiptiHZbKKcdirsf4ASQKBEJH9Z9aCnihZdYkK2F,7,7
6bLbN7bdYKne2jWGgzdn5nVWsKeZfGUsDNjiiuXvUoif,5,5
6cUt6WMbsT5xh8j59AD2ZzumVszcPMGey9VB7dHvz6En,9,9
6dBhgBNZmnLSJS3m5RuoYkpZuYF2zw88nyLjUM1ab43S,9,9
6fKGtgUw3kfEG3cxEGBN4RrwybvBv35zY49iCjwQfyka,11,11
6gQygzJqN4vMFaA8Tu5XLjqmpc4mxSU11n18tHUUH1JY,9,9
6hciC28ZLzTbsU2vSnj7kx38t5WPA7gsBgcJzeLuvg4J,31,22
6jwUcTn43jjyUZRAQdcDZ73Di646itfs8yF1erPrDD17,20,18
6muqywgWRiqVZ3kZemqbhTDdqF7T7xuaXAz41jtxUyKu,5,5
6pDerVKzyEtqszg28ZWigB5uvmFp5H9MjqtQt1393viM,6,6
6qN1twjdd1pNQ8qtYFns4mWP1ahZ6yFLzCWxYP5A2ZNC,93,77
6twafTvEqyFKMYSDrTNQqgVkxwWxY1KwrGsUHKwWf622,6,3
6wPGMBfvJSp5yLT34iSinXMU7TJ6GYudeYbavr9Ce9rT,57,53
6xPuBpf5by2cANad4r63kAJtyzcRhbuLfKkoQu4Gpgp6,36,25
6xQEq4NW5FvE7nCpmVDWMut2XfKT2RQK4rHLBFonuLA6,15,12
6xsPdb9xTjR4GXqjq7g3ufmoKcPWQERUVVDC6neMvgSc,18,17
6y9xhoMFmTjhBKwv9fMx9SVTBDrHko9HRuLYNKmh3PQr,10,6
6yPwjrMFnKga1BNG82yX3SBCYdYNAYhekjJsiU9kxdzr,7,7
6yRBpeDDba4yASyjmWBLstxv1gYHVsvdHfuBpVpr63N2,5,5
6zcm64VWjiJD5kX2BbUcBQSEN6bAJqKXqwtAjn7JUHM6,10,9
75VMmA95MXtJoQcUfTSCxsuuy4Xn5enjjaNXnE7VzUdj,5,3
76guzzR2Gf1hH752p7bJiwZCm2HRo6gMTt6VAF7HSaT4,11,8
771rpDeqg2hWoUkNycEiWNRC465hoU1Hg2vDYEADcJFX,14,9
77PZzBPrX1FGFRW8ZC45bGA5EE35eaHmX4gDtS4HXLui,5,5
78e9BM4nBbHDrXhoPNa9GZ1DRe6ZVBbem8KEfCyhtWB7,9,9
7BWy2mtHNdnWLMZejk5E5sfDDSQfXsjzjy9jPzeDyYk5,6,3
7DhV6tgrXgbNVtfompEAc56vu3BAz8c9aUe4xKBeUeU5,5,5
7ED3qu6UeAv6EWByMbNJzgZK2oT4uCAtorZppKqxnxyh,46,8
7J6nqT751FMREofS3rjhy1K2oRp7MvmZo1Ybvgh4bpd9,5,5
7LBNPCbeDZ1cBmUaZNxsWNG9jr21xZGzC28kPd6BRTZW,15,15
7Lkg46c9Yg9dAQqTkktU5vfcT8gfS3TdfAtrQ3Figgag,9,9
7NtSf5WssHGVBSnBQWAmJqoGMGL3qasatzjtV2ph3mpB,73,30
7PHeHKY9c6US9CrJxf3MzHDog3KXK2XnJo7CKLhdCmKg,9,8
7PaAk9BEtAk9bppdaMW4BK35qVmHSLvNk1bv99NKyLKV,13,3
7SgHvJYKxwAWyGwR2dz8urRh3cFnZuUU9zABF1Tgtc3D,8,3
7UnaGqtAyzMpoVFPDt8oxuSEkkYpKbTKTpmv5HVLABQU,202,173
7Ut1gh36seBkUiYuPx3rNQbuLE7QLT53YJRo3wsGAZRZ,6,6
7VEhYTqUxyTMfkiT8hqXef5qkEc9tz2NTDM8tsqMT7Jp,116,73
7XZQtVi6pMrhe6NCkYndmxAXqZuagH3savatw9BTJq94,10,4
7Zt6tjdtAnnqPaByK1RgV5hop1AbAkZ8Q4ifJMe9Q7us,125,44
7bU4U4oc9XnwsGVUhxoTiBxgZAgB5jspmktkowRmFCZt,7,7
7bz1diNBaMzE33kyGc9EGDKxQvYWrKZtGmsGGHfBcEDW,23,3
7cayU5GACSogMZyFmwnmksb5BVAFv9jyjUsUcKR8jPGp,14,13
7cp6zxvhxbfS7QgYTB7ts2RqFf7zDYwtjfuHcEHhKLAz,404,138
7dHyciKAyYZ5Tmix2aFjhDQHmpVs83yymxRuD2j5DdGb,7,4
7eMvyTtUjeiRDrLpyRw4XQkbQey3DCvtsrAEDcCPGqB,5,5
7exzuYQezc7XX3JcA74Jy6VxGi1sHptUpiYAEQ3CfBzN,5,5
7gFmYH25fWFnmWTyaT8ReggUNadVfHivNHi3mpf4YT9B,5,5
7j11yHKhxjXetB7Lo1d9So1gBhTbeSXiYvHpBiJVD2ug,11,8
7j4uWuDdZnJFKMwQK4TezBhipVCugdUW3NzCW7CGecvC,13,9
7jNd2md9Xyvefu7sb25KypnYvjBVv1kNoaxvLbGx1Pkq,44,7
7jjEEgTx3xjGMHrykHQmjcWQjzXmZx83SQJWnYwREK5H,51,9
7mPXZQo1fz5b5YEFkoWeV9ThRQri5xJxgYoynQFeUPFE,5,3
7ocMqWx75Ve5YM5Jkmy3vQkMr4mTUUNjvHKNMkMc9NAu,5,5
7p1R5ZmtNK6wKHbGuUjYWojimkAbZF6FQE9Qq338G3va,26,21
7q1u1jG9vjahv7dyoqNYwZKmfpKe7yUjrrxyYaZ6dn9m,8,8
7tE8uD2kCi82dqcDHh1eSsJLE8Eq6zgPo4zRYUR7RZL9,152,23
7vTVG7fBbcV9fGiDJrGzMRCzD3UUVciGpW4dasbDXtYf,11,10
7vUrfaAhjTaJSMGRWoJnq14YcRe36oxHjZKM3QGRGFHV,98,17
7wjxCxRGoq1AMCzW9mipBkDpQqy8PxSNqSWJhw6hWjyk,12,8
82Bo1Mac8UwDaWFRDCGFpFWfbzFK3wvZMuXX3xka3Emd,8,7
84UBp52FJZ5xwD5sGUqddzujNUUUAjNzNtLBfVeLXW84,53,52
85UBEbc8ThHMQzzjGCwzjgou1jnw7zaBx97TyJJn5wsq,13,9
85YwZaQa8SATizDxCwZ8z5EpdpLvy5Ub9zp1a3TkaHrL,11,11
89kumJj3XGDa13sLKAu8qjENhpUUZMXqSHWnaxpuTUAH,8,4
89sirr7Z6eoxuMf3zjTpJJMQWRJPVperGd7EYDUoxFZm,25,4
8Ax4MQ7q7jVD9RhSayXyU8arUhCegPyMNDmRjaLC4iBK,18,18
8BF2EqmsiSPZyNoPcgxFBWNyUpWtAF5TQamu7N63RWdY,30,5
8ByrpLdK6Lp2yUZyEWuN5AYqFM3Ux7mTYpBQY7XLDhJ4,71,47
8DS2pqspcQkTBmnkSqbXHsUH3fvwwJfM1mG9brPpzMDD,30,30
8Esv1cv4ChzgiEKMjUznsyqVhfFeDMcTpDszLJauNRez,11,11
8FEE1jaGnJ8AUfdSPpy9V41pqkjsFJFMaUQEmmGved9p,9,3
8FjjcsTfcmGh51wcpk8hZa4vGxn36FszUkvnPFUB6EAh,7,7
8G93ToDmQssdFt4a2CDPsNGjXt16yNHPrULpMTMUzjLX,12,11
8LJLA3UFQ5HCQpcJrXKn4sBsdRFqWsY76QbCzV86nH1C,11,7
8LdyZr2S8E8x7niCY2m7QpwLA5tjvvFApaMjb9aUbjBs,7,6
8PR6uBxo3iGPz6EgtZLiTkvfGte8QCdYAEnY2m6deNX,11,11
8TYZKqAEayX21K8oa9JUnDqcULAPvRhMAp9oH5Vq45yE,6,6
8UwkiXdvHAuukC5zDt9jxeFtY1oq5rC6e4a9GJ6f9P4u,201,184
8UyCrN6P6R1hDvANsvZZJSX9EwnxzNXyD8YHeuX764P9,9,8
8VMRKpSo8y9tnSww99RN4jPszzzUbVYoso6EdrKCMwzj,479,178
8WGWjkUbja4bv9QA7zAFWFYkMRig2P7Q5aMPfUV1r1kg,11,11
8a8TwrQYQ1wbGJx19Mp1p8WHwM9ZxyABShYQdBZaHVFN,12,12
8dS2pSUipKNuUcoLeWH6m93yUoJKpZHBgXCUR2mfdXah,71,27
8dXPA1G2GtKpXfGc8baEqv5GcZ7z2n7EkwvFhn2PE9oe,7,7
8eMntzBDpLZjk6jxWryhU6AZand54sqRhmv81LHmguvZ,18,14
8fU9dyja3FqNoH2LfGBjo7NUeGhSpYWNzpJfKi2hKVLM,22,4
8gDdYFLJfZepE1UNdUpiFMzAmquwEAHsUdPD9bBCbivF,17,16
8gHCvPKDJaNoA5wG2a1ryzAyurPDEEB5yPzBhThyy879,65,64
8gqs1CV6MKQh6kuarTPqrNSWVv2AAY4T41CfXMkj699M,244,46
8gtgresd5TRUHjov2pgfTV4SUdiVKGUf9Mkeomnaa8b,119,43
8hKZkmfVJxzhQiyAmyiPduNfwPTkBrWUxYgEMVCbaFrf,15,15
8iADbyUtsySJFruYYPmTf5mmXenQAUZCcqPUAfRSSJDT,9,5
8ik9TbDMMm7iXErRA7ohCEGf3X4KjnbBfsJiCCSCFxdX,59,59
8jsPACiiC3x7d8gWN9yUUcvjqhJDpnEcV5BP8wPdD2Eg,179,83
8ki679dZgE8ozmGVKBzBbBqqby5CToRfqzAoKYx49aNX,298,255
8mvrynGre6ifWt1FfUFHxn9hbYKxNHxtemMx51jH3fvb,15,15
8oH3mqcWN5aJ6qB3J86SmJoDCywT7qPPhr5CiUp7ANU7,16,14
8pGzPDgLwyHHj6GXGqLVub4L4wKa8sBUqTRsk2uYWg4y,8,6
8qWGPj7hdhRARJJDuYw6q9hyfUmHriE4XTKqxGTe2Cuj,24,22
8sL8EfMar3qXpGqPgG9LtFVuuSEzf8cZihXvmB36ZNck,7,5
8wUQS91CdfgqWGgeVMjr2KEqqubvXPQzWm63yM9Scr4t,5,5
8xDnxScg2ogm3imjb2Yj3TYX5ZShfL6fgdpRSjq6khh9,90,32
8yiXX1C1Cpp1uk2ScDD5c3GZ4szVQWjjZBR7hgu1qfvd,351,263
936qcSiRUQGx6Bujg2JH9ZGhdfNXZyeiz6s93C3Kw2jA,31,3
93KSYSLoPveaHnpjaYnDcSsjjpfNom9dQpBpw1mM2smR,13,9
97jv9pjCf5D7VUZEyj6XnXBC5JF23Vsagc3bvSF6GRmL,102,63
98kY44KCUaPwieNfiR9LTuwEFtcvu5Hn8BmiRSF2Xtu3,82,25
99kZbsmqacHzCBotcXEc1LXdRdH7jEtCUunUucS2GiWo,8,4
9B92Lzvcoy5s7G21PU8YstqmPb2NPxFPPJX3SbNNZMrQ,53,48
9BrtsbUaYrCU2MWH7ZHk46ZM2VxbUwpboPQ9xtuMTt9Y,5,5
9CjpQ85brjJZoWa2DEeoiY6VCXMfWy4SK4Ma1R3q16iP,17,9
9FCr3x6Xme19bK49XcwUY164PDL4avuApKTEGXMjPVhr,6,6
9HAZfJM4vP33ntgRFkhuD5BrQ5WgyMXdGqatHzTmFkWp,14,8
9Kxxhq31nWSmqDjeXjyD2ziSpKQUGv16b5XzbWi59P3r,39,29
9PGBgLEWnqzfzLwNR4WgaqVsFgZJFpysqJ49MoexKBUW,6,6
9Pcwta7pwpeUk36NtqEQJiFyuVK15xJaagVmuvATihCr,13,9
9PgxaGU673tS1v1qgx3bPqcWBj2HNickzNb4Gkn9Xj32,7,7
9RTqebvxoTKUF8mfk9yjebxt71viqTbFiYCbxsk2QU8B,7,3
9TXULAGabP5pitzji6VCMyTHkbQk1hVUc7Sm3b99E8Pz,5,4
9ThdurJoCCLQ2cQFYsq2Vz7YeGtREVM1m8G3aG5K8Vpq,7,5
9VWudUe3LNgEtyWya2L3qF87YgnY5fFempjzzQNZXuGg,96,38
9VmPgBiqUrH6LqoKjebYokUGSBQNuB4hHVdoeEZzxTWC,33,24
9XMub4LXznNd3cC4btp8NbYkjvPCeChVMPQdmptASbmz,26,22
9YvFxtujPvnKfSSoPgHH4jRdoiLRXzmVWeDp5sBwcKBT,46,19
9ayXUhdFuGcqhCxRpTu7pJN2PJ8ybNFMRPGRt29yFQ4,14,5
9bQ3jGj4QL4N8FmFY5ZNL7FFR9DEH5fuqQZAvdJ85bUa,10,10
9bpPsib3B6KAN2CM6gbrv9HPn7rkLsN4FA5mejCBwKMd,7,6
9dtfRmZSYJAbUzaSPzy2WnWdK3CGPhtZaKdyxJ5waXun,5,5
9hBupdbpT6NDW9TB1BJhGaob8MZfzW13gAp4Hz8mbAZq,22,22
9kyzre4zUxNdD71DqysPGn6KebmHJoqYtd3AzP6MA97a,5,5
9nskm6DJFUNTqiPZBbokefB8vwYLm5hAiMrrcbkbuPvi,8,3
9o4DA9gsrpU6jM3PVvNf3hcZD2hBDwp4krvWNh64Pn6e,5,5
9oFsetWp9esHT9MSx2H9dpCHYWa8ZNUwLdaK34sYf1J,15,13
9pYWRAqFGWSpav6YVztLDNWE6XGsfaiEPVX1D3vfzr2e,6,6
9qUDxWxfMipAXKMVCx1b1BRaCnZ63fHUH5XeK3gP4CL6,7,7
9su3UPQW3txjtKDZAkf2Kdimp5tEb9TM6hnJrGC1U7pY,639,209
9u4UaMy338xxZ7dNDUebcYDqW4sSdK386U2Dy81ujmc5,16,13
9uQHLqh2Xk59cSd15wVNmog41FJKfVY2rGhszG8xxMdi,5,5
9wSn3ogLVbnYUmXbp1t5SiD1ZeH1kKu6GYzAF3Bh7zNt,5,5
9x2hj1qyLJiWFsSAnrpTvp6Qyiuk2JnAWJmEEnhYqb2S,5,4
9x3GX7uj9hTJDtLAhChCYgvovBU7Ety27wFfbr5uT6gn,24,14
9yvsU9hKbm2JLELWvpiRMUmbomiGiuHtu4Sfu2geagvv,18,4
9yxmCNwZcHe63NucU9yvCt7b1ja3jwP9v4T3yFMkQ1Z9,5,5
9yzDcVC569tYadQqmuNPGNNa3ZmHA6AY7tdgWnSEvDbi,32,30
9zyhvwNXNVJxtyfjeJ7KLwEmsZ8kHremH78YEPZojtXR,10,10
A2sQy7MNmxMJLMEQj96AxzEZXxWZ5LCi5TW1ggnsKRYE,136,55
A4iZJoiy98ThH7pX9qnUJdNvHq37aJc6KjHXxybkqzTo,5,3
A4oAJEkmB4ZvUjrjXZ3gC6f69Q93a1r8DMQH2GKtRfYM,5,5
A7RDtenZGWEodjcRbJ3WmWHugFRMM4vf1zAocE2Rf3kq,7,7
A872KZDXK8PSNBAqHwDyY3xBfdV5YHHzCU1icWvBA5mM,7,3
ABcugirBfWQF9pUnNpsYxttkADiE7RFrKqeGZR2G6XyB,102,102
ADkquSiH1zS6LmGoJxzwE6x44gpE6S3KWLALqNc3sTDs,147,66
AEG7D3AME5rgASMywq63AhhprG3BvmvjAesvkWWwS6gr,10,5
AKAGwqQ5bnAEaU6kc9hUgHcf2yyHosCVedYrFKA3qQsn,15,5
AKAvCQYFeaSFv6vFCztAkVt6TWtcRyz48EW4efjtKMyN,67,31
AKRbJrBCrsnXnn15jcLsp2A3A69BbhrqrEZCo9i2gvag,12,7
AKoDRxqGhN8fFgcrKrSxu64S3VTLi7RUnyuyoQXq4QC3,7,3
ALdJgL529UEDi3ANvMthHbXof5MJdRpYjUZsoHDzFste,68,63
ALuBqfXy5ptrd9RwTMLaQEYSLV8Pex1ytkAqtY9xjzEe,18,13
AM31hX1ZqBwfJA7otZa2fUPLVCTLPRtWhDGWrbSuSeSE,6,3
AN29V6yW1aojdX5rgoAxm7e1kSmv6Lm9wgbJ7Je38VGg,44,8
APPF3FAXwJFbtaaeXdrWLUWJcrztqFFJPHAPqyQTA2TN,11,10
APqWaMSWfPfVpBpJpigJM8uAB2ajk9zapHE4xBPxet1o,15,15
ARD4VTksAAX14zawq9CAVkqtaYKKeVTByLiLm1VMzTTp,49,34
ARPjFsgWrWcDPhQtxw8dn7jXQNRdcJMwsUUso54YG49u,6,6
AUPmd7ZHxAeoApin8JAbec5U2iXEHjc9MhSUrdm9KJHT,18,17
AWrTFnoSjCbJ4KhTzCQsjHwWrCt8jhXNKQubjdT1ENWw,15,15
AXK7nSEeikjmW3vWmSNy6VkRTLXvTXHYeMYrKCqLW4FC,11,11
AXYAkrKE9AArA5B8ckLYsrVpsiS3vniYJ3LkmnX3D4ft,8,7
AXcP54ZUN1gL7J685vNonC75po3c9de8ZgxCyGreMf26,29,15
AXf34mxbJEX8xXcRdAFA8sJ5Zj9LPr5A3XbUDggFzgjy,6,6
AXs8ZSfNMRPTsghuiSH6vUT3oKfCNPvxCxibdi7S3XQJ,44,40
Aa4BnkZy33wPYHX6zE48M7q8us6zaaCh2v6L6eMfqfQr,11,10
AfPWFykWPZZxU2CyF6BcPoY2v8VEkmYS7ZggvELK7Pv1,12,12
AfU71dLwZ91BWFzzdHa8R4d4BjrNgmNiAyEYCgX4tS6d,53,7
AfbU9uQCvHRyrgjZmEPerNTa9akf2NnRhjNQ1toZz4Yf,8,8
AgNaa6DLja2Nc5KEu3oEJ9Aan7shFFDB96fg6N7unxWS,133,78
AiLwAtCzPnQh6GnJ1UiMi9vqNniV3QyTM4rueKYNjPwN,7,6
AmXPwz2satYibBVoN7V8kweEYhcmqnMTuhwvu9DPoUB5,6,6
AmoTosp6DmCpdnbfi2vfewi6xiZVPnihBmg3ETcKMUnh,16,16
AnKQnTNEGJYLWsY7VhyjqLEkqteGimPhf5WaqJ8Y3jLQ,17,17
Anubis512ho5t7S6LNSwoxUWdeQmX2kf3RvZ8ApHHF5w,1781,478
Ao3xR4yVJBWD1XAoR1iKUWhzUrpwPtPxtgopnfKBWzbk,181,176
Ao6FtvBGdXhFALb5EVZFkMJJYsuBruKhZYbKK7SiHsN8,34,7
AoNLn25g2N4k8d2vA7S8FkZqAyd6vPNGcLzZik8mDEKZ,6,6
ApcNyZyNF7wDUXs1Xr4jgPwZynKzkihYT2nEZcrDFj4a,49,12
AqmyUaCa2riiZGXyzpPfuFffGLTXZUUMdjxa5Kfna4Zj,216,182
AtAashb7wm7yJRpoHq4pJ97U6gJdiMsbhEJNZ4p6LjxM,17,4
AvvvMpRMWQkK43APpWVbiGB9eTd1p8sz7SDRZ6qYPAME,10,7
Awav6MH3omwY1jemQeu9t8oD5LyZxCxnUXK9KuqZAjmK,6,6
AxZeRLfNgyuYMqiuhcjrqJC4pXS7FEsNeEpiM3eVdyrr,56,14
B1n7zLz43rcemGY4foJgtzMK3ZtqwP3EmnsdLKbKbwKU,6,3
B3isqetPmfp2gzsHpmma1iAsuKdbrgF6LJBudyQzKkge,5,5
B4Gj2Kq66VFN1PDZvdQSpzYLfv8My8ch3erG73h94cTy,9,9
B5urEYHmQLPFmXYoirEWU1cdGf7Sj64wtartUX33XSeY,10,4
B6Cx11dDqEu7itvMDZku8N81UDTBhkcWUsmAiTE3fFjo,5,5
B8ufPsXUPWFskFKoPZgxap92dxqA7pNgeCXXAkdjWaSf,8,6
BDuAJGTuPcUgfxWyKJVrWPASRyVTT8iTEc3j6xXPt1My,179,69
BFUszSuQbXG5udXAT8o4S7PuC1E2U9FJ4h47YaWxvK91,6,6
BFuWy3u9kXB4bbRyyjwFh2zDp8RsQrUf2JWYpFTWKiBz,29,5
BJ8iVFyqYCDvVqBpiGMEgawhzPxSsAuGEA8hB64ChvA3,51,15
BKcR3doHcPYV4x6WRgQQnxwwyayK6mvWiiMok2gxJX4,5,5
BLACKBTXf2jJDLcCT7n87FAjJfpP9TrUFELLWg4cmCLX,127,90
BLAMEEhCJyRuChcs6p6ckex6MKUNmLLmtfC6vteCddEg,130,61
BLKa4pW1qnopKT3WmjAQ22J58KXZ8UXAx4aXVPG8iFUw,5,3
BMGTLRLQRQrfr95vUJSZ4r2rr6jJFxN2huM21oSpxpNP,10,4
BMdHVpiwAYSLGwbCQys51ciUiXnyfUQStCinHvE2C16M,17,17
BNWhEEeXKThJjwXBVpYJ1FeWiWqxMkBLE9NE8ebLvHFT,20,18
BPMsN5p7e5m8h8s3HR2ipbWApcXzyMGwXGVzd9hFGhbZ,5,5
BQ3WRLzZrpXq7KKN6xxZL14KNd8tTCTAnDTng3YngrQi,5,4
BSsADNuNxP92XU1LeYxNFVspNozoZZ13juuocraMhdQA,9,9
BUVzaf2deA4WPXTfhMxFsGRzbnJ8SpDfDKF2yhpvezpc,338,243
BUWTNguEcTta3GZEchzHwEiXfeALkbHMxGB7ouhm8ug2,5,5
BVmv2JfCyRsPhPJbvga1bZeCGUKCqNpUL9jjznf6CGbC,11,5
BW8V45HSEEZXHDsyaYC4oaWmTpy7f64XtEpPunatsbE,5,5
BWJxBMRtqqHhGtJmtUo7whFW2TBd9LPqxWDy6tJdSo8u,227,80
BWyitN65XuKvDszwBQTnfAVaZ1DTtHtMoJnpQ8UGqRm3,24,22
BXZrMq2L11YsnH97GoVcSrLSwUr2nWWKh4CYiWqKbFcc,16,6
BYSwH2p57E347gd5hwTi5MusMyuLGeb7DbDmjDY9Dx4f,8,3
BYw9jZmgRf47euyNzj66kqkU3qPnAFcNmVWqZuvi2tYq,17,9
BZdkq9meFvdf7y3z4QVJkLSednBoVmW1prCdYkWZzy4Y,10,5
BaDHf2Dx8UscRhT3jsKYo7zDtgJKnYJki6nWAwGViyie,23,13
Bd1jeni8ZCFmgHF1ECkDdV3238ti6tiArtT4nfNCEQ8W,6,6
BfBfoCBvfJgKwEH6XGStqftMrdGzYWfZZa13XRh33K5E,9,8
BfbXv8d7wk3YmTUZqvdVB6AdESnGQuiNrF2ZjS4Aougu,5,5
Bho6CYKWUwU9cW7coLPp9uFWTzpfoRpWFPntYFLwJS3i,20,18
BhoAwD9opZTgu6EnegF6udotKNETXERVkm49TPgN7Sg3,82,63
BoduAmZsXFZZMPXWC53uJJACJENzNt2HtZGbQtQhMWfE,6,6
BqZhB4zQCFbiajHeyxDqSF5ER2D1pzeo2VGjVjFoGKMo,7,5
BtpCny21tdKQghYxkcqo3Enok2ahSwJzhQMfcbsJPUv2,5,5
BuoMsaN2G81GbfUfYRTJ3geHH7MfEcMz2AUcWp1FZfGn,6,4
C2wgkq4Ls1xoAMhCLjbujpfEER9ystRmvd4kxwGXwY5E,5,4
C5EMTGGE87SqLyuvhShLDMj2jUBwqBLJAZF6ybK8Jyqw,765,174
C7TiRFnMJdiHYeTuKxwXzZAPLBtCqSswmsoXFX5BdAwf,5,4
C9b9Con7fLnW8Ci16enJMMkREBuEows93VEppXc9p4E1,11,11
CDNEEjR66HN9YtG2DLPXzSvKikRUhTcW5eEhVKWBhskp,15,15
CDZZmNzko4Ha1XFv7rdRtkL33cajVvzoDXbYpj9KeKLA,31,22
CHvXJQuQQYathBFEHcDJYx4JqtA9tiQr6taTSyhfiLFY,32,26
CJBRLNdjMd6TcsLUpdWxgyFNJfJP7PCABDjtEsGTaceS,8,4
CJBZKAFocCLYT8mKRmWHj95Dk7mCyDMXWZ5y9xfUFEYF,48,33
CLRWBQYGrY1A85NijkFvpwMA39n6QRsCbGjNmsmKwP3d,6,4
CLnDSqHvmFrtmNoij8pxKyWPwNsUi7v81AnLLcnGLMh6,55,13
CNPuWbEcopVe84DxJP4dNLk11MEAESBiH1rieK9CtAeK,6,4
CNVLBRmnGRu4P8nttEesiUCUzgPTpsBvGb5LKbAducUS,5,4
CPRK3wwrsMFKEsCtDCFFGMyBEfjMq82x93ULc2oqEz2K,53,7
CQKDekaovuJg2VGBY7nfojF3wZBr9eGSU2cXkgNSD9Rn,81,17
CQje7wG2YgAxkAYvtzRb2yMz3o6ynKvge9pfvk2uvgRj,54,49
CR7atYruEefK39VysMCSZi5pNfFcMh9WNRpsJwzbJHYE,10,7
CRPrgdBTFqeEUCnm7ifLfLu22YK1bhVRMexBVnAVsC37,122,61
CRe8B9xFxw4VAjddnH6p4HfKpdQj1Wageyv9AcP1J39K,830,461
CRmMaFHpXGh7FbPWf9c5YCEaqMKhDMiWrU8s96MW56tC,20,18
CSjUm5kKPtu5XHJn6hB1nNSNW4dPhrJjmXCTani7CSp,152,121
CTuMVmPJJ1SVtUiWJ9bRqdZHCBdgKh4HNQg9os2r29QU,36,3
CXNdivY9QX4jJHFuYEsEWQ7qtFeSbkWwWaSh4RX5QJpb,23,14
CY8yBsNAzy4iBjZrSA8pkDuaFQm61TThSp9WmSbJxAjn,8,6
CYHzhbYFfuHcAq2FNCVyzCqHDCPCsV2zMExXgTAqppZ6,6,3
CYdeuLDoHrijdAs2HLW5Bd6SrtJ9G4ExE3UddyszHwgA,14,7
CaD6VmmrkGMBiVaD7LRTZZq9XhsMQ3cfTj534Kge75ur,35,4
CamD74SSRJ28LUaw18wPqvfoCpU69KNuFGF2Uwmu9WHQ,7,7
Cc6hhDsGiLkeXHwynnuV9wBbREuy7WmhXRrG24i4hR9v,6,3
CeTA6vKQMTdCPUmM2dTAdzQmRDSzCRCyH78334CUs151,115,115
CeUX9nfUrXfSs42CLL7UuCx9xdFTBZvZsS8zdymUaLnY,135,52
CewD2aYwYix6kMTh6dQ56XF6fXknSdGNMAQkEABDR3LR,70,36
CfPHn2rGWoHQvpep71FZcwH1NsnHjLdYrq3VqeEQsZu8,5,3
ChHLuMTdwcv2oUKfoWzxotDs9q6881xnR8uGwUAqBQVE,13,12
CkLT4ADywSJkXPhwjfnQSd2ujWv8eb5FLKxN1FejvELr,15,14
Cka1GKBa4Wnvih3zigNJF9uQ5CbYwCYdn4m3SHHkJgdp,89,30
CqHAAwRg4yfGFy4Qp8WC1wUPCxxYYDAAm4LaBsD5BhHU,19,19
CuHaGp52zapkjpDCCTwhFmFzwJjQhbTzms7uQ4ipcLCf,9,9
Cv4iKTEkmjBcSTURuU2pXDca3JMcYH9EJw5DAstcqyy7,48,4
CvigqGTgZ837hMSG6vSgE2NnBQEeEXdKQ2p5p4tn4Y8Z,15,15
CwTKJQCrNJNAyq5EEHWd9B4BZAPQL5Qzbr8H7KrM2si8,6,5
D2YcEC36aA2tuyYPjCC7UTzpZdWn5mcNyrMKJK2xKxSF,19,5
D3rEicyBHY31ZvH5SGEV6E8Z2nAexTJgPL6wRBXRD1f9,18,7
D453mGgBoR19uqtj2DTFJi6unu928E71vNpFAhg3aeZh,35,15
D4oQJgUyD17DYBVpT1SEDvytZXiVXEisnqMUDX1AFBKL,8,5
D78LxK91sH8kVhr8NN7SvtbiXV7jf8JEFMeX9zvRgmGB,25,3
D8otN5fvJxSa4uYZSVyD8mcKNbvygBuDUx6V14KLry5U,11,9
D98UXvGDk5HWpUzeDg7TLw6LvRTUtZth8E9KXG3hNnRN,38,4
DBGW3S7rW7e7spZdzFLsAaH2JsCXRtBSaEEcUwWD186Z,5,5
DBKoazoqyFi4DcG5CTQkm1YHrK5uNnka9HkHg7zhDjL9,10,6
DDKcAWvT5Saz7oJN5ReRcZyiFREDx7gFUi2B27pn6vzU,6,5
DDL6Zsb1UPYSaWU6SBn8HbAoGnDpNwpJKNWsdrequhhx,6,6
DDS55R3teqBit4jkUxoEe21g2U5YcaKwRokNHEEb6mEn,54,49
DEZ3DS2mAQnN3y2piq9fNLuBdGc9gkAibQwMLS6s3Gh,18,3
DF9MXmawYzbqskNxL1wTSYRcG2Gv25pqvVxVKD4kvkM4,8,8
DFBNPLYXUWn7nAKAwy4sDwYezYNfpoe9XVViizcNCJAu,5,5
DFZeyVwiqw9zVYFngDPnUk9Cw7jwhp3dSkaAGTb1wBfH,5,5
DGgXEAg6iXP6LCogbPB1MeYu3o1xeDhanbxb8AszTqcv,15,7
DHmU2GWGyBDG9bW1ZYNidFz6xEfmwZvRbE5KbYkXiRDb,36,23
DLaoc1x5eWmBRe267Jc7fCJUMCV4W6VC8ep7piWdRPiA,14,3
DNg7TMbfs9kQ39arxKuYFDEmYJ7yv3A2cEPF4kpRWLGN,15,9
DPAgZnsCwe5gbrPMZtjRUhbUe5pr7r39vWdsqBEt2KjX,11,11
DPPJb5Ad4aiBxUSfiUKGVd5hq32RZpwVW5jeSEq5werZ,98,12
DQ6j2cDxxtkrfn57Rd6t683xnLCneLpNnbSgXpoaJJJ2,244,77
DQApNebkK5wCmy92T5c4Z9NePWjP7dC4avpLMzuxadxR,1399,808
DQK5fCgjhnzx5ocXhwF2X53vjVvZ7LcpYvonStdPNuBn,43,17
DSNg4Nev8Si6f4X7ofENMvVBMCHCXT58XKvmfmDjkF33,8,8
DSmkz9ztNRJGjqWMB3zmxR6bTg1y42AvSZciWj3f74Ut,173,66
DTFwKseuQUrJdwYtANv95Psteik9uz61X9TyNTUwBFJu,26,3
DTbMwEZ6xfouMAbog188p6FGAk2k9LzJgY3Rd4i5MBRX,10,10
DTkHfTbXhZXmDhy9vebdGVgAEjPGKwCBpGUdn3qPRGLv,5,3
DVHGWAGyoe9o3svCvpwJqEV4BYzzDSyMLayePXcw66U3,5,5
DW5n6MMxFxV4LLSXGpNnSxuVxis1ExwiH3dfdq9hu5YG,13,3
DWY3rAaWoXEccuHNh5Mn72nszwB5uznyqacL2eATBa4w,16,12
DWsAt4B2zVhTfA9ebcD38JX4vPBCW61taqmXMy4iE4DB,5,5
DYiNbboxmb1zprFyQoCar8UguVgQKHvAAYi3e1SF16zx,12,8
DZjnMSM7S8XRJM8V4aWnaFGBYPPsvERFPcgux8HiJt5h,7,7
DbF5DojVT7BcqPAatxC6AbPrAuPY8F6qeB5zBELLsgKE,10,10
DbG7RyLFBWXpEWgfKUA8qByvBZEZ3chqGh9TLkpjpF3b,7,6
DbktSm9qrDbBRW9t5nnGqs8pwp8GY1y72W4Edzhbye8h,10,7
DcUeWYxLvvCFHTDMXQt2KNYD17jWdZSBc2kMhEajLcfT,8,8
Dcb5CUNryWaCExFxByzHHiyi4Wtrdnfvfb3px8tsPhrA,20,18
DeNwH63Xgj3a4bXXHw79BiL5iBUNBQVaRYeLHQTQxL7z,38,38
DeuhdKkos8CpJY16funo1FpLMJJGmRF9gwThh1p51R3y,8,8
DfhZKKx38e8DPgytHKShQhtmH8RW92FkuCbhJZekeXXD,7,7
Di3ZNksaSTJEgFNdoWdWkzJQThVtxicX1rfdvqoKfeVv,12,12
DiMywesed65JrhqqUkvetWRRB3rdBMJzSHaT3MUqwPeC,83,83
DjHaHc2VKziGN8Rn9Z2FZ78K3GemV5rc6obNZwuVPuTc,5,4
DjxCd4R69pTzLm2sMwZKwxWZznEGWkv1Aykm74N6KYNe,17,15
DkjBeKvadAtE3d8ZBvhp1AhmqBdzTM6URUUXgKKjGeQQ,7,4
Dn2GsPEpq1XpjbTfzcaH6v84LcoNsNy2KWh8igd4zMpJ,9,3
DnJhpdPAF5UKr3XuewhV2z1qdPGx2JYAer38FDALK3HB,18,16
DnZZRb65wFvHv6tBMLCJoTZDnKJjBpK1ai1tAsQ8TVjy,12,11
DpBUrt6HsNvdPXV7eXGvfDZsUD9QLQZvYdno52YqtffV,242,77
DsGJkPzFEQZuwy7JjZzPcJEyEfdC6StV7rarXG4ftRSA,276,276
Dt9Picnoto7iNHZ8iMMpF1WmVtc5FKbuoB7LoPddHsxq,47,16
DtmbWwNCSakUQ1k1vcBn2FwbgupWxrcQ1qRKthM1rn12,27,5
DvgGZQbaPV6wT4u8w8g4A4GmsCL7gKpxCv8G6bgNX8wd,1875,841
DxhpC9c4kGkYJR34xUrfFeDx9vwb6yoHUMWrTCZybwtH,139,99
DzrWjRYsPMAodASSSNAe1AYgF7mqmJkcbCvCNAGWhjUG,11,11
E4EzXdwf7NNdqM2XGswWaWHfxgucVCo24PTCcrimTKBz,417,208
E4HuTXcsEFiRNbGyGNK7AYJUXNU9CpiWPtqVJY3mE2uc,5,4
E6pqEwqrdvNXiTWtiGFd2BQ6eUa6Hw2aTsu3De7LdTzy,53,7
E722VPTzBKpqJQ4yKTuFYCZcQZi1MzwDQPau8CBK7bDy,5,4
E7BNNLkvx6bp1HR91fjURgGoVhM6FzLT4tETDdkTAMnX,5,5
E7HHZ1Xk823maSB6Ctfm4fqxdUssmknt64uKZ9d9378C,5,5
EBfwKmEiWqng5jB9NP33N8ihy42Np7q554pJ2UrNq15a,83,35
EC9363QQmnRgL11STYnPFgtUFa82sVWnfTZHhftspHGd,10,9
ECD73H5eyL5nc7kqDtjVUQUbsryfGZTbmxs9NyeVsDi8,10,10
EDgLNkpvRP7wpZKJbLqi2GHcHyJiNaQoLFF1Y2TsFbX8,10,4
EEHcVr9tk4wU58ctyKkDbmRhRv9aH4S1RH41TEB3zsA5,5,4
EEN4djhuxWEEeay7AwbEAUWPtZUzQm8nSWeW1bhZhhBZ,242,242
EHWi46zm3B4Ewsoy78GkcTrdgiqccc9Fjeq4kjvzi6Lc,19,19
EKdjXqp7EGVgeo86afLFiBv7CKiAodAUnJnyo6PcgUpb,247,25
ENAwWEoHyh2BbiNcY6BJN4voPMw8i3J75LTUECRq3Dy1,9,9
ENo9AywpD6SX9kp16C4DToPxmiwNYL4s5x3EJTXR2qX2,8,4
EPfWXnXUvKSvLQWTzcq2FkGvKyxyNMzQ8qAvPFyzuW46,5,5
EQ5WSWiean8KrS5Z1mpsoyRwViESb9RVA6F1AdtP4Y8D,17,12
ET2J6MpTzDjBRcUuzFwjsUcBrHFRN8DwfPCxnHAVf8LH,6,6
ETfaLHZFsXAKAxTu6ZnHusqzSmgzdDTquJj5QKH3MdTw,26,3
ETwFDcuXBv38wD9AVTgP5quZkmkrmrHrJUJF4FGCssRi,114,113
EUukvcYYyyhujmdBBpzKEjHSfjpahjNP5W3rNtgMrncK,16,3
EZTA2m3SSYBcZZkn6C8nC5pHLQi7r9LAFkAgK3KBfTMq,6,6
EausdvqXqyg6HKcbAsCqQojpgsBJw9iKFtMN9SxPQVeH,5,3
Ecwzx5QjW6zzycpEgDZWehYn738bHsaCJAA73WaZCJwp,23,23
EeT4WgeJqAp4NrVREiwJ4v6SGikcGCwhxpbtFSsCxS4M,48,33
Eec14ZTZMXnPhd3A84SCJECMQ8wTKuib7AJ4Qge29VQe,29,3
Eeg5a3hKMZX8CYhHnwY6dVqK6PNxjVeuKtjK47PuZQvb,31,31
Eex389GheEPsL2w3YmHgArZ2LKNwenrYyF6TJ9mh3kj2,8,6
EfQ4CtqjXEVSuPGhD2M1xNbwpx5ATZZ8aRrQM6GTLrgn,6,5
EgBRgL9Sf2XgpWvmhj8T5BaDXZwR9CRr4RBCivQVCpRG,7,7
Egttm5FNyDytUzuPPgQQH2osPnHfgFfzMdYsXPsc9Jip,5,5
EgyuK4xukrRS5NmaZSyRQCSGm8HUfQB8JSxZXnuZLHJw,11,11
EiCCf895VA84gkhnKah8RjYzVA7uuaZYYfvRNVJim9m6,14,12
EjC4myWZbW7V1cRQrb7PYU5DHqPCQ62cGhECFp3f6oSM,7,3
Ek5FQxXfqNefNghCkrAoB1H3JCkbsUEtBpdgPzv8impv,17,3
EnhUzg5EbaNxaPxNJVcH92Nt58oMhC9E2UF6xStFztTa,7,5
EoaqkPq334woBcroVBu3WcDwi5tYvmYMH8YtFskLUUVe,14,12
EosxW2w3xXkdVuDZDQxR6DLnX3XTojXT9U8PNm1EZ5CV,9,9
EpU3VZyijL9QSJYTRY1W9XLFpHvZ5ZXoghgY7wo7kQr4,8,7
Epij2QYgr9xpwaLoMwaNBvLbpgbmc1JrfHTLxHJ3Y62C,15,15
Er8QZzDtFgG9uXPd3dxUko1QFFPxJ6n4dJiEwPUh1pRJ,15,14
ErCjTFZXhCtS3QYHaeq8ZxfCjdXB7RfdvSjDXWnTZcZ6,178,50
ErDTUHMKWmNJz2wuockcgLrXUgvQKPXpzwNrFrnPVgu2,18,16
EvkCVLQbgAcbuzMgoFbacwp6zTqFwYakbwAe1t7LKZ6Y,9,3
EwAWgtCHQzgNPCLTwbUhK9v4S48n22EByHLS4VrHgw3E,9,8
EwLZXBUbT41eafShZxBnd9kXRSsmCEf6qiuBRzXQv1Ei,60,53
ExLao2MoBk6AMjECFaB7bKwWPZW4WUz7M34MwW72G8Jb,131,39
F28UMnT1hFYZ3jX2js3rcGEGhQjyHKtxfMg7NzsZMDaz,14,12
F2sA3ukUesafdycdoFbj3ZysfDU9SAeFq4TuYezC6Q2W,5,5
F43VdBwchf3YD4rCt3DthyGvhRFc8b3gdUXipYZvRWEL,7,3
F5CjwQY34Xv6aDiNaaaH4mR5NtNnKA7a4aHKM9pwVrWA,6,5
F5WG6Lqu39LScsZjjY44GvqJ1AU99DRpTtyjTuC2S94j,12,11
F62DyaST6hZPRcDja8Lmqh1XpryTm5nHrKuHmNq98bao,11,11
F6y6K3UKUaFrpABcYwU7yoWGaj3eJbLtiXQ4wCLn4diy,6,5
F7GVQWtydGhPFWMf843o84kAdd3AuLbyG7uFkq3d4Dhk,11,11
FBvxneTq8dY7WKxj924CseuveWzDL5tN9JuSW3S9nJkN,84,70
FEH8obXfhHzxXpx4kvSMgrbH8Kjg49rQd5CM8XhqF6jE,5,5
FEZ7FbH71TS57o2xgFkoD7nFPCqNUsHWyYJoD57KWmZC,10,7
FG2SBztwJ43UPT5G2on86xEY2qnP9fAQVfe8GdqjLXkt,5,5
FGsyShsp3LMAPxvnSTjTQdrR9dGWpNDJbq433QWQ3TTm,5,4
FJujLeUQopGmY19kPP2mGVPuizGqQu83hgezeVo9AdQJ,64,10
FMftf5KTGDHua5i7yw9qdGMoSUDzdurQNrDno22ZXGXx,50,3
FPvBTiKnueUF55fAWb9CJCfMgp4EddLmz19sDTRGHPRM,36,13
FR9jE2HLjXNMWKs21CGqPWeJL5u7HExSnJ2ZAv2q92Cf,6,6
FT97gPzpPqbNw1snc1jK5j2s7oSoTur9HdfDRpdoDGt,29,19
FUNUFW9ebQgZxWY6B6CzcPDKp8AxMmbyHQWVBjJZzPn,10,10
FUtz46NFsyfk7fgeoxPFTRk6m6i8YDtJsFtFvHpTM18C,5,5
FWx6t8BZwept4eUymju98wvVS9oxBu9jYbcpFVX1sMZ,5,5
FXfZmRP9LnSRkJ2Ap6za1Ugn73gSoL8fuLfCCqPZEQCw,11,10
FXwF4aLiJBU8aE1MQmumaee6YctyhY3soVTrskE2ZvHG,138,133
FYfSEsc5DxwKH2LbxNpWE9KiGvajN8bYVHSe1mk4oSDy,8,4
FYio2FwqHXdp7Cpivh8qA614iiiBfc9DwqptpMGf5D1m,5,5
FZZ7KYYfpkNbfXukeeme7ATgP5V3yocpjLtCvQ2WzKA2,104,27
FZc9sLD97vTK5Q1E3TcaP6n8gDbjnNmzMNU3goR4z4So,6,6
FaVx2mNoF8JnceueE1brj4W44a6EBPWpSVbLmJPw4LYx,71,32
FbRt9AYuQvk1VXPmB4tRgnr1rSEbVPK7hWBEjpkkRGFv,83,31
Fcv8jaq61b5UYTt2pPTXQWevLTDmG4L7ejHDHRPENFjw,56,13
FdNuGCQb6Ciu9ju3M4JCNzGRYa9jyhJSMGRJG5n1oxc6,5,5
FdmL8QQgreTxTSUvMVTJNuy94KmSx9YWSh919tyUFRyy,5,4
FdxPHoBRzHiYQ1aSeLoKcG4byL3Yh5vtdQ3bia5gjFz7,50,4
FhM9DCFdw5xGMhft97E5U5io6Dm4BYit88Yw8KKxv2s7,7,7
FhVF1FCksHvLFLmfP9nqvrMgnsdGT2GPLR6NGBe9F45U,30,3
FhwNvd5L2yfzPop3CwSbdnu9vzWfbKbfPxNSHLrcc6ZK,22,3
FiFawHqxeTVBhv6YbqbLwDVuvokRpPUM1bNwAyxhGc6W,367,277
FjJiYpUcEYZ3XHWQD2Q9atydmuFhZRQwC3wZQxfRLgAf,11,11
FmgdhcoX9UxLGTTSVAyjmx1sgE2nBGx8woXs82662Q1a,5,5
Fps6iT2aEaAiqGXTCBYvsvxXRmgyo1DRdJytneWN3KPU,56,14
FtTWnrFen7fPCLj3KYVYnfJpthjpeye1hyaQRSJFt8pU,27,13
FzNkahAzetYoL9NqYgPzcy8f46WfY91Ydt4ft1RxP5CG,5,5
G5nCYLPwpDa1Bvt5D5h6Bi4dzAujCRphEjm94hoYf6ST,8,5
G6vW2xho9F3o5vHg3tt5Fx3SgTDMpRzXssfmx85Aqwr,19,17
G7LeHpVracJfz91ZvwLmiQKonvsd8sz1LUP7qd9yLVbT,5,5
G8JrssqNMps3aRWbb6SVUSA9XTVMCcm4uYnAe47iHKNX,109,109
G9GRbSsy99s5gtjSTSnaPiTsv48WrDR4tKrSbnKEQ3a7,13,9
G9hX58aiqBVTZqvWSgBRv44kr5WKLyuRGKaiSE4LMUwP,25,10
GBGqpmhH4b533s11w5WxGSimLepCYXkUzb6C2XB7TJ9D,8,6
GCjDQKGjjf9tBwvCTXfoh8xpiBmFJivUYuQ8ap5eM8T7,96,88
GDQeTnqkyeLyRSjWaeFY5HsxaWoQmmXFc1N6wyuuHiQD,85,43
GEriBpDHwbJDkEj3N9Ud1SiWndrUMP4PrcYrBn9AYHmF,35,30
GHkkhM53KChp6gczbtYRgRKspvWoVJk6jPZVSrvrSaBZ,10,4
GKdLsTXSYAAhDt8iQ4GayPXcTopX7XTAjDFgAUJx6NFc,5,5
GPTiXW9j9yqRm7zThp7JzSBJjaQFHjJgMRgxQococcTo,8,8
GPwviunMhPpTKLG74ybgf5bmYNSV9DFajcc36JjDvhe1,5,5
GRBksQBUocuyD7qs8E9FBVSaPqu3F8CNxqATqCaPYfmv,23,13
GRYcjRY9epDCnHoH36H5aDPmF985GjCqPbtZA8zdVEB4,15,15
GRevWsvJCmmZ6cF6GdAkpKNW6TCLm5MBKyBc3XtUeMmB,777,296
GRq85dYujP9nxvPQyxjr1Ye4WXUjg19FE7mybxx47nUF,11,11
GSD7mfLaDWQJyomvPnYovrDbFeMDN9homTReDNDQz4Hv,5,5
GUdmseUPSpkeygakvBgoB3kUfpPdEMyHaZM77iAeD4LC,80,80
GW9XLf7RgMoE4gsxn5J3sirHKmSomY3ar8aeR8NzvrXE,23,23
GXYSHu6UXjcDQhTg4d7ibLoQjRFQ1vRSetbAdtguwQou,9,9
GXhDj896irNhwdUQManb81hDyd85qnHNB2J3z94GZCru,5,5
GYhReSg2qgaDzhzZRYAURwNUmAjSenHJdjpnv4xRAkjb,18,15
GZRDstoS7ab3sZyQLQe9hqnAVZN56vCCYKZLmmPqXuq3,5,5
GZbYT5unyKsiKdyjsjzkEopJshSxCK436bPXvCYP5L2T,8,8
GaUYTDxSEGcXEVZdb416YwA1g1FdkBm9qp95NS5bFb2R,74,44
Gc6qSzDXLnmgqHeszp16J48WgRBJmCWPMKLs6BQScaiU,7,7
GciDsyXwPs4dvXkSDx8kXoKvxWAYnt8ZHu1XAFHAbyQS,56,13
GczmdQsxY2xB32LC88Z1ewbUd4RfonNxxMCfpGzxthaz,5,5
GdspBJUr3ypCG3N5bkpfr3XNDNhyQ5cUo7zFDKTBiS9P,11,7
GgQqKB4qvKfWGtkR8BuDwQwDWM7CpyANtjSCQgmhMb4j,6,6
GgXicFDK9fiL7pfVdf9Cw6PFsovxdEXdYisQnDgZqxUC,596,596
Ggn2CGwmYJ9adRFxwoxTfGSBA4YZU8vqNknixu7mGXx4,5,5
Gh2qPXqARJv6HY4u8kBMtghYKWTWUBQbebpBfFqHyAfi,7,5
GhRrVyGts9zZ8ePibpameUJ9M2Dka91LKNLpq9M1ij5j,9,9
GiER9EV23QLTR5pqav4ZT5YbRY12JFw5zo1wxi9p6ejL,158,11
GnPpMBbg981i7H7HbTBT3zaHRKEN7a9795JHwmSDs6Ui,14,14
GnfGxiuJ1j141uLAo5WTAQXwQQvdSyf6CsTmEiUKWdCq,7,7
Go5aSkHhNenbhYojHQsAyjKacgvnB4cUpLwdMikn3Nyx,7,7
GoVg4Ryd9uH5XSSjBXh89SkXyCGb4cqz89DYmKRdmmtx,14,12
GpFXhPgftTYPkzFZT2b5ottPVVJKS2xzWw7hC8WK1j17,7,7
GpK8WAn7va2V9K2M7PhUaBpyFjELKiTFHrU7U6pKrE5h,28,25
GpTJtCN4WbkwJ3uwcugMrsjip3ZQ22crkP3zNjU6USQK,16,3
GrHGEh54VWrSBZ47ip4KWLAYVApUqZvqdHsfjrr5dw38,7,7
Grwy6TT1p7M9aDPYCduNTn9L2mEpkBJvpMYZC2hPDaL9,7,6
GuxaupNoEBy5AefhmNjCHfGNLa8619EL43egqdikBa2k,7,7
GvR8iyhUMmz5HLnxGHPdRb9w7p4UfFwXgiySV4GkD2U4,20,8
GvkTRGXH1BySbpCFWmYGkjnSDZxgwQvufNbAoHKCBpsR,11,8
GwFiuN4xEQcivm2UVmKEzFUWWLLAAHKSFwVjtPWMnSaz,9,8
GxQn5vubW4ttEHUF83Sj7E9Ze9Zb3umsH1sxKV6bpAec,5,4
GyJ5mXyjbQrzEFj3F7S9NBcgKycHbwCRTzz1MfG2Kmkr,9,7
GyvMwAcKcMBAfKfJmKcuJ9JZ2RboAQ78fDuJZ45xKFCF,7,4
Gz45PsFCZ8fur2uZz8Aa2WkoP7RHGAm7yRMydYjcmvmc,9,9
Gzaq41ZpYWCfFYpsAFD7hPKw45v5G4kqkVQmYABrChnu,9,7
H25qpGYTf8tYWQUMCBrUyEVvDZhgYhbSqVhNDJifCJyN,30,5
H2vEimBF8JwJVwXZ7P8WVfpLnAwb4ryNPXg1JxKdtm7B,9,7
H3oNAPmtAYU24Q9MXmJm9TdtEQujPFPCJgSB7Mcn96ha,5,5
H3xTF3WZhVGvWSSkPL6aGNKYJKU2iWuUg184GNhZgyBq,89,3
H4y61FtNyHib6SWHdqQM5YrboScXscdknjwxrPrVvoSV,7,7
H7rguepCPgpRvV8JMPUbi45MP2eAF3dwMwFheu3zEz7E,9,3
H9o3UqutD24695t9R23hZSfrX6dEfhTjhQRAoAmkhKT7,9,9
HAF8ZrGDiaxroho6Fg2orm2DbNcqYHx1dczZ1UHnAEhQ,11,9
HAibKhn6xZmijLFS3Cer59xe9bRFdFqX4Dei6Dggwptq,9,9
HBassuLxHxpaakzN2gy2uGa9wiRUkwjWX1Cbj4mVCN9y,5,5
HCUzXYc3F7zrnxWDYb5Pv6iptdaW5pbuGVSdn3kEiZax,119,30
HCqfNxgN6PMLdbuDNcq46zEQRm3d25BiuAiRKJNwJ71B,5,5
HE7C1xFaUpeyZGcxG26P847VZQUpFtR6XmBrq1GjEejY,8,7
HHiJ8eSsw6bGggKD4UzYmnBqSsdNryPzHVg35Nv7xQ5F,5,5
HJUDSMMbpqtWV2D3MPW7s3vNVfvptFVoDHnW6XHscNXs,5,5
HKz3JA7bENenSEJbNHDwzSpsRfUCKyJX5wHPhRVmiLf1,42,17
HN6rANnU71JvFSPh8gbiJ5u6kfgokGSXN6PGTBtVH7AC,5,5
HNFjT6CDeTUyEXu3BwHL5GnzFbaqkFoTRzKHoGqPY7qa,7,7
HPfdvzbBUy2SrvLGi6kovLcnXC5Fm2t7459ifbVFB7wQ,77,10
HQHmUBS9E7nnhG3v9H339TRn9RjxDj4dzBngZxi7uC6z,6,6
HSX62NVbt5z1TAkHoX5fvD7FkYXbxaCodEsD1w7eTCz2,6,6
HSrS17T6yboBPtWjckA4nxDyzMkr5Up9w1791bVqZBRK,8,4
HSrZZC5ouA846JtmjyMa7rX1y5Wg3YWyUp7fa1yHiD6W,7,3
HTSQ53cLPajR2nN73JfNP5t8etRp4CdapnZ36MiUUvSP,18,11
HTVLWNLiDyUGMdUsx2BboZYxCptMos9cjRPWdnRVUHHy,7,7
HU9j51MyG22JCUF4kymmMkPT2istA1EzfjzV3BQG4vVw,5,3
HUPZcNdfAkfd4aQDZ686QsWHFnrMFTjEnQa9WSq7onox,6,4
HV4ZT4QpEW54rywbnigQUadJ4aK1JgieQjXSZ6o7Jy1y,83,74
HWjpoMvyFdHf6gZ5wzbUaYqPuyFQmyGHGKZiMtraZ8WN,6,6
HXuSaaZ6QjnyX4mQLZQGoVSwb83uNyJpYTMUAuPcnbht,10,10
Hbh5rP4d6AoqMNoHVEY4kosTomoXkRhL7QVij2GK2QMC,8,8
HcrgHm8SRVMGusPxrimAzK4oNMgLeibPrxwj3tkcHnR3,10,9
Hh1SULAUSDU5d81QEdvV3m6x2BX6PTwAAHeAD8LLxdeB,5,5
HhAYEvxH7YR3xK5UizdQPUvUyiX2izzLUYF4EVFfuCen,11,4
Hiy47UXWr4nUYUz3nohTftxj8j5FU5SsrZjs39Ng1Uqe,10,10
HjByh6gvmWZBcWbeg4ChpukBaf9qihH1yeqqeSk8VSTz,160,33
HjXzvNwFmYEK9h67BHbCQ3kckiFk1VFaizJMzrjic8hr,171,96
HnaZiM68R6B6xj4kncRokHa6cAG7ctgZdZE5fWYuPFs7,17,15
HotwanNS4MKqzr82mNBthdosseVGSh7kJFHxVP6soVB,24,19
HpRZ8t725WoFUcKcFWGLA7q5gapzshUBkFwcM74PW5NT,14,14
HranXDzVEkKzCjpas55uB1xSU1mPuWtpAnxFgQoDaJ2v,21,10
HsnsaZ3at3qzoxcxetsMfubGppwBmv7kSMWhkPU5rHSx,77,32
Hv3fPDH9bd1VNK1BjRQyjCYUK9HrXwLGfJ37mEeUJdrJ,30,30
HwWgT4qXsTFCssX1r8jecbkMFsz1RnGeTvyZ6bn7rvcL,34,19
HxcdEi6CWzQtPCmM8E2maEZ3oYVGZxESqCWU1iPzmhVW,515,384
Hyz8paNbNLSYxSfWT8KT2JDyvPW7E8yJBbaGnsZV7WE6,110,67
HznEbuz1yKBLMi7RV3xD5AgjkUhXpCtBCKH6t1hhSjiF,22,10
J1VotcMwChwGZhYsqd1BRE7hpD692asKj71CDgFWmvU,219,68
J4fYFzGZAznSbugkQvo1Urd7fgn7RBvUQhyULaCEt9Za,40,26
J4iit8MmXd2P46DzQxk7dj3qjY3m9G3Ck5zrPkBV54JV,12,8
J6k9pdijYFwxM25cH3wCbkeAbKv2as1uyjgFydjUvtG4,38,18
JAvwUfAn8qAph7HqqbVDefPxoPjuvxUNB2LzcgqMfWrM,9,9
JCDeakZpcnYCYFz3icqeaQZr7ZvpWFVs939yJSrWdWTn,11,10
JDRn6r6kmiTahNyzushJ28Dvg8kohhakD7hvs35kNiDZ,5,3
JEFvwDtXXC6fLzc18k3ofYP9SFKzkb7bK3N94jXrHiak,11,11
JJY6NUPV3ugqCk3ANLd8P9hJnuAKq36GDvnHLJ2zd3y,172,143
JSPpg9V6yZBBXzwShyihRD57fjJeBHwG3EL2nVRZYT9,13,13
KDqsgC8UUQxJ5KL5xjbcihvFGBkVr7UgbdBkBhoj4zn,5,5
KeroXz2So9rnBQtGt3nvBg4MhddKYbfx87oUUigiMYU,5,5
Kfqz6sgbgWDsKWLwqTM62kL8AhUPL59F7NPiaiHDo6X,16,15
LM1o5j6agyQvQ6BCgpHE8z9WsYC5bFcVw1mupWLjKVH,5,3
LuqqBrzxowFf92qSmcqBpgSfMtNrx4XY4Nbfrjskwzg,48,32
MFQKMm2NPcVtnmBZFouvQpowvD4EJDWjWs238NdXL9P,13,9
PFUafHeVZWBD9NY5JSGhcw4oC5YMApGB2eRyY1MR87z,16,4
PeLeguXxfAyktdEfYED2Am6RgAdMU8CqhLLqcESetJA,7,4
Qd5iarpbW7eua5VJVAPg2qEcE1kdqc7m59M1kTB1327,299,187
RTdumnNZwJxAnGmEXNk7ZSdkVKBmt46v2d9wWXgA8NG,27,27
TaxzLDrTebXNHn5ugqJuABboQF538Qxxo2AyMo4nMan,348,230
ThoBrZdUe33fbb2XmDLkuNjh51YgwAAvxcLS4ASKLBW,7,7
U5pHSxEBCSJQffnr1FktZz4D6kKtzW76i5vUyqF3oaf,14,10
UiiRiK6TVmFeUz1Vjdqb1STyRpfG4ZpXvhtymonFbor,187,105
VsgdPSj1SyNa8WewGNd3GafWkJwyJkgbs8BaRwhppUP,10,8
WFtaHJabZWr4g9RYEqWcQE6v2s1YQLSS6Eiw5qMqbyo,34,31
WYixrDLtQg3r6zHvFHT7Aupyc38tzfjc9eWjDuxkrC5,6,5
WfD82QBeZw68rNE5zcAQ7duFDdea6cWnM3gwNa5aR8m,26,4
X23REkUmGPAYtj1zc77tz5ofGmTqhEP5JB3NNn2R3CG,25,3
Xavi9WMhL77tq3QU4qVDfXfzDgGakxCgAvFLgQcfVBM,5,4
YE6YimVoDgfZipgz6yegKVSrykZubPauaTf6Uy8PaoN,9,9
YRTS8S13T1qNkJm7Yo2TXQAipuQkHvj2SAwG3sjGTGX,9,5
Z769H24NG8fuqedDshQVyqvtWUbdcHNXKhp9jgT2iA6,144,51
b97PxAVuxG6oTxNQ7feThDW8oLveigTrGmgsMvNt41r,37,20
cS4gyYGPz6RrcuJ2HA5iCTrerSn5HArBiHjksY3Auqx,13,9
dxc2U1y8184aDmgyU2CDK7Lt6zbRRpVkfnHuEorzxYz,8,8
e33uKX2DuwhuT95cVkDiHvZaJdvhaR57tH43y79fF15,7,7
haqqiUUXB5gp7gDbSjpEkw3phAjQb25r86uXJsZQgWq,10,10
iFS3cMnikDtvqdt9NtoeA6E1CnShH2u2ydVQv45cie5,5,5
j4Noisrqc81DcGLJc7vd4DBvs41LWwAg8z7gAZ1zQgE,8,3
mATtYiy3Cn1Bihg3aMaWDzWsWN33txxtnhDyJcFFiWZ,126,75
mKt8wT67KoeT2eRcEqsj7oifKyYcBuh7yaBZvkJKfnr,6,6
nPxXj2ca1wHCgtQYFqFwPAk42rf145Gzqos6S4Uga1r,10,6
nXe87z97Lx6owx3M5LRQoQYWmx7rz19mjT7AeB9sCfn,5,5
nogon8yrEdURoJdJZeQJRWFySSKPAesXr6VFE8tg3sw,211,127
nya666pQkP3PzWxi7JngU3rRMHuc7zbLK8c8wxQ4qpT,101,98
oHcuDVZ7qMYuyT3AabF6S6sUACWyaFth6V6wH4666z4,9,9
otwz7CYuksXB5NL49GGButMDUq9ZyuRPyYP5s6wckxS,233,33
qhFCZFGRRv463ib2AUNjAKe7NFmQ6f69bZqzhjPeRUm,150,66
r4NujXygkDQXysrjntDfvRuJtSb4paNP4gtyuGEpzHz,194,120
sR4QwzCRt7yJ14x6oxqcAWLXTN8Q7feS4CkiVYhdX7F,13,9
signeraMNtVHUcVSAV9HCCCJUhQTLsbQneHZGmUQcWk,7,7
t9bNZ4KrFejJkKeHba8jKxrDU5xjSUH5WYFbBzzYJUQ,37,21
tNTNioN3jcbjK8EC8uQkKJdsJwjSsyFGv4jLF4wxbTW,7,7
tsspzhpQNzjwAtj42Lj4ebbJdU4CUU5GezAcDH9bdRp,39,21
ua1QFG5A3CB9PQojpP45okRH7XiaF3gBbCzBtdcV2Dt,5,5
uq7atJApB138nqBt8YYcdkBzyxpQJxDhazyh5n5KFiP,64,64
y7i4NTKKrryaFArpFyxsa8bhra8rRJGPBT8MmeeFMHn,5,5
zAnr3GphY5t6xPahAaCQKPNBSxhYEtvV41JTqPFqmbb,24,17
zbUnoDThxmTjRBwQPicXXDYxuxn49U9H7qbKYpSq8oD,34,31
