mint,row_type,is_mayhem,cday,created_at,signal_time,signal_slot,signal_tx_index,signal_signature,signal_venue,signal_actors,signal_buy_lamports,signal_pre30_lamports,n_created,n_sol_created,n_sol_without_decoded_events,n_triggered_coins,n_eligible_txs,n_decoded_txs,n_triggered_mayhem,n_bad_txs,n_large_mixed_txs
__SUMMARY__,summary,,,,,,,,,,,,161785,155117,13007,254,355,20079919,6,0,28
6vpjdKC8EAHdqXgX3gry3voXnQYGuRR6RJkH7hMxpump,fixture,True,2026-06-03,2026-06-03 05:47:23.000 UTC,,,,,,,,,1,1,0,0,0,101,0,0,0
FbZbeMQGonXiUKK5QGDWXTGvraY2A3fRvwBZTbYRpump,fixture,False,2026-06-06,2026-06-06 07:23:47.000 UTC,,,,,,,,,1,1,0,0,0,268,0,0,0
__DAY__,day_summary,,2026-06-02,,,,,,,,,,28549,27289,2492,49,67,3483203,1,0,7
__DAY__,day_summary,,2026-06-03,,,,,,,,,,25752,24918,1641,45,62,3220766,1,0,0
__DAY__,day_summary,,2026-06-04,,,,,,,,,,27251,25880,1906,45,55,3122152,1,0,0
__DAY__,day_summary,,2026-06-05,,,,,,,,,,26673,24891,1910,46,71,3443542,0,0,2
__DAY__,day_summary,,2026-06-06,,,,,,,,,,27127,26220,3248,37,58,3333496,2,0,0
__DAY__,day_summary,,2026-06-07,,,,,,,,,,26433,25919,1810,32,42,3476760,1,0,19
12uQwowgXM4aj48uSxwftoWDcZbjPEsMSYE9J3bXRrLc,candidate,False,2026-06-02,2026-06-02 01:13:31.000 UTC,2026-06-02 02:13:59.000 UTC,423716662,1235,3FSxVAYA6KZfTsJLmWgAxJan652NCyECamagPoctqvK7RGePqs5joFX2w56UHHb418rThjBRpBf7tvmpHU3Hzvp7,curve,6EDaVsS6enYgJ81tmhEkiKFcb4HuzPUVFZeom6PHUqN3,4938271603,0,1,1,0,1,1,35,0,0,0
8JZsTSaxoKPZy1nyCmB4efPNKV93yf2VPY6k4q3tpump,candidate,False,2026-06-02,2026-06-02 02:45:21.000 UTC,2026-06-02 03:59:10.000 UTC,423732570,143,2rBqs9nPFcqF1LYcmZf85HqR7ts7fawTX5EoYpFfN8j98PXrqUtYE8YUyWxavb42cQMMpd3HSD349a1pGBNE8FEP,curve,ECsqbKWNbMoySvhdWyEXbNV257JGMQr2LfCLjWXwGpA,20543209875,0,1,1,0,1,1,168,0,0,0
7Lk9YBi2hD1eYbqGoPVhzn4aPSJw8qwdEJUshLwepump,candidate,False,2026-06-02,2026-06-02 02:47:35.000 UTC,2026-06-02 05:19:30.000 UTC,423744723,963,41yu3YDYPaK6miw9ZubjumnDQUptb4A5ve4TN2413BpYWtPdgrtJt5CtUDSobP6kPCX8eFKq22sxhWy1ZhVYjHkA,curve,6vGwJtZxj4xcJvYb37YZFKjGGYMMDXxQiDc5dj9Xx2Uw,4938271604,997530862,1,1,0,1,1,6805,0,0,0
3BSoYDZsPupZ15iBzJbJJjZKLiyWEqLxexJX84rBpump,candidate,False,2026-06-02,2026-06-02 02:32:32.000 UTC,2026-06-02 09:02:39.000 UTC,423778432,559,QftDK77Ha1b3QcXH9dZqaS9nj3z7oz9Lx6sC4cxfwTeYWTitz1tTgniWrvm89aKu29w6GSKk5VRNrFZZy5UqViW,pool,DiQY2mPKdEZXAEzbUXNooWHnnxj5VGGTP3wg6Y7ZeLBF,6182754670,1900409016,1,1,0,1,5,10482,0,0,0
ApWouPoUxPgv2uLXbG2hbh9mpRv3q244D2i9wq6vpump,candidate,True,2026-06-02,2026-06-02 01:24:23.000 UTC,2026-06-02 09:14:00.000 UTC,423780143,302,5ey3xQSjcCEwn57eGFbktHeNxHyo6yw9em3Snky2nxKgUTU6s118MV1Uh3Wp851P42cY4WEBuWZM4wEEGptgBsuY,pool,9RTva4wSk8E3EWYc8wtF9V94RUQGkemWtt3i8dUtsA4P,6914962962,1775047355,1,1,0,1,1,4767,1,0,0
J4eCDvfU8g1u6gMfyzXFwqn48nHmwGFxVy6ukTgLpump,candidate,False,2026-06-02,2026-06-02 07:05:27.000 UTC,2026-06-02 09:24:18.000 UTC,423781696,289,5HkFHtwsifw8pMjuTka8NKqiSnXmPaR6u1PfhpJnqconCs1CcAuJVSD7izjSQZwaqAoQjDDi1wewktamBcKBVVvR,curve,BwuyfSj1K5zGEC53cdbmhLnTQPQqrzjAsgq6mRffpKNM,4246913579,98765431,1,1,0,1,1,59,0,0,0
8Kt7Ys3oqNEnCgAAG8vmHkUmZtVzKhvyFRsYC2iepump,candidate,False,2026-06-02,2026-06-02 00:05:58.000 UTC,2026-06-02 09:45:19.000 UTC,423784883,439,DC1xQULDDvqoRHuaQ4sJj3G9chHs1J6Tw3icRJYJMCKzGXz2rh5fSk6eM2jaqKFw53329cUSVZ1k1aWqPL2hNFx,pool,J2JyGVq8waV1cAjPjRQGUWwhE5fuSNd1XAjTEyaWtmhL,4332654830,3554801816,1,1,0,1,2,16549,0,0,0
4PpmYAq9NQTzSX93ym4VsL8kqc8Gx84yhtP6Ypmipump,candidate,False,2026-06-02,2026-06-02 01:56:13.000 UTC,2026-06-02 09:58:10.000 UTC,423786825,938,4dhJfmYLDD1xhVca3tFzRMVtmhPDCH7a1WJCDTjRozJHyNiemMMiA7xbi1PFjzJn9rKLSBpuGvbmHAL2VtscotBx,curve,92cwTJoGDFKSnp6Zr2taFr3sFWqs8jRvtU73qbut2win,6913580246,0,1,1,0,1,1,1712,0,0,0
DbvTLqtnPdb4qMJqGKpjnanFMgfrsRaXnYZb17krpump,candidate,False,2026-06-02,2026-06-02 05:28:15.000 UTC,2026-06-02 12:38:50.000 UTC,423811083,1037,3mbZSSZ7zu6PBy9oyg7SCh4jktHBoP76q8bmmTcBj5QQrLuHB1z5Qy6aJLptKcxDVGtWYCz7xzm7PR3EuRXB3SbZ,curve,2p2mgFLmzN82sShZeAaBGmj9zFpam4xu8g4g3wqx2ks6,4888888888,57262010,1,1,0,1,1,2207,0,0,0
7XLu71Wvq7zuNU7TP5qjYY8kqg9zxtrsb7sJEEF6pump,candidate,False,2026-06-02,2026-06-02 04:36:08.000 UTC,2026-06-02 14:37:55.000 UTC,423829086,215,3PVytid5CkrvgyBHYpujavfTmYVQQbJfJUf19T78seEEZGU9mhQ23trUdsuRQHoSjCPhRPYpW6pmwxXRbzU7tQLD,pool,CZN7ohSfdVEK5LENFnfwrY1mw4DjxTsfiGEgVjdmMNvC,4833715946,1201667270,1,1,0,1,2,7188,0,0,0
3giBtcoFLp5MxttMLmKqqZxYfY49wLtvApgUCehqpump,candidate,False,2026-06-02,2026-06-02 10:31:51.000 UTC,2026-06-02 15:12:08.000 UTC,423834244,1002,Kp8iRkJjn6d5MJdsPQKaq2Zsu7Y2hJ4UcdJ5xidtVqfHtHLbLqDCUgaQAmBBJz1xdfzMkMLTeBeK5FkxY46gMtd,curve,6LL3fqD5sHZRthyrUqeRfz8iEV7E3XSL1SQzFHJGLCcF,4822050140,0,1,1,0,1,1,2213,0,0,0
DPckKSmu8xo1HQjMJLS3aGePfLBp2BWmHpcxVpeqpump,candidate,False,2026-06-02,2026-06-02 00:04:50.000 UTC,2026-06-02 16:03:02.000 UTC,423841928,187,25CUGvhUmgB7PjQwJrr1APNDJoxPbi7Pdgz7AMndtXufH6Y9toHHrxhudAJQQKw2Ddgj46k5P4bWU6XLD64S48XW,curve,6LL3fqD5sHZRthyrUqeRfz8iEV7E3XSL1SQzFHJGLCcF,6953650279,0,1,1,0,1,1,825,0,0,0
CLbAfJsGkDEGV2ADZdT55WWGNYTF1h9BesMEeWQbpump,candidate,False,2026-06-02,2026-06-02 01:36:57.000 UTC,2026-06-02 16:37:25.000 UTC,423847121,1366,5BYJrZPS1qzf7k3y6qSoUCpiSBRSpKDgkCQz8jBmeqRXczhRMiUCw56bWrsSx5qfnZTv7JFNt8DNVS8a23EQxEqk,pool,AbhQazPjBstuCE7SXdx7YEchSvBPg2rEm2iPSobm8cuf,4899251259,2915488526,1,1,0,1,1,12134,0,0,0
FYLAQevJPbwrfCwyERoaFnaidkMXGWXWTySQXRsdpump,candidate,False,2026-06-02,2026-06-02 13:28:45.000 UTC,2026-06-02 16:42:46.000 UTC,423847926,527,sYL5SwM5UQAge99ZtsW9QQz4D9zCgX4KJwWPuxqkkwDScsM1MKjJKHcJXvVzjD2a8Qk2neeY5Q5qWRbtQDqyt2X,pool,ENAwWEoHyh2BbiNcY6BJN4voPMw8i3J75LTUECRq3Dy1,4103524611,0,1,1,0,1,2,7362,0,0,0
A5ynyMtnCQ2rZzAKUYa6dF2AMxX5Ad8u2tTvw7MTpump,candidate,False,2026-06-02,2026-06-02 14:07:46.000 UTC,2026-06-02 17:12:01.000 UTC,423852349,697,59Q9YpddG5BgVJGuLtdeJiMtrn1JtNFLfVzKpQviwDzH3asbni6nWUK4uTAE6F4QEmv2EkLPhiBQy8gtZiUw7b8t,curve,Em8J3gBWapfVBGVhVipwQnLrqCvnWBnLajw6XFsFECPF,8592553709,0,1,1,0,1,1,93,0,0,0
AXJdqycwSqY9VrXXsZ7RZkXzMbzexzHoTNHZjx8Ypump,candidate,False,2026-06-02,2026-06-02 11:42:08.000 UTC,2026-06-02 18:31:57.000 UTC,423864418,0,ZQJBaUDifoyJ1nzThLnHMUYLTn6zR29wwyZEspoUnSfypfQa64gVYycMgV5VYNCVyNGbLncwEcrGvN365x9MxDN,curve,9rqbxQnjpw5CzCH9xRVcz3NhAikNvCaSVSekFDry5ntw,4444444443,977777776,1,1,0,1,1,1089,0,0,0
PQ67QThcAQaJ4stBjcbGJDTshmUuz6EqBXnr2u4pump,candidate,False,2026-06-02,2026-06-02 16:26:31.000 UTC,2026-06-02 19:11:12.000 UTC,423870337,302,3wJZJmsJySUKNRmT9d1tEBcFJQ95x6LvEgCHdN66iEa9311m1vsGrDLbsLapb1fvU2HVXmqJrPMNeWwiMNE4yUkv,curve,F7b6WYQLt9542cP8sbqwweTPrkLBjvBCjDHbdtvVdZYK,5925925925,2235307998,1,1,0,1,1,2608,0,0,0
6Gs4JCBrYss44gVQGbWG69zMBgb6ifeqsfonRyKYpump,candidate,False,2026-06-02,2026-06-02 16:51:01.000 UTC,2026-06-02 19:24:03.000 UTC,423872270,520,2Ht8UApsoePkUU8KcB8LDFYG4BNeJgs1QfMGPWEPGHNL9b5spDaUVgGSxmPPZ74B1p6r39R1Axy3T29bhv6jXpHN,curve,3dpq4hThC1mcJ8Fxs344dnizz28FEPm8GcjDD4jmaP44,9876543209,1529877638,1,1,0,1,2,41,0,0,0
FJ8MPxapZPkSx3P3WcW4JqgSML178H6RxnQhwvrBwLtR,candidate,False,2026-06-02,2026-06-02 13:20:14.000 UTC,2026-06-02 19:28:33.000 UTC,423872942,0,2PWzGhaMN4opzPs4mLuMcJYAgYa7QT9eFBWxbptb3BThzJX5deZqstkPQh1ZkF49HWAqFxFTEJ2cQMMfRHnVFjJq,curve,7BAvU6bZSincnti9dq1eS52t8bPqwst3wF5Z1EAH5qpv,4444444443,1000000001,1,1,0,1,1,154,0,0,0
F4J5LKyEQraMem8nspPAzwHXaaKMMDsxyt7GUK94pump,candidate,False,2026-06-02,2026-06-02 02:00:33.000 UTC,2026-06-02 20:45:32.000 UTC,423884515,219,VdAyrupTwx5TZKmP6SgFL2gqCogqmxb4NHC1UDkXUQuxa5bQUv3Ld8cT7SDdNHvgEqsLTTrUQGSz3emTxvNNXiE,pool,CSJQvwzoLHND8tNg9bJw2HQ8Qp2fiKzvzSGN6XAWifSE,4691261452,1767783127,1,1,0,1,1,2489,0,0,0
tfshRhRrRJCyafmkeTSrAEedW4A6vrju3JaKSGApump,candidate,False,2026-06-02,2026-06-02 14:19:46.000 UTC,2026-06-02 21:10:25.000 UTC,423888285,304,5vTgBBmApqcXceieg8feAe9gMkhVRnpSVerKns1bUPHkUzewRrbf5iA9XdRJp4TdUwx9J2MAZxYs5L6jaYitqbMo,curve,9rqbxQnjpw5CzCH9xRVcz3NhAikNvCaSVSekFDry5ntw,4444444443,3940740739,1,1,0,1,1,816,0,0,0
4BzL18nFF93j2vXMV4X3zChSuSK3h4qyu2M1ei6Spump,candidate,False,2026-06-02,2026-06-02 17:04:06.000 UTC,2026-06-02 21:29:19.000 UTC,423891125,134,2LmTxaTXqfuMgkDSh5vK2a7J92gVRe5BhngunKScz64ZJnawLjuDxENcM6mRGJ9Uz2W7dutxaAjTjsFrXB11UpCs,pool,ARu4n5mFdZogZAravu7CcizaojWnS6oqka37gdLT5SZn,4574592434,0,1,1,0,1,1,2055,0,0,0
CXdXAbmxGrehRmPiYe5WURxKfyJmwAtRR81irXWnM9zu,candidate,False,2026-06-02,2026-06-02 21:07:33.000 UTC,2026-06-02 21:41:56.000 UTC,423893035,152,2TwXkWKJ5qcSS92Pp5wvXiaCDaF8eW2D27erve2C7aKHcaMAizozsJB8KMCpxx9bqBC5phWcYeLW6gSEgaZLLfbQ,curve,7BAvU6bZSincnti9dq1eS52t8bPqwst3wF5Z1EAH5qpv,4444444443,1000000001,1,1,0,1,2,292,0,0,0
DpPowzjETiU6421ReuwBB8XmDB7sMyB2JGzFLssYpump,candidate,False,2026-06-02,2026-06-02 03:59:21.000 UTC,2026-06-02 21:52:27.000 UTC,423894609,373,4eiffNRbLhePNxYUouK6utwdwWUBHLeRvNeZi5q4dWYHfLX8xwq26Y8ssbGN5AvkqUMh2MWAft9NpPGKrLs2KESf,pool,ARu4n5mFdZogZAravu7CcizaojWnS6oqka37gdLT5SZn,5185173013,2999114689,1,1,0,1,1,10074,0,0,0
7svswLVJ7uhcmnvtd8ZoAv3kLSoXofm5AaEudrs4zVsk,candidate,False,2026-06-02,2026-06-02 20:53:55.000 UTC,2026-06-02 21:55:02.000 UTC,423894997,57,3TMLQpAt4QFN84q5TWJbiA5uU755KzWtV7Wbdsobuq5mqss5o2WgxJayw5wVab92DjopaJJemYiBtPPFrNxdDsk3,pool,5w9n3vgwWBWDdQCgE4Ct28dMBm8QPeGDJG4cZADfAMhE,74405940593,0,1,1,0,1,3,787,0,0,7
4qaamKfuUfxEyG9UtmcRoDDZY7SXUGNHaX4bdS1epump,candidate,False,2026-06-02,2026-06-02 01:14:12.000 UTC,2026-06-02 22:51:30.000 UTC,423903519,1721,WJVxVzCAZ3qfqiTt8z8NenjoYM5JgKgvuJeie6Q9yGaD82YbW27jeXM7qD7Mu5he2x4dzbAhAbmqT6Rj8djB8Re,curve,7nCRbePZDbVyybQjZx5qXFh4NnBadVNSV13Djef6z7R2,5743719203,526052005,1,1,0,1,1,919,0,0,0
MrVrWfAwe4JSXvh4zfMbd8FwTo9S2koF2nWRL8Hpump,candidate,False,2026-06-02,2026-06-02 22:41:39.000 UTC,2026-06-02 23:17:30.000 UTC,423907444,65,3SLMv3S1RJcCSeqPznVzdZu9k58Ae6wJjVV86ndZeVfyL1JTyWo7fzD8W2nMsAqt911yYZSiv3jTTCjzdwaTtXmf,curve,7rnAXcs8a6vpegT4kTehwhxXEW81cJJkLyrBpttEoqJJ,4400000000,228839502,1,1,0,1,1,117,0,0,0
B7MJFpekGZRfsqQJh48ciaA27rA7SoC8cLYkShzCpump,candidate,False,2026-06-02,2026-06-02 13:22:23.000 UTC,2026-06-03 00:29:23.000 UTC,423918256,177,5BtxEHoEboquRkiuG1yiHPguj2maqqVDhgHNDLXo57E269eLSPYiMk7VU5YTuU4jvxJUHCUQKtJtT2zGK1Hnvy1P,pool,3pePpv3X1eFH2joFgKth78e46YTMkNEXAtbkzvx3QvNk,8600485184,1429421628,1,1,0,1,1,7412,0,0,0
Ceuu8RPzjfqzEFerN96C6uwMLejPSPg8b4PYqUnkpump,candidate,False,2026-06-02,2026-06-02 17:50:13.000 UTC,2026-06-03 00:33:09.000 UTC,423918823,958,28MSJRGvmQtgNY7PSUYPqc4tuzfoYgEdaKH1PUAoLbBjseApQEGz3DimZhGXHVcFGZCGDTKh2Zwp8aBzdCB4KgjC,curve,2oRHdA122iHGoWjCGPdFfBgmKHiyCcTrQGwsBfDi4qzi,5925925925,0,1,1,0,1,1,1213,0,0,0
GM8eYhpJwo45QspwbTu9jufC9nVwyhUREbTsNFfGpump,candidate,False,2026-06-02,2026-06-02 14:14:27.000 UTC,2026-06-03 00:45:15.000 UTC,423920653,1022,3WaYEzLUwV5MoM7UHzz3dLjgveNNa3EbA7eGDhVTwWa13YCHWhazr8fEp9JBV4XuU8jUDsAcsqpdKQE2Xhm5zDHQ,curve,HArDKfcLELHAGj37UqBstSe5DzdSZKmFCTxgMbZ4a5Na,6844444444,0,1,1,0,1,1,2017,0,0,0
9zwhS3b1oYuUEqWNpu2SPkEH24JMVWFEVQvHuYXZpump,candidate,False,2026-06-02,2026-06-02 08:05:25.000 UTC,2026-06-03 01:23:36.000 UTC,423926454,575,5bQWcNZGBjSq2Bi4sKxrYbB9tGfKnyCwFcfn1WAEiDTRahZx8UtTHsF18qSGWiuz2WmD4ZZ9MYBt2bcn6oHiHeyD,pool,7W4EdJudFCMnYAciYfhEgK4VDYxY8pcK29zPdsDzg2V7,5010000002,3607624408,1,1,0,1,1,15805,0,0,0
7XeRzW6jkHBdcwfUvJQUutzsQ73mxvPGLMpf4MXtpump,candidate,False,2026-06-02,2026-06-02 17:47:04.000 UTC,2026-06-03 01:26:28.000 UTC,423926885,1007,3VR1VDhjAeMTNdD2CsSibvVHDqAvas9kECcCPuqqn56qJ27MpsNrkG5xY1FaXjw7nQLHhRkD1VeNxjynHSB4Zn9r,curve,Em8J3gBWapfVBGVhVipwQnLrqCvnWBnLajw6XFsFECPF,5546774428,0,1,1,0,1,2,52,0,0,0
AQfViR2U9QyYG2W5bvaVRLV9twdyfJd1SDBeFDxkpump,candidate,False,2026-06-02,2026-06-02 08:19:20.000 UTC,2026-06-03 01:35:12.000 UTC,423928192,417,2j2kimj8aaHNYvMbATWmJCQvv1Han4EdfwqdDqV2FJMqGQYmAbKXJ6tcN1h99VnGrgUVduojHsC2MiFdhtwd8MwV,curve,BXSsc9uGjiVxhLgUgaZZqihb6qHufesbCix9Pi19Qa7b,6551675237,468803901,1,1,0,1,1,1944,0,0,0
7DkifRBYGVdbrkse2wmexqu5vzUaw5cZHEgDQW1hpump,candidate,False,2026-06-02,2026-06-02 14:54:04.000 UTC,2026-06-03 01:59:04.000 UTC,423931821,246,2WkbnydhAWBZQFrSAUKQL1YCwguKma7scretVxhkxGx42aZewPVU9YnW6ZDu21KycDRrG5wBd8n1DeyDQPJKpcuy,curve,3XKZpLFdZUBx6qLnB6XCmTQEVkGxbT9VcaQXtPB6Vi5t,4000000001,2131165739,1,1,0,1,5,9273,0,0,0
5GbhDpdSdE693wi3huTbjc9TtSXoKKQgezAt3e24pump,candidate,False,2026-06-02,2026-06-02 05:35:18.000 UTC,2026-06-03 02:20:19.000 UTC,423935041,127,PLL4Qc3RQb9pK87k3UgsEwAfctJwhasBjjtexEztxEmo8kpHnm3c1PbtGdL18CJyaK73B5gWFCMNdcNH1sfVp7L,pool,4xDsmeTWPNjgSVSS1VTfzFq3iHZhp77ffPkAmkZkdu71,4589875535,3538323802,1,1,0,1,1,3622,0,0,0
ES32yFDmKfdSHLyvk6HohiT6y8o3v4ML5XMTxbBVpump,candidate,False,2026-06-02,2026-06-02 21:04:37.000 UTC,2026-06-03 02:30:57.000 UTC,423936634,527,4GJ3odr4Cn1QDNTkEacPiuYix8XiU4j86FUg8LsdxtiAovWjbFgp9bKXDmJHqLgdNRudCjJYDgajzVzngsSfQw4b,curve,HqXf7BH8F35yyZnRrCMgGgj2yWUqdr8nGvH7ZC9xW1HB,7210222936,2574857491,1,1,0,1,1,208,0,0,0
BhxC2Bc1tUxa8Y3zbLMCjMNvqMD8JgSTekScPhGepump,candidate,False,2026-06-02,2026-06-02 03:31:01.000 UTC,2026-06-03 02:42:45.000 UTC,423938387,347,4LvaKNMx5hAEVVDkWo7uVLzmtKzLaH3yRAQgRU8p9z5DiKYQVcdK54R4UaFq8GwnFfkMmJVSUWNsNdbC3oFcUugu,pool,7iVCXQn4u6tiTEfNVqbWSEsRdEi69E9oYsSMiepuECwi,10890405663,2872569735,1,1,0,1,1,35016,0,0,0
C6sbkjPjyUbRHY91K4T4Wigz6WyFA6NsrNq8THpZpump,candidate,False,2026-06-02,2026-06-02 13:27:57.000 UTC,2026-06-03 02:51:48.000 UTC,423939742,0,3LAe5Ly8KYJkzqnJjAB9xLWCZYzLXiZAa8NAKnmQq8z6q38bD9UZcXnGrA2y1caCpuTwYcN5VJQUQj6z1Sxsi5Kz,pool,7eVwGkryWNxcf94UgJfwoGzUMjUXerm6qjqrduWmVsdd,4901086955,2568057322,1,1,0,1,1,11638,0,0,0
HH5Gu1eF2FJKyPufm28omEQfs22MXQsyXWZZvDe6pump,candidate,False,2026-06-02,2026-06-02 19:49:49.000 UTC,2026-06-03 04:34:21.000 UTC,423955193,455,4JcwGLjt8AHWbwy5YmxSUQrAKwmSAZY8SHVZejHEfYoU2QenGhtTdiVj8eo2waGc5KK2r8XcB4d7okcHLCgZjA81,curve,HF2Lw2tYs4B3y1iqz6iw2f4wTjrn14KppvAezcm7TAT3,6500000001,3755111106,1,1,0,1,2,2522,0,0,0
6bc3A17PpsvBzw3rdXYdiMvme51TbMf37eHcWnjCpump,candidate,False,2026-06-02,2026-06-02 22:49:38.000 UTC,2026-06-03 05:26:24.000 UTC,423963012,383,34fHnhJVdMsozQmdMsXPdCEEBaSHRLy5gVf18Cy4iCdCWvMQYqeVnGRiuZuMqYVdTD5viZYxx5gsFtTo8Bb3tTv2,pool,7BLC6dUs23dN9TAbECzDLm2vLrMujrtBnCmU9kQCQNjA,5275680250,511492241,1,1,0,1,1,18979,0,0,0
DvhS53yNUHT1nGj8k4p7YN4hC4DHupcBw41MuUfpump,candidate,False,2026-06-02,2026-06-02 11:50:09.000 UTC,2026-06-03 06:54:14.000 UTC,423976297,289,3Lk1spNGeh42SgZroNEBxvd71js5nhdiGfMC9Fa1abAeT2wXdmj1MPZXWFojAMj4H2t6CDQZqmV2EJRyeJWMprS2,pool,EMnNDKZhFGoRyuQo4tfzegwyz5sLrdCRvviiZ6K8Bvv6,5867840000,0,1,1,0,1,1,7555,0,0,0
7zBEs4cDfFydEtkfkpiCAGayx9fPbB3t47sGaWfzpump,candidate,False,2026-06-02,2026-06-02 21:22:50.000 UTC,2026-06-03 07:43:49.000 UTC,423983784,749,3HBVQXTammsuWfU6oj4ANGsagLfrpJdRP9BpxtssVvPFwGersLMzqMipUqMZGA6qaCPw9iqeuh252VPkHdrtbHam,curve,ARu4n5mFdZogZAravu7CcizaojWnS6oqka37gdLT5SZn,4456975330,249151143,1,1,0,1,2,3405,0,0,0
5DHgqzEqXjhQJWd7gw81tDZA5svXins8CmorPYjTbnkX,candidate,False,2026-06-02,2026-06-02 18:17:08.000 UTC,2026-06-03 11:40:21.000 UTC,424019448,483,3k4BsNwhwYVCHcRYsFG3RrxY8zQ1jxEYM48sVkqiwFTzfYS9a1TMP4JyGioU9X2N2kvUXRExePs4TWL9NJuHtpUG,pool,47qMMJceFfEoY3HGYBPrKoi2Ed351qTp4cjBSFyhEb8G,5661514759,3292988413,1,1,0,1,1,36917,0,0,0
ESnhAXqgbuRkU5gZxf1Dy1HHd9uQPApg68PBcSQkpump,candidate,False,2026-06-02,2026-06-02 22:15:09.000 UTC,2026-06-03 12:09:02.000 UTC,424023763,384,2MUGB7JGkAUESwkKrnNWbxzHV2BrgRQ5a5viuLYCPTPNUxXH2wamKL5Xs5AoNoEnqQF17rpmzecEjCgvVnteWoeo,curve,8cztdSB5pqxrNMGqRnHoPYP71qbeyLe6YeafCmYaBdT6,4400000000,0,1,1,0,1,1,1511,0,0,0
Gcs9xGZ2C4ewLy1s2TqAPKb4YH2idnrUhFb9GCNqpump,candidate,False,2026-06-02,2026-06-02 19:26:24.000 UTC,2026-06-03 12:33:47.000 UTC,424027501,294,5Tf1zJ8Fuc3UoJEcgxdvptcdxkaBTA7knMxb3Qb8n9ifjqx8bW8jhngyDMk5mceG6XGUKdSAJj66wGnKyVu4KJYd,curve,2XCDub4KxUUZcWKeHgFsSHgW3pyXuCaVTKUWJC5qMdvu,4523701463,1228913577,1,1,0,1,1,2329,0,0,0
EL4hgmHoAoqFChPc6ueJ2UR2u5LMaen34LRQwYddpump,candidate,False,2026-06-02,2026-06-02 20:49:38.000 UTC,2026-06-03 13:54:28.000 UTC,424039666,1638,2pS7Qg5QJvJmYkeSX1MCD6kC4eZGiDEMpYoCmPaTYXmu2tCDBaxV5re6u3xYjpWgDKdy3jWL2wvzLQ5B12yVq6X4,pool,6VbKd8GKyHBgC82r9xNpVeQbFAqpCHW4gn7zLt8y9ebQ,6957482742,987851850,1,1,0,1,1,4045,0,0,0
9LR7rbVdZVwXFF5riTznyvdrJXNf95ncsnx9Zdvwpump,candidate,False,2026-06-02,2026-06-02 20:37:01.000 UTC,2026-06-03 15:34:29.000 UTC,424054710,88,52VE8W9yer1XWU2ds4DxaK3nfberkGjz3SSCjzmAENSuuQckwpdfjwhdHc9WpH2nxLT1jTiv277pJhBzVXNyxiMC,curve,ALaDrpZ22r5nHGSLVvtZaJopdpQBd5MgwUAtGe22disA,4888888888,2963915836,1,1,0,1,1,2456,0,0,0
H8PMferewKT6Ycs4QXw5KMzNYeNPyZNRB75nA2r7pump,candidate,False,2026-06-02,2026-06-02 18:54:17.000 UTC,2026-06-03 17:13:10.000 UTC,424069556,1160,3Gsv8BaNEwsduKCL5zMw84bs7ViG4XBTcbmhVgpPLG3C58hdaS9mfzhHUf6d1xyqfKEEWrLPLM5ZDf3TyTDkfoXk,pool,6PN263YtSJhZomBnTQhCBeJeteX9WhaZzVxU6gQCysqi,7902814814,0,1,1,0,1,1,5135,0,0,0
3TBfnyDu6FdqN4MChmyGCVhmPaZou88ndNcj5UZ2pump,candidate,False,2026-06-02,2026-06-02 23:56:00.000 UTC,2026-06-03 21:22:36.000 UTC,424107170,505,3dCc6XGDQnuimNUfbpe6ttsvwR6aWvDTZr7SKVxjSPCkSXubsW25P2cXJVeqv63gbrB5NpqGnzdHccQKme6UaXRh,curve,7CtW3vMTyNm9u8ByWWoTjGg7XYZteUjYwjEevHypVHb4,4663323029,2834229062,1,1,0,1,1,8183,0,0,0
3dVLcxKDJ1oPyN38KcqgETUaVb84WUxh9goiq1qWpump,candidate,False,2026-06-03,2026-06-03 00:48:47.000 UTC,2026-06-03 03:37:33.000 UTC,423946628,414,2JfJo4hdaCTraRvrLj29SENqkYdoQUcWyzQBk8jFLE54rWvQ5HHvV7yUW49tWPLYWVdxLvrogPYM9XQLsm9GSbQt,curve,3nG9zBc6fTne3j9kkS1CB5quyt25CS29GEjvMGNKmDSz,19753086419,33264196,1,1,0,1,1,7248,0,0,0
D5M9sC2bSC7TTaQPP1SvyVuzMyqtyJzGrfX3qfTzpump,candidate,False,2026-06-03,2026-06-03 02:56:14.000 UTC,2026-06-03 03:45:03.000 UTC,423947753,1167,49ecLz1YZrNNsvruBUoLsLAx6SgwiwNdpu4nQT5JKYebjm2vaWWzsGytNdLwvkg4jWA1aQkaenJgNGohKECCSvyh,curve,FUajQSkwaXzhKPmA1aqrnnN9j4KcA4wejPz6TUJjkK8m,7091358023,0,1,1,0,1,1,99,0,0,0
G8PkngpZV4PPoq1nQkWsECZADFgSWLPLGVwhDr1Dpump,candidate,False,2026-06-03,2026-06-03 01:41:54.000 UTC,2026-06-03 05:09:55.000 UTC,423960543,531,5EDo8E3tE7Jwji14yXZ3Y4yFPBoPS4dGJCXg3x25Ek8dS8TJBUPERhQVZPYtZWuGswbwSfCAxYDwFqfQyzJKQYhC,curve,ARu4n5mFdZogZAravu7CcizaojWnS6oqka37gdLT5SZn,5315743660,0,1,1,0,1,1,190,0,0,0
AicjFm5LBiWf9ugj3bjKaNeFCtL1t5cAWWrXcNJc5hmK,candidate,False,2026-06-03,2026-06-03 01:32:33.000 UTC,2026-06-03 05:20:45.000 UTC,423962167,758,3HwNrXF6FWGnqzvJQD2HU9gu6RFTzGLUXsvTm9rmNHJnGa7efHe3Bb3pXKiw1cEvNkXK85isXULEqTnuBo7Xa3wv,curve,FcjLCZn9mmK4opSzAG8TU36XoiN3zi87M7tdarJcAWhr,5432098764,1000000001,1,1,0,1,1,1257,0,0,0
CPsLisFgVcSAKkx9RdcQZ1Fu8b56AaH4DVHjmBkNpump,candidate,False,2026-06-03,2026-06-03 04:06:16.000 UTC,2026-06-03 05:40:53.000 UTC,423965210,1047,5pa6XmoGZKte9GNnJsYSzMzdJAX79t9xV5KRWUHFA6pLYtPmEQVws6ty4fz4wKuW8bJKXnVutRM1ayUFAmXwnceB,curve,FUajQSkwaXzhKPmA1aqrnnN9j4KcA4wejPz6TUJjkK8m,8750419752,0,1,1,0,1,1,177,0,0,0
DCp8EwCUat7REzK5XFhrg7WUKw834z13c8fszXRipump,candidate,False,2026-06-03,2026-06-03 03:04:22.000 UTC,2026-06-03 05:56:28.000 UTC,423967561,981,Xgd66xxU8vW1C8Z1GRHUUpztmL4mJPDSCMREZ8QcCDeEa41mp1JacBuNH2YpfvmPJcu4evG9NdY7mEP8Cdj3VLW,curve,FUajQSkwaXzhKPmA1aqrnnN9j4KcA4wejPz6TUJjkK8m,5825185184,0,1,1,0,1,1,92,0,0,0
5i1SVh2AwSFgdYuhFnM2K74n6MxBjxjWKcP3vHAcpump,candidate,True,2026-06-03,2026-06-03 02:12:34.000 UTC,2026-06-03 06:21:28.000 UTC,423971339,39,4V1FRBFXHgJxM6B47xag3gRffgXb422cLkG2KprsAqFSyMeSKNiV5JoztokfMvZvWViShX57TFUx7tzBanAHcwWC,pool,6e7JGdVmnAFGuNj7myWk4rY6JVCcXYrJXTvsdWNeoUpC,4889866666,0,1,1,0,1,2,183,1,0,0
5TSPTx8e9MpjkQi65Karf9XbdwkvWm1mtzrDfK2Apump,candidate,False,2026-06-03,2026-06-03 02:29:56.000 UTC,2026-06-03 06:25:10.000 UTC,423971902,219,DkgbQFyXHF7AXJ3hZzRNauNcAA2n6LTL5ZboYd1GvdCcHUGFqEPM7v5nfNJ6SbJ1zhN1a7jDwcHq289m2Ab6cFk,curve,6VbKd8GKyHBgC82r9xNpVeQbFAqpCHW4gn7zLt8y9ebQ,7665405202,2962962962,1,1,0,1,1,2046,0,0,0
Cr6FdzsPs2roefa97wto6iV3zAdYVz5S3SKJ3twMpump,candidate,False,2026-06-03,2026-06-03 03:36:26.000 UTC,2026-06-03 08:14:52.000 UTC,423988471,516,5fcaSidTjRp7hDoTooc7qynmizivMpr57P9HavKxwGVC7rBudxgmKwn79cscfxk4TRHQVSHyN2Prni4WeotnzrCE,pool,9uARgA6zTNnZ6XuqeFnNQogcm2fC38EbYucjpxqNcuGc,8416007904,3284725288,1,1,0,1,6,2916,0,0,0
B3Gf3vqqSNx9QfJGvFnLZvJ36KpHYKkBNQdTMDm5pump,candidate,False,2026-06-03,2026-06-03 04:40:58.000 UTC,2026-06-03 13:30:00.000 UTC,424035985,371,4HhYocfHwrbWtVLfAffgfs37X4pAtaqzn4xcB987ivUx1KXdUTnTxBFEQK2KqX84SS9isWiMaRD2coX1wCa6t31L,pool,2cxjRs8bt5EBxbcSJkY1AXLX5UCYq23pWn83EckDMdCv,4901086955,669250764,1,1,0,1,3,1679,0,0,0
FrdmA5TgNtj6RwjgnYfhqokuYiY1fecuZUE9uouXpump,candidate,False,2026-06-03,2026-06-03 13:56:47.000 UTC,2026-06-03 15:10:21.000 UTC,424051081,560,5ZyPYSxw666dUx9z4HszsNwybCf4e23KKywL8MQWhdGUfZZe9tyTFCgDeyreosxk5AkKDGD347zQ2ohY9C4xwB5,curve,D3yELWEXZFu8XxZnL2cRTk3ia1bRPRTCJiGKDWu7AJQx,4888888888,2768237397,1,1,0,1,1,610,0,0,0
GhrTH8tWDTmodEsatV3WoN3q7YqnG7fHYbr4d4MYpump,candidate,False,2026-06-03,2026-06-03 01:28:32.000 UTC,2026-06-03 15:28:28.000 UTC,424053796,1247,NGm4Mf86oscYyENc8WWA2D1ZKzL7fYMBWddY2eUJ4uU4xhaGBQ2wvL5KhW5KK1hUArDV2u7ZXs1KL2aNYHEtxrm,pool,3JtRKwEkPkr23J2FS8QSFanJrvMatotmZbe6bLo6QboL,7823786666,2378065940,1,1,0,1,2,11561,0,0,0
3757xRe9ejGDXNFbwNyM64KLX1fkf2jgyHAunZfspump,candidate,False,2026-06-03,2026-06-03 09:00:51.000 UTC,2026-06-03 15:38:35.000 UTC,424055332,930,3DCzNhjgWHfpJSnmn2CqoMhzSRRq6y9vQVZr3vfh2EAhEiLBUS7gX4VkTP8tMWodmRmo8ieVkTrEiZysC8DzRc1B,curve,8sYLFqmhpacLmfrqynoSPTDbmZdscbABqxN86tAZNcqg,4938271604,291426288,1,1,0,1,2,4276,0,0,0
FZ9bDvWghobc5KAkTTDxgF83snk86Sz9vTStKCMnpump,candidate,False,2026-06-03,2026-06-03 13:10:53.000 UTC,2026-06-03 17:07:47.000 UTC,424068747,182,2HrzAvJBY5WNdHnimumsqdyEuPeVZ1e8MfQ5p42wGU1wWV894DY8JzADTMJfbuF3CFydwoSAuHeWaptyStxaNH4i,curve,7tmMobbptvLgU6m22n9HCPrddcJhin9XXxpE6EATZ6Wi,6879012344,0,1,1,0,1,1,176,0,0,0
79opHvscNVBmD4kMNpU6CVsgffWQQqmMkwFowBpCpump,candidate,False,2026-06-03,2026-06-03 13:18:18.000 UTC,2026-06-03 17:10:00.000 UTC,424069078,91,5c6xRi1mpkwYGALTRo4eposPS7kzfx44WLDbMkeBDuXQdNp5ak2tRzJXuwMao5moyPpRoC9tvsKbSHg2zAqgVsBg,curve,7tmMobbptvLgU6m22n9HCPrddcJhin9XXxpE6EATZ6Wi,9827160493,0,1,1,0,1,1,231,0,0,0
53PvQYUXoMnYWQV49Xpp6sTtto5UAe3LNqW8z3a2pump,candidate,False,2026-06-03,2026-06-03 13:37:34.000 UTC,2026-06-03 17:13:24.000 UTC,424069592,395,57bLW75ChYgySnbCjVhtcUQfaUw2HUKPsuPgBJcT1fPWEfJiHnkzbnzSrBmBJdrsitdnsB4L8hWfyAUJqwFPzVxU,curve,7tmMobbptvLgU6m22n9HCPrddcJhin9XXxpE6EATZ6Wi,9827160493,0,1,1,0,1,1,218,0,0,0
6qjVKDK8eM9weMsAQajjukgqj4BkbYXRUYt7RgYrpump,candidate,False,2026-06-03,2026-06-03 13:46:34.000 UTC,2026-06-03 17:16:20.000 UTC,424070039,1048,4NDzvsiBtUhydX1cYFD4yMHJxw6TQrw1cmTmgouUumxVFLMpM4u3gmRDuzqypm7ryU9tmtG5c593iT3XoccC8Ubc,curve,D3yELWEXZFu8XxZnL2cRTk3ia1bRPRTCJiGKDWu7AJQx,4888888888,303233333,1,1,0,1,1,79,0,0,0
CyniDgHBU6DGmB3S9w83n9dr3L56pNdeY9YSvwA9pump,candidate,False,2026-06-03,2026-06-03 13:49:57.000 UTC,2026-06-03 17:18:40.000 UTC,424070395,405,4nBpoieHHWgbBNCwKua6Pu44EqehzYrozPXAiQeZZFwqTivAVHAvEeHnns9dSp7eKBD7JmCd14u6p3qFYGQC4ajY,curve,D3yELWEXZFu8XxZnL2cRTk3ia1bRPRTCJiGKDWu7AJQx,8800000000,97777777,1,1,0,1,1,232,0,0,0
51yhh9EDzExoTmhBqNb6KhzwJpBF5DdaBgo9tF9Tpump,candidate,False,2026-06-03,2026-06-03 16:30:27.000 UTC,2026-06-03 17:49:46.000 UTC,424075081,0,3srcef3zeKhvoPKo1DDUJgBBHbWtGYMQ7yXxAbYcE2m7aRgzYmGXqdcqZfFkUmvcwUADq2eooGreDNuD8E894jTW,pool,CyaE1VxvBrahnPWkqm5VsdCvyS2QmNht2UFrKJHga54o,4889866666,1757289369,1,1,0,1,1,4670,0,0,0
EjJ2PPNg3bxKKHqvNnkcsvdMPk3KrPB6bvZLkdCopump,candidate,False,2026-06-03,2026-06-03 16:32:35.000 UTC,2026-06-03 18:07:14.000 UTC,424077708,727,2LidjWKJ23V77p9VT4cuGyxopji4oRfHmDuKkCKck9ZaruFZRaRP3D6kwtz6dMRBN4xgigVC68Ae7Uqac7nTKeFH,curve,ARu4n5mFdZogZAravu7CcizaojWnS6oqka37gdLT5SZn,5186287151,0,1,1,0,1,1,260,0,0,0
DKa8bc1r9w8fUXu8gA3JWSCpzcgjnEPt5gsE824opump,candidate,False,2026-06-03,2026-06-03 17:36:41.000 UTC,2026-06-03 18:18:42.000 UTC,424079432,681,38rMnWPJ4WbXMe55G9nNXmTbVkKrCJ7cPbKestaw9yf8wisA4YV66ERHCNRsyBoG2TPXjygaKqqK4351Qx2tCk6R,curve,HYBqBAPPAHTVsTHW2wPzZU6QYpUkuDpEgesDYnbrcka6,9827160493,1368888889,1,1,0,1,1,267,0,0,0
D6s6a429JXscPogkrbspYTyUYnB5gvJHFfYM7f4hpump,candidate,False,2026-06-03,2026-06-03 03:23:47.000 UTC,2026-06-03 18:32:05.000 UTC,424081454,432,2Uy5yYhRHxXyaGgva6aP5AiGjYfXqdpxdj6zAa7P1ao5tYz4wE69CLRpn68XZjSXE3694Jy2Jf3U74NwiRZefwCt,curve,2griikJDBj2uJnjZ47s86tRn1XVTrLu2hMGS5UZto4sf,9777777777,0,1,1,0,1,1,144,0,0,0
Du8rJeHLKhyyuMUsgmKAm5WT5cJmKpSmzE7JRr19pump,candidate,False,2026-06-03,2026-06-03 13:58:25.000 UTC,2026-06-03 18:32:10.000 UTC,424081467,534,4qemmfDx7W4CmiNKunpWP1PVz5ga4b6H5iifVx4Tf1yNkV3dhqdC8dwBDrP613UZPX8uLZUdVB1gbzma9CZXeC5o,pool,7dZCnJWJZULrSdqzgASf74DP5W7hoewTgHSptNHyZXLY,5097330580,829957660,1,1,0,1,1,9007,0,0,0
HVcPHenSVg5P8T4M2khGqtMMXBQQy5rSgD1z28vfpump,candidate,False,2026-06-03,2026-06-03 02:46:43.000 UTC,2026-06-03 18:32:46.000 UTC,424081554,183,42vWyb3onAKP8s8DHHKrWskWbYeziy8BAv17Q4da7EKKRCkuL4Y1bo4rwWJJ6ivpsKw6CZgRos55u7JsohsAXH2E,curve,2griikJDBj2uJnjZ47s86tRn1XVTrLu2hMGS5UZto4sf,9777777777,0,1,1,0,1,1,249,0,0,0
8Xqgo5nPqRBycfCV1jUd6dPR11ZbanFJZfBFX4uPpump,candidate,False,2026-06-03,2026-06-03 16:59:19.000 UTC,2026-06-03 18:43:02.000 UTC,424083095,202,3eCw6o4sSe3Aino5gcWatREfa7a1bmbrq5GWvpcXSNkKe5zjXQEw5i8ez7FA5Nas41VzGT4FzPMKeLbXPodv9MWF,pool,59QB6MvQ383CmyXU1Wgw4gVCLKynTjGtRGMqbhxDdmQS,4908362196,3654069900,1,1,0,1,2,1761,0,0,0
GQVPgQ7YKHLa8CMsv1JV3Gv63ywkAj15ZoCRVv2dpump,candidate,False,2026-06-03,2026-06-03 15:42:14.000 UTC,2026-06-03 19:09:42.000 UTC,424087132,403,2yYz71KTvQs3mxrcb3aAKKQK5qE2B8AFJuMVVxzBxx4Sc8kBsbteq5QUkp84dL3V3wdP31uGVtB27DBt8GL9CbDt,pool,77ySfnnEYadzPAyX14ncooJ8Z9BDaLKJ2s1ucsnVZKAV,4299148926,1817289626,1,1,0,1,1,5813,0,0,0
BP24Sc7Br5PHCgiy9iEwM9DqA1NWrYbdC7VBUX6Fpump,candidate,False,2026-06-03,2026-06-03 17:07:51.000 UTC,2026-06-03 19:25:47.000 UTC,424089562,1083,3AeyA51Cb7Vz78RZoLKiVs6Fhc8a12eaw6sLjVHZHGXVtjcxVEaoLMdPhJ3k9ymewnkJjpVNXkJuFtBdxsBf3UnM,pool,7ZV54HcwtzRhZSEPskT8ox5hn9yNocK9xpe4BQXoziaP,4103416780,3032705183,1,1,0,1,1,1500,0,0,0
6tE8zuorjwJeVwQ8pYTVt62h74rE97GhAQi8njTwpump,candidate,False,2026-06-03,2026-06-03 16:25:43.000 UTC,2026-06-03 20:08:43.000 UTC,424096037,844,oq8BghFExFabqzYTfngYE2xdQX5pVdkTrz5iAB8kAmPt1CcyC1m7QXL4FZCLLTciYiFYQsDtCaTbTsLGrAwP2az,curve,ARu4n5mFdZogZAravu7CcizaojWnS6oqka37gdLT5SZn,12938216139,0,1,1,0,1,1,13,0,0,0
GugurhdcJvntY1hXDMFB9Zk8K3aL2aH8g89u1ctDpump,candidate,False,2026-06-03,2026-06-03 11:25:20.000 UTC,2026-06-03 20:22:35.000 UTC,424098139,415,3PEZx4yXKujGCpyKwmB5mcU83URbeThnP14F5DukZrybvvkwGyKRBdSN4VzJ326FPXh4JxiBoV2SExoLnawLu72f,curve,Hsu75uJhEidV5Zkj21XBEYUBaFZmjb8Rd6qUpweWGbTo,5925925925,0,1,1,0,1,1,1637,0,0,0
6eqM6HLJoae4KArWoi5xZsPfsHWavX85M6Frfyxjpump,candidate,False,2026-06-03,2026-06-03 00:18:59.000 UTC,2026-06-03 20:23:52.000 UTC,424098335,939,3k8racjFsTQ3KXe5BhE1MGaZfUa7e6VDvtVvkz1iviuQN2hWRqvy1q2LGdYced6chfwAwEhVnNftGbaQY8Hh7G25,pool,7iVCXQn4u6tiTEfNVqbWSEsRdEi69E9oYsSMiepuECwi,5085986184,2202379456,1,1,0,1,1,657,0,0,0
9ekPKK8Wt87S5mDqvorZyXxLEAg45nQMZrY7GWGjpump,candidate,False,2026-06-03,2026-06-03 20:27:26.000 UTC,2026-06-03 21:00:50.000 UTC,424103907,121,4UStG7zhApQsuPZzscWkA3hpURii1SRYdPGpXotaLznNfUStk8s5sMTeMbMUvoCYCiZHKd4FWotgYsnQHCENN7HQ,curve,CACFAA8ANkm9r8dhbSRguuLJUxJV9ieZzQCMSthsCKRr,4888888888,772186376,1,1,0,1,1,85,0,0,0
6xUoG8JtjYxKfBD3nsLGp8n9pGzKUigF5WTwWyy1pump,candidate,False,2026-06-03,2026-06-03 02:12:51.000 UTC,2026-06-03 21:57:48.000 UTC,424112461,810,1pCuZ89CLuTpkbszJjxCerRTQwHJ4FmBAmDjBjNWZo33mWHYrPGs3NiMbSMJLF9bEfVowP2TN3RCQNb9RCWtsiA,pool,AiKTmPHdvXmc9E6wRwAk5juUqQXVUmAX6uWxS1SCgRpn,4950592885,0,1,1,0,1,2,10368,0,0,0
Gdxpe48jLUKhvsaeHSfGEhfA3gZHfyb9mEv2qJdYpump,candidate,False,2026-06-03,2026-06-03 22:01:07.000 UTC,2026-06-03 22:59:45.000 UTC,424121816,410,2ULtCAnvmi3wRDgzZBMz4Feur5WFeV7Lp5Do4yvVxKXmAKaLWJ9zoUNtbf3yMjGmZ4LS3i9Q3Pj5Du4SjQwYLGC2,curve,268hBsnYcehBUQ1yuuK9ybp5wpuKJYqV8g3eSk8Dpp2x,4888888888,1041747987,1,1,0,1,2,137,0,0,0
3UhEnRxdcwEarLfyyG5xQitFt8ToCpwL7yGCzSUfpump,candidate,False,2026-06-03,2026-06-03 15:16:42.000 UTC,2026-06-04 00:14:02.000 UTC,424132995,117,2WA8HALfciwPboeTEYGCT2XBGxGJnkdXtbxERPDBnRAc1RNeorYAs1vLLNPmBQef2T1Ni6AV8GpAzFvna3RkgzdU,pool,2WGfesBLzEJd3wKmUrutHf36PMRTnLa7eo2dgR7PGkrT,39514074074,0,1,1,0,1,2,4085,0,0,0
CmcpmnQWv5CPfEejxxbYNWJVdYxB2EbyU9ETMRJc8UFU,candidate,False,2026-06-03,2026-06-03 23:40:58.000 UTC,2026-06-04 02:06:30.000 UTC,424149891,74,4aj5eqWDdd6bcHwhPxjqg3SKktngXgHKoNhLjQow7aNwsiH8V6SepqeaBcJrtVYuwu7cPLjvMZXhdXoVdG1ctHXL,pool,G8CwQWHPQDr5xY5oDeU3Lnuon87DdmLSTxAZR6ZdbBDT,12842074073,851405059,1,1,0,1,1,5718,0,0,0
6DEvB7wEj1iR4mMe4Yji7n1L7hiz9BCd4tBWiLVvpump,candidate,False,2026-06-03,2026-06-03 19:48:00.000 UTC,2026-06-04 02:22:22.000 UTC,424152268,1764,3hCRKj4xRaESzrwxy5axcznVnZmqfeLsCX8QUkhvDt11X6NhMnJP9fPSCa5vK9kFaKVTmcwLGb9dHL6wuqXVtaXd,curve,CMEApKhfKaEgYBgSvcijDXbomZp36evvEwqpDDm3XHP1,5890370369,2441663889,1,1,0,1,1,5646,0,0,0
7vscuXpCXAC9AzwyoFEqeo2pJVkmhSwkRHccBeqMpump,candidate,False,2026-06-03,2026-06-03 22:34:57.000 UTC,2026-06-04 02:34:53.000 UTC,424154148,991,4qxQ85aNVA4fg9MjDYhPHYVzn8fUFH7N3NRDdHGpfYre2Fhv9gxqSM2crC5x1p7h722X3Efngg36Zr2Z2ngn7U2Z,pool,2YEUCi2Q78VKuK2WhNLLuaYRM1eZYYfHUAvxg4CfEtH5,4889866666,237677151,1,1,0,1,1,3613,0,0,0
GepUmkyMCYxik14AQmwez7HU2xKMs15tAHKtwVJppump,candidate,False,2026-06-03,2026-06-03 12:53:38.000 UTC,2026-06-04 02:49:30.000 UTC,424156327,494,PhKDx6uFXeGJYrPoEyeJdwkNEm5w6CD2ECULxDETxV1fr3pp1HboECjJpAoF6FzY6XCSpcTgCGHpE9JxokQqcrv,curve,7JCe3GHwkEr3feHgtLXnmuJ1yB3A7coSeyynxTBgdG8k,6652938271,2681877650,1,1,0,1,1,2107,0,0,0
dFybjfpAbTxjen9Ux2Q2dQSFTmrbcVRzYsGoiV5pump,candidate,False,2026-06-03,2026-06-03 12:33:23.000 UTC,2026-06-04 02:58:52.000 UTC,424157744,696,4Qsp9jZeVLpTVQY4cnmhxN7QmUyPvWeAW6izGksgxDRZh9TxxinyTtFzWxYaZEBozn2J62DJn1T4tGnjoQytoZnw,pool,9QNx8Y5YSDNnoXFTnnZikCNFU51jGkEfar5JQfMcW8m1,6258031279,1788954743,1,1,0,1,1,13168,0,0,0
39EDqwePG7NU1sRiLHq2Nmx5pdadMA8n5jaLYdpapump,candidate,False,2026-06-03,2026-06-03 18:08:35.000 UTC,2026-06-04 03:22:08.000 UTC,424161272,856,31hxsmwv7V3mGvpspwpoJu9Jjhpv4EWxdwU7yKz19gvf9f71MkaCkz1xARXPg2XdKTV9htj8UanELaWUR4yKLM7C,curve,dzDWrNWFV5SwbXd1VbFpA5bL2qbAfYx5rpqhpFvnQkz,5530864197,3788738872,1,1,0,1,1,1745,0,0,0
BnhsxDwWwDPVaURQo7KsTJxYogAAc2Pe2Eo2iJa3pump,candidate,False,2026-06-03,2026-06-03 17:00:06.000 UTC,2026-06-04 04:28:48.000 UTC,424171370,1009,49ZVrsJXx6NfAPxsKemkkLnXLFiJqiK5Ab84RgYKyQF977mW526Gi45RwEqxHFwSd8EeQwscSzRVb6G1KVbzy3F4,pool,ARu4n5mFdZogZAravu7CcizaojWnS6oqka37gdLT5SZn,4329345411,1079069864,1,1,0,1,4,6202,0,0,0
CDoFUKvZQesMokWp8kCVJTD76Z61JBuCbTtdwRL8FRcX,candidate,False,2026-06-03,2026-06-03 22:19:34.000 UTC,2026-06-04 12:52:25.000 UTC,424247217,105,2f8Zdip3aZq5feUiKxrj8JyFULjmeBmgCyhD7tMtMX32UDMs3oygeyMcGhjEC9deaBT64WNptuE3PMZoEuJuDXaJ,pool,8fBZZJbuGP6iJLv2v5QtUNnT6e5zTMgmZgFj53v5zpZA,6594166069,1127867421,1,1,0,1,1,1094,0,0,0
481mi7VEjgbBsofHjScX4D6oXwhFq76S7MMqJuidpump,candidate,False,2026-06-03,2026-06-03 21:36:42.000 UTC,2026-06-04 16:10:35.000 UTC,424277096,975,2Z3sBUABpZWa2dLZRmK3hFhzn8v39Yii3wH3c7DtYXU3ua66W359zom3HeoWKbNoHdcKfuDxLXBiz3mTdhDrqi6N,curve,CkunCFewEoohH9PKhdxxvpidJq9JXyKExcJcYFWg3egf,4888888888,0,1,1,0,1,1,352,0,0,0
278mFPDywhQzgjWSQAm89ALefbGP6nrdG4jhnw9Npump,candidate,False,2026-06-03,2026-06-03 19:06:58.000 UTC,2026-06-04 17:30:37.000 UTC,424289113,838,3cokF34PL6oWjZbvQ9rbRRDSEYYKEtkLDMMg5SH6xuv1HX8oGjmujY8NVWpLfmw8f1Sq3bW7HBiNwBtnU1T2gawy,pool,Hsu75uJhEidV5Zkj21XBEYUBaFZmjb8Rd6qUpweWGbTo,11854222221,0,1,1,0,1,1,6901,0,0,0
5vfR1t3iyX1SkiSJesM9uRdtvc49A3a9DENu738Epump,candidate,False,2026-06-03,2026-06-03 22:51:36.000 UTC,2026-06-04 19:36:58.000 UTC,424308144,639,3jpQXiexb3F4ZkuuSzCzM8kNN8FdXdHWs2VnnRbdPHm1QVnEEhFKKhuCCRxkaUc7dEopZQRgJjCmx7xdk34ubpJf,pool,41sEWFMHD169ivPv4AWQDB4wfczAptzoHdHmyNkMLG5c,6552421332,3209278820,1,1,0,1,1,4276,0,0,0
CVQMoWYCsEdnnT29DXmYstwHbXwXHtu7f9LfcNL6zfMy,candidate,False,2026-06-04,2026-06-04 01:00:37.000 UTC,2026-06-04 04:30:44.000 UTC,424171664,1126,5prJxCrqNjc2FEB1ynbbqHuJguigGAYkUY3q3Nxkz9nucvuHQaL6okz9NhUy9uuhqEwButmNYcVg45DreLgi2DcR,pool,5cutbQoqBe95K1rtjDwfQ8JNmkzhYQj2ZvA5THx9ZQiY,4889866666,3131279570,1,1,0,1,1,7518,0,0,0
7CmHkrwFnbdVij3E3FN2hUSbbo8mvi7F7CrcTNj7pump,candidate,False,2026-06-04,2026-06-04 07:25:55.000 UTC,2026-06-04 08:52:51.000 UTC,424211154,323,4NfS1qFfwb7bgFeuPJ25keGx6fU2NK7Rx4ciMpSJujB3bU4khdxFStNvvA8WK6J7C7VzUg38GTmDebVHf1EWYFB7,curve,4XymDPX8HTV7YJbakGQDmKAbXRNLS7bAXm66NHMwyFnX,6454590387,1722884326,1,1,0,1,1,393,0,0,0
7FDV4CGaWY9xo3FxG1S5ReGjXCEGg7wXVEw2bgo4WnBQ,candidate,False,2026-06-04,2026-06-04 04:55:08.000 UTC,2026-06-04 10:05:21.000 UTC,424222076,1270,3VghJ1YrwiZudi9hNZhPv3NnY7Lo2veNmw86xj53bbf7HkFhyzkm7wxawvQN3cdq73m95zRgNxJuP9qVdRty8vzp,curve,9rqbxQnjpw5CzCH9xRVcz3NhAikNvCaSVSekFDry5ntw,5925925925,1000000001,1,1,0,1,1,85,0,0,0
3bZWWwyw6GKtRHHNmpM3BwC36Q3DqaKK7Ei9km4Hpump,candidate,False,2026-06-04,2026-06-04 00:21:53.000 UTC,2026-06-04 12:11:05.000 UTC,424241013,352,2vPRigWmj7BdbMdJJweekqhMvU7KYtruQxAGWZjvRYabkgK1PFkkmHKvtQJj6oDbkgdsLvG12SB4WaEzE7WkF1v6,pool,DzgonptH6EDTTWQLtFfzN7yqyGrQSQRjGrvWAsL7kLQf,5427752000,3857171588,1,1,0,1,1,10624,0,0,0
HUJvZAamjF6rZdsVbaH6BGDht82DJAeFctKY6riipump,candidate,False,2026-06-04,2026-06-04 01:15:11.000 UTC,2026-06-04 12:13:40.000 UTC,424241395,82,52Vp4cmL1tnA5jAsD6RE8LwpENSS3bDnVyPvPAFdsKfb1P4618jFnJHTh5o6Fut1DEPdr2her4btJHyHxcm9BTGc,curve,BKYZDx7A7eNYccXaiSs2QVZZeryreCAT8gVqkctAyvyx,7027081912,159777780,1,1,0,1,2,2203,0,0,0
8TUzb82Rg5UBYD6BFQhVekRFLzBQYHrMpbfCKbRopump,candidate,False,2026-06-04,2026-06-04 15:16:54.000 UTC,2026-06-04 17:08:46.000 UTC,424285820,1105,NtCsneQbH1iqUS41bZbeppLTcJ8hYvGpCR7EcHk9szh9TSubEcVbH53BAwhBXfTcQTmvErEsNR7zMoAWPTjdoqt,pool,BjxWdhM4rzkApb8rEYyNF5uLn4TgFfYqoiADMsRBdNBA,4889866666,0,1,1,0,1,1,169,0,0,0
7hMq7EQkDGJkivHKd9zuE3F9DBJdNpYETmYJdghqpump,candidate,False,2026-06-04,2026-06-04 14:45:06.000 UTC,2026-06-04 19:04:24.000 UTC,424303244,625,BHrfA2qBSymPuR6mcx9MAY4FFtYmjmDUvTkSNV6iytREnN1q8XRYCJiAf6CbHjqSn11KZivvYre4SGVPkPtqvZd,pool,8aCJ84tNDQapU29wy2teRVKYp41evE5g3anD4ZYPNcJr,7543984702,0,1,1,0,1,1,27155,0,0,0
C2P71ZPZbphRf7zyAWGT9nLfsXWkZsvtgNgTfq3fpump,candidate,False,2026-06-04,2026-06-04 16:23:24.000 UTC,2026-06-04 19:17:13.000 UTC,424305166,1448,3kyGYP5fG453pam8FNujgLcwdhdNE1LEHLJZrba65WcXpU1ZpnwwxTbtbo1mMRWKLpe2xKKbt7LjjfXLbFTq3KBp,curve,Bey6fgxY1npeDQCadvwWrv5GCE4anV68WEiDYJormnjS,6951091305,0,1,1,0,1,1,9,0,0,0
edD5c631BGees3Lv2fEPdGqZ1AEta2pCU4E46Fkpump,candidate,False,2026-06-04,2026-06-04 19:54:15.000 UTC,2026-06-04 20:29:07.000 UTC,424315964,135,5AbRqDxs3FZcLvimWDYFzvmD6yttzTqL4SiRnTqWnKCn3Nze2qAdVtwbZJG5SLs11FnpVTaZ8u8EEQ6C1hLR8vU1,curve,5st7H8QtPEVfovSwLmdJDjbUAQivVZJGzbHCir6dZxGc,5328888888,0,1,1,0,1,1,320,0,0,0
5SSZNdU6SWVSfGV4fZ3SjPsqGirVh6UVEa5tRCHVpump,candidate,False,2026-06-04,2026-06-04 18:26:18.000 UTC,2026-06-04 20:54:42.000 UTC,424319820,214,EVU6nhru5ojgU25GTHJeun3rCpFwJC77KoNbP6dVv1nJbM7cRJiFZcbBE4RYcQs1CkHVmA63iHhVTyrf1DYDT1G,pool,BkduPnSrWhLAz51872rJ48ExozgQaQkRJxpPbWxrUV8g,27659851851,488986666,1,1,0,1,1,3091,0,0,0
Euuc9Cg1hfb562anxSJFMDUakJKU2JExeXZtDuqVpump,candidate,False,2026-06-04,2026-06-04 15:57:13.000 UTC,2026-06-04 20:54:52.000 UTC,424319844,956,39J4uGpiMDprpAbpHYr1uJeio3hzujH2KhvxJvZGg77iqSfgksm9PnkSXpSLUvpMry9qVTFTvDfDZHs1NriV5XvG,curve,3oUEaNt7uL7pjZ6gdiAiEVRp9ZCcGRec7B5aSvXcjbWS,7978567563,1156531989,1,1,0,1,1,13,0,0,0
4WDAmRBNF6PMVxrjUwkiqiyQnAhxKMyVNQZakcNipump,candidate,False,2026-06-04,2026-06-04 14:38:11.000 UTC,2026-06-04 21:05:14.000 UTC,424321418,108,55mg5BDbiqREB3skwKRy79yTHvdtTi8wFkbbyLomW1BPJ277xhh21xhWUXBecdWP7vXyM2jsSGvxscpsQAzYV91x,curve,FWUEaYzcvH3WoS2n29T7fzTTR5JdtMxisusPtjuhGnsW,13827160493,0,1,1,0,1,1,6,0,0,0
7GRFKSCbASEdtbgWJ7Pvx8ahs6HYF92GeSBcwL1Ppump,candidate,True,2026-06-04,2026-06-04 19:25:34.000 UTC,2026-06-04 21:14:22.000 UTC,424322815,808,5jhNV7gEMZFDCL5kcU5b2HVviHhNUtJz19YMWjN2kbPvnymLE75r4CFrgFaiofjsiG64NgHdeT5LJCxqhV2oNwCh,curve,7JCe3GHwkEr3feHgtLXnmuJ1yB3A7coSeyynxTBgdG8k,5608276979,0,1,1,0,1,1,163,1,0,0
AqZxjoCX9ypmiXbL2wMMRP7rT3oubDjg9K7C3Bw1pump,candidate,False,2026-06-04,2026-06-04 02:13:56.000 UTC,2026-06-04 21:19:04.000 UTC,424323516,69,5D3SpQjzTxRaERuYr6JuSLmoQCHAN5mdyz9fZwKbumNLvJtQoEBTBp78fh5XzrVkubvmcotBvbc4FUgon6s2KpaR,curve,EuZG3Vs7vud9iah9A5qumQ7tR2GkRyEAfBvyDEVRqDfV,4425137883,1026140559,1,1,0,1,3,1184,0,0,0
2h7vETrJ7WnpFXAHu3nDV89gdpQxFzihm3ba6m2upump,candidate,False,2026-06-04,2026-06-04 16:36:58.000 UTC,2026-06-04 21:19:38.000 UTC,424323605,1156,26HhRCbBJBbvHVvwcVPeKMfCDrDsc3Zmm2ARGqs2HHM9W6o4vwXHzDdo4wTDpxATzkhzyRvFKJ65mDx3dHdK4GHv,curve,5rHqMEqAxDaV21zFP5TDYB1mTbC4tyzWru8pknXW8DEv,8800000000,0,1,1,0,1,1,32,0,0,0
88YMSeC31wDNKDPhBYgVfr3g8NtdUNgCJdrn8dDCpump,candidate,False,2026-06-04,2026-06-04 03:12:22.000 UTC,2026-06-04 21:52:15.000 UTC,424328526,5,DcoNcZ4cMhnTKvjp8RNWFZaSnwXg1ePPtRjvh1xmFbUiTUyFmA4zbW5Jvr8pXGjNzX4N8C6cpmnbfEUU4zzaUp5,pool,HUg1XNBfdJbFDLEaMBmc2VWf6SCrBkFe11E83ktXXz3f,5951618107,0,1,1,0,1,1,8407,0,0,0
H4kaij59zzfVfhZpXzBh438YXDU1Xp3VYpL4PK3Jpump,candidate,False,2026-06-04,2026-06-04 02:19:13.000 UTC,2026-06-04 22:04:00.000 UTC,424330292,420,4pw9nXCEWd1M2Qvx4sb9ixpBYVmpq2h8awJ8JHx8v9c2jd5s6jJC1Mgh7Vj8acSyqwfgquDfhZVC5qhU3Y1esHyz,pool,GZ4VXtBSitc84Kp1Lso5joDBojvpcz9Vnh3Dkx9BCEVo,8660044613,3862201800,1,1,0,1,1,3115,0,0,0
4xgdCYwrabGspyi7ffvaEsxhY8ZX9jm2uuzgwwf2pump,candidate,False,2026-06-04,2026-06-04 21:35:01.000 UTC,2026-06-04 22:23:58.000 UTC,424333284,1303,3Wi8eHs3mpgnYu9MKMdwyryBP5qCSKsizRnSNYtL4pVTN38oGR1WtJsJKT5SoL6es6iScoUENW5eKiCwS2XeNKQt,curve,6XXVKAp51XvDCT3yU5rDJqrrxQn8hB9vZzMsAwSCLuqD,5925925925,1975308640,1,1,0,1,1,92,0,0,0
5tLgmck6h5cLNdKyGEXBvd8GYXWaKPmEZqBWHoXzC8Ue,candidate,False,2026-06-04,2026-06-04 12:23:39.000 UTC,2026-06-04 22:25:43.000 UTC,424333544,890,2xqA6D8rmy9nPwHnJKmp1hbJWxEdFWjRbFmQeLmcw78M36cmAX5kkrKKfuAU1TaFSPUoTK7n1Ps4oeG4JFfeEiPi,curve,9rqbxQnjpw5CzCH9xRVcz3NhAikNvCaSVSekFDry5ntw,5925925925,1000000001,1,1,0,1,1,84,0,0,0
6jb4XWggYJjoo3fx7irPVxhNiuFbHUyVyKR8mBL8pump,candidate,False,2026-06-04,2026-06-04 14:24:38.000 UTC,2026-06-04 22:36:13.000 UTC,424335111,441,vr6W9vtDuvE3gDsbuV3VTkyE8F7UD4kQie4mmipxxN3A4TnkYtKR1NtrCCa4eWg16YKz9vd2raCSonbBjxKgGg3,curve,48eU4iiGHd5d426TRTb8dMoqvhMDafN7YfUe4FCDSJAT,4826821826,2221341659,1,1,0,1,1,2562,0,0,0
HENbwYB9roXganed9MFXm9kQ9YnhMb1cTHxeg44gpump,candidate,False,2026-06-04,2026-06-04 21:53:30.000 UTC,2026-06-04 23:56:32.000 UTC,424347202,0,5wPLRUoa6KJAu7AYyVUSQRTrLxXhWJS2LWjT4k11xoTycgyeAfLfgU8amHGt8hboC9nArWtUjYYXsoHHCBCJ97y,curve,CYsH44sDHW6nVbP848YBpFdnrZ9woywvWx2FiMrcbC4F,4962746710,3499586182,1,1,0,1,2,3484,0,0,0
9EuQoeZRYLaBZkZqMR4ih4We7vZUyk5PAZYKkTGCpump,candidate,False,2026-06-04,2026-06-04 04:56:51.000 UTC,2026-06-05 00:11:03.000 UTC,424349378,1007,4obdvo5n4Aco7cbdMiuPwnJ5UtjkNjXoCSJ3PnaJw8wVzHttEAKey1kXu3xx88mJdjGtGgGLoR275gDe8L63zFCg,curve,4s2WzRLa35FB58bZY1i4CN3WoywJeuYrGYHnTKFsT23z,14317129062,916419118,1,1,0,1,1,740,0,0,0
GZDfz8uSH9KTpCUSvNffiRdoM1PKd4SWgb72B9Avpump,candidate,False,2026-06-04,2026-06-04 06:01:00.000 UTC,2026-06-05 01:15:24.000 UTC,424359071,196,5CtENCVW4MtG9pMA3xVG2cBAhjXY3cWN2oySBdsUUnJBNM4bkq2vT9GJX3CtBrbgg1ETQAofu77AX6nab6oJHvzL,pool,ARu4n5mFdZogZAravu7CcizaojWnS6oqka37gdLT5SZn,7545068300,3262433864,1,1,0,1,1,32466,0,0,0
EonL2M7v9ix47w7vtu4KbCp3VtXNa6xSeGs14fmHpump,candidate,False,2026-06-04,2026-06-04 21:41:52.000 UTC,2026-06-05 02:16:45.000 UTC,424368305,457,2jvcBztBiW1UjCnWgUiEHbZH1i9pCXex58tZTNc7QDbKeKtgvUnUu7nMZMKHhjqFU3pyyGPovXC5SYfgoiyYBvyf,curve,HqXf7BH8F35yyZnRrCMgGgj2yWUqdr8nGvH7ZC9xW1HB,11716640432,0,1,1,0,1,2,1522,0,0,0
J4Gyibny4ktoAH9tfAUGy3dQYcuQNH3SjdTxhiGpump,candidate,False,2026-06-04,2026-06-04 11:37:05.000 UTC,2026-06-05 03:04:07.000 UTC,424375423,670,2odDSUvtdbS2ptfk8RuY8djPAdSSFn2NkEJQcx7pSH6yZCTGd366X4wSunqbBZTPXNTEs7ft4AvPXCRwxpnGPhtY,pool,8592seSCg3DAwJiDx3qQ462qfcKgeLXC55YXjS2monke,10757706666,0,1,1,0,1,1,9504,0,0,0
A2r3E5hp5mNRztTPcGWvYr7Qw1qrTCan2kVM4fKCpump,candidate,False,2026-06-04,2026-06-04 10:42:52.000 UTC,2026-06-05 03:04:51.000 UTC,424375532,521,3LG6cd7nmGXFJq6KUgpfLoCYjLtfgTX2Tpkju15HD3PrRDYavvixrs49qNRg3wYLE8Sq3fcY6uPDRAAPyk9M1531,pool,8592seSCg3DAwJiDx3qQ462qfcKgeLXC55YXjS2monke,14669600000,9878518,1,1,0,1,1,1399,0,0,0
HGbySBARfjzX7b8P7BGjPvhZaHKfu3Gwx1F9Yn2pump,candidate,False,2026-06-04,2026-06-04 11:14:31.000 UTC,2026-06-05 03:07:37.000 UTC,424375951,982,24NXEeFot9iw2UyEaZzPFfYWqpHXC9k1j4LKENkd2YUPuC7QzFiF4b3hzxM1tu2Q3czFkbf4uQdPiMhz4XWtJbKw,pool,DzNpHSK7kaYtCm3xumMuMQR7MsRi2Uo5aZ3Zs2BNRKz8,11370294666,9878518,1,1,0,1,1,1154,0,0,0
AXCeFjrSnwXVzGjPewp3kzuEnGHYhvx1x53kkbh9pump,candidate,False,2026-06-04,2026-06-04 17:02:13.000 UTC,2026-06-05 03:09:14.000 UTC,424376193,34,3ukRXjJuae1ciarFR3T3VB4Pptnj3fc3zdfnpHx2yKJPEhc7jPWZGZR7MgjNeG6XgMv7qzZmc1wd4kpsgemxPimj,curve,9GgNM7WHipdoSKRPHD8VJhy1WHSdosJ6KCMxucRf4PhQ,5196541730,465884923,1,1,0,1,2,1006,0,0,0
8XDEGSfWJEL8HRM12XN63b7LpHcLqH9wRi1bcRXspump,candidate,False,2026-06-04,2026-06-04 09:51:22.000 UTC,2026-06-05 03:09:16.000 UTC,424376197,379,uW8wQGUYf5QTUcRy56fgrx3ezruzuFdAZMukn5nsP4kzYr7iyouAGs2CeNB31MxnAobKCY99bxsVhRNAPAn5iKc,pool,DzNpHSK7kaYtCm3xumMuMQR7MsRi2Uo5aZ3Zs2BNRKz8,25745452481,9878518,1,1,0,1,1,1486,0,0,0
3hsCeM7CvB4CTyzKLXhpqakj5tjwQ2nHWhMjBbgcpump,candidate,False,2026-06-04,2026-06-04 09:13:55.000 UTC,2026-06-05 03:15:36.000 UTC,424377143,1232,2qfR3JcePmLZ4pn1d7pVXzUZ7AF2Nbe4kSuW2LogwKjsdvZZ3kGmq3nw2VUNfRE8dTPGeUDE8EhFH2dBAPrrjUuz,pool,DzNpHSK7kaYtCm3xumMuMQR7MsRi2Uo5aZ3Zs2BNRKz8,28393796069,0,1,1,0,1,1,740,0,0,0
yZm7tThixNbqfo6XQoNspwrW5TukTzG8AsFWtL3pump,candidate,False,2026-06-04,2026-06-04 20:51:32.000 UTC,2026-06-05 03:22:48.000 UTC,424378229,626,2Fn4wiiWnWZKaKnuTVQGdUpGv3zvhqZDuGiXxGHtMzJwXCvas1HEsa3XXer9tpJmLgdm9Coac28D9J4HCLWyhgBj,curve,CkunCFewEoohH9PKhdxxvpidJq9JXyKExcJcYFWg3egf,4888888888,50000002,1,1,0,1,1,171,0,0,0
FdfnFzFzCArFBVW9wqPd5sesdrK7uXTzQkw4vRwDpump,candidate,False,2026-06-04,2026-06-04 17:32:35.000 UTC,2026-06-05 03:54:46.000 UTC,424383030,381,3ErJKFStZnojZgaaucKWDxesmNVeRtZNb5Sa1Y3kPAUssGZJseSadyxm53HZLwbcpYS4vtCnjVmz1e67hcu25Ceo,pool,A13VCMUuQ2L6cL93E2C8HmdrVhGSHBR6MqC4whKd4uz6,8001600002,434253444,1,1,0,1,1,9833,0,0,0
B91qnn4oz8RGGAH3KK8Z9LVkbvDyoyMWrgEqHeQupump,candidate,False,2026-06-04,2026-06-04 18:20:44.000 UTC,2026-06-05 03:55:09.000 UTC,424383087,537,3i9SqJkz8m9vNzZbMsGaB3PUmd3rnQCAyqYjS4BZkvEqemQ22khjhseryQ14JWigod8UVZ9yVvN3Hacy6hhqESJY,pool,dMvrX6NvzPZurMJr8BfUCXFtPEZpVX8HakXFREYZbdi,13870207564,3707239998,1,1,0,1,1,2484,0,0,0
EZyLCNajpUduCiZ4jxgiTg28ETWmXS2aYR9AMpgWpump,candidate,False,2026-06-04,2026-06-04 21:27:00.000 UTC,2026-06-05 04:20:13.000 UTC,424386876,559,122bmDzFSrcijQd3LiZu8miPmcvQrwd1Yo8ajZkycmi7xWWxzVLiZrJDtEMXtXrPGvLxYEg1qMTEkzdpdxTWscB,curve,Cd7oVsQwvLNJhZq1u7PK3EUE9Ux7sWqoWL1UfXgKtgqw,11311069618,0,1,1,0,1,1,430,0,0,0
9zgMFv4VyfK4ywTAT75GXab7fvuCJRv1CnE1HeFopump,candidate,False,2026-06-04,2026-06-04 22:45:34.000 UTC,2026-06-05 05:37:24.000 UTC,424398511,969,RL4wna6vNd3d3ShhPazJ9aqLe5vrMwmUZPevUCF5X6aHXoHkfAki7q5PgHY7rw9RJG1nNhvknWqfWGkkpVp7sdy,pool,7iVCXQn4u6tiTEfNVqbWSEsRdEi69E9oYsSMiepuECwi,5428283060,3846073497,1,1,0,1,2,2204,0,0,0
EP7YbKuYZ398MFhFLZkgk8X9LFUGWtGd5eZ3BDNBpump,candidate,False,2026-06-04,2026-06-04 16:50:57.000 UTC,2026-06-05 05:43:24.000 UTC,424399414,958,23AqJcEwJMcDwZsjZDXkdSaf1N5ZMLwLTY799SxLidHfLU1cyWZSJrMLEFiDSAMwU7szuKJ1mcCMmopcCkMSMNH7,curve,711x5Wq9MDsMojhCMaPwMypSkABAj96EsymNbyLx5VCW,8811111110,0,1,1,0,1,1,486,0,0,0
934ywxzXizz82SwVttZ22ifcYVJ7s9NuGBDMu3Jjpump,candidate,False,2026-06-04,2026-06-04 21:32:02.000 UTC,2026-06-05 07:58:46.000 UTC,424419776,470,3RxXT3mmdkmHqFcx2cwAHKF1kenSiwDCiyJjSCqfUkrAeGrzYCrByCKK8ktFJbb67XraJSe7Y9D5NfBbYxm8ubXh,pool,2k7Mnf2K3GhpB7hEVN1CFFeV4oNzzuCS5Q6SmcfAoLHd,4939259259,0,1,1,0,1,2,7563,0,0,0
3QUuz9hf5zdCRwzuCjC1Qscg8NSCxKLksqAJmgqfpump,candidate,False,2026-06-04,2026-06-04 13:01:16.000 UTC,2026-06-05 09:34:26.000 UTC,424434157,281,47rVNgGqmQq2C95fv5ansM3CPGzRvLffjyJp1ZxC7B4Hn9kBx2iNGXQvmgxJC86nBpaLWbRPmP1pSbc6ep9p9jWb,curve,5fM9cY5GMo8QtTmxuvNx7bWFUoNhdQ1H5w8bMdXGVtaH,4938271604,1106074071,1,1,0,1,1,3982,0,0,0
AgqYyytQ5hHkYwCkrpVLNwigQPSwBwE5gH7JUhtUpump,candidate,False,2026-06-04,2026-06-04 19:57:49.000 UTC,2026-06-05 10:30:39.000 UTC,424442585,4,4MAQSxsKLaTkJCKV1j8sp1SvUCqMt1TWUUn4sbC284JCtt3zXg14W5oDzT98fwm97Uw2tffyLCY9D3eFdCmpheQv,curve,CxCTVjvgK3bWcgavMKo8PushR8ycw1atrWiSTruZrdtT,5798024690,2545305885,1,1,0,1,1,1832,0,0,0
T75g96vBUojsem9WYnJ9NjGhrQHPttW4FYRJD2Jpump,candidate,False,2026-06-04,2026-06-04 16:51:25.000 UTC,2026-06-05 13:00:10.000 UTC,424465118,989,4vkN89q96Xbfw2QmHC3xYfioK7RLfxeL6GoH99V4DTPPRCefRi5SGEyD6Gy4KsYVgk1AABLr49ETf7fMzqgZmePQ,pool,2aChRdpwxQQM8Ghs9mi6bEw1FtL1Tjso1iH5USNudVSE,9779733332,0,1,1,0,1,1,1483,0,0,0
H5iqLUX9JCA6HY1aeS3af2AWdr5awtgmRKroXtMdpump,candidate,False,2026-06-04,2026-06-04 19:32:13.000 UTC,2026-06-05 13:00:12.000 UTC,424465123,27,5JwxHnCzKWbvVAH5ho4ectX9nVbLVNY2Hccz7mPAHgNjttmpjkwH5wnp7sR6u8kuHAHNcSdHWJwKvKYMStbuZLW6,pool,2oYNaFL8ZAy8kKKEBZ6uHY2aCMdujk7LG7ggX2Fm3zBa,4889866666,1611537740,1,1,0,1,2,10986,0,0,0
CshKwyvQKLWdwSNiyemF5dF7sftMxm7dGn3fLdfFpump,candidate,False,2026-06-04,2026-06-04 20:56:40.000 UTC,2026-06-05 13:06:25.000 UTC,424466056,589,66ss4hGMieF8eDE5KmD1b1NnhZG7TyJGTiWWCXL4yXdvtsxPsDyLzy5NP4mWzGqnreJMJ8RBJ8m4zcUCa5RjUu79,curve,8YgeMLEbCZa1CpiNC2W7kffd4PypAVHTcKwXPxcyoBZ5,4480127253,180501927,1,1,0,1,2,1361,0,0,0
3rZMjAQsJ863F2EWrTUZAjkJvrQXjis5ueVTsEmnpump,candidate,False,2026-06-04,2026-06-04 21:47:04.000 UTC,2026-06-05 17:23:33.000 UTC,424504683,511,HyeyHTZoVGqVTzw7ZKzXKdNpMLz8KqX7NUwrsZa9ot1cdCgiRsFE97oXnnVthKKSXHcyqRKX2GE4z4wgfToXLec,curve,GhzQ6DorwxpbqSJmZfxXnBPTHcyddziyiBSF444mN6FR,4535027767,1547306579,1,1,0,1,1,547,0,0,0
6GGY8GViCR5v4xR4Lxb4nfiAJsEoJua5Gj6YecxbJ4BQ,candidate,False,2026-06-04,2026-06-04 19:00:04.000 UTC,2026-06-05 19:15:02.000 UTC,424521479,465,PgSEdRKXVXDrMtuPGwC3nUiKXWeJGjbG7Coqwcgm6J7rys9CskoXrC3EchVEFYh8tZph1w5VzNZJvdmFmHPqdhD,curve,4q2dgbHZr1eJjRuL87Ge65KaGeAXtPjaGc65MjjX4UpE,7000000001,1858770367,1,1,0,1,1,3051,0,0,0
A8HPjSKhdRbZxLW6ytAHkS1xkbbyk4psn5yNboQRpump,candidate,False,2026-06-04,2026-06-04 23:47:58.000 UTC,2026-06-05 21:05:47.000 UTC,424538154,726,4GyMZajjDC4FNCWtb9uDseGKXbasn17oCc4w1aS7MpJmxWq32R7NrVa1yfSapWiMtfSdVHUPk3cLytiqzwUC6xby,curve,ARu4n5mFdZogZAravu7CcizaojWnS6oqka37gdLT5SZn,39190123456,0,1,1,0,1,1,50,0,0,0
JDgvbxxQisixQrWyap3pqyKtrAorH6mLZ8LuTJ3Xpump,candidate,False,2026-06-05,2026-06-05 00:33:14.000 UTC,2026-06-05 03:30:04.000 UTC,424379321,110,HmgYULQDp2jfoZMzP8inDhkmnLjiTvhTs6Ju3DcHepiSir38A33cB5QNfBFPE2TifRvEajdMNsS4UjgrQdnUg4J,curve,87xCCexKaLCiLytFXaRy4VVS9jx12ukAsrs9Qb9HQgfA,6913580246,0,1,1,0,1,1,12,0,0,0
ApMT1ZqRdaVNaGyGEQpCsiTzvpmWC7RkvEFC1ACUpump,candidate,False,2026-06-05,2026-06-05 04:49:01.000 UTC,2026-06-05 07:38:01.000 UTC,424416644,381,3NfN8zCAv9H4euQDXstz1HMVcQiPUoG7zN9tnkxm1FigsDUaNaTycA5zd6pzZa4o6XkBRDoVxjMnVyAs4jn495uT,curve,AVc9PZPFCoDCShmT8mAhEWeJtBPDBu79XbAHE3KqeJJD,4444444443,2444444444,1,1,0,1,1,296,0,0,0
6zV8auA4tHYDoDfi3mz9y4wtEstDGHWorcFtxm5Hpump,candidate,False,2026-06-05,2026-06-05 07:30:05.000 UTC,2026-06-05 08:11:11.000 UTC,424421650,1174,527DTftW9vADnp32MU6VyZaVH79YLEYb2goJTbRg6DMMvJ2r66cPL7bvNWTtpbdqhV9jSS6G4DvbyzVVpUDhvRzq,curve,31UCbKedynEW9KVG8E83hsZeU9KgthhbGFLQaPgeoU3d,11851851850,0,1,1,0,1,1,533,0,0,0
Y1SVx7J4ZJLsEJJrGBCHkFavB68CZRaLVGjSCARpump,candidate,False,2026-06-05,2026-06-05 02:44:36.000 UTC,2026-06-05 08:38:18.000 UTC,424425732,874,57i7Zw3sv9VTtgrHgtGrDAJrWaXWpnM4NsAh3vYYKpWek9jgA6Hi7R6aMDpML8f4nUkC1xZmmRHEeyXPXFdkmfYK,curve,5GGqDQVr2LasfmWFXSH54V6ryVrXGwkZSjkK6xR473XJ,5573333333,0,1,1,0,1,1,1470,0,0,0
B9HHpJp1HHDaBKwsZRZFxUHACEvyJ4YKhfoiHvdXpump,candidate,False,2026-06-05,2026-06-05 09:12:33.000 UTC,2026-06-05 10:00:29.000 UTC,424438072,1027,2wrgsnd5DtCDfwQQTyKGwmbYPyRAtc44PeB46f18EGsXe7sibrKUEe43ZvcLvmjdmTEdqaciStsTBCD1B7SeB5Bz,curve,5nEp8v2zHC8gmyrVzx121UWUHU7MiLuaLNQfNxQZEZMp,34567901234,88098763,1,1,0,1,1,73,0,0,0
4268dXodPTqPg98BXbaygbGtPLvXpL5c649cqRLHpump,candidate,False,2026-06-05,2026-06-05 09:02:33.000 UTC,2026-06-05 10:05:54.000 UTC,424438891,909,5LNpUTcToWD8WZeYpRA4y6F39f943Ejp22pEKdVKfugb76k55A6dUTgdiy8mtLRPrVo8WFuGmSmUBSEdB89sBBvm,curve,5nEp8v2zHC8gmyrVzx121UWUHU7MiLuaLNQfNxQZEZMp,34567901234,2278115173,1,1,0,1,1,158,0,0,0
FSGZYWLr9GiwULvyKSzLQ1nxrKMnSPC36x3RWURupump,candidate,False,2026-06-05,2026-06-05 09:26:47.000 UTC,2026-06-05 11:46:27.000 UTC,424453997,160,3wVHNwMBaYMzQd7yDHyEEVMLUiHXjr4UHvfnPBRp1YhM2B74mLnRfS9kFG56Wk3Jv12tEnV9AsQGtvx3mxE8B53a,curve,5nEp8v2zHC8gmyrVzx121UWUHU7MiLuaLNQfNxQZEZMp,29629629629,0,1,1,0,1,1,520,0,0,0
C4r2qQzMianFiYfLFz1wQWaqgF8mMzmqQfDUhZDNpump,candidate,False,2026-06-05,2026-06-05 00:50:38.000 UTC,2026-06-05 12:18:37.000 UTC,424458849,627,W49jVxKkAsDAjXdD8HJH6RQpUyGfih5uj5A32ZiKNwQFzJ8q5JD9FyXSiWAJJav9QTTkKjoxwLoZ5ckqcYzAy5e,pool,EXkeiuEiZTmPEX7EBMiirmm64YRHH3pebjHAGTg3pbdB,11854222221,285193913,1,1,0,1,2,11312,0,0,0
HgsQB5TwsHeCuyqLEwvAMf8dVWNfg3vAdY5STsWTpump,candidate,False,2026-06-05,2026-06-05 04:18:03.000 UTC,2026-06-05 12:25:48.000 UTC,424459942,32,5piegxJmnEu7bYG4v5SSvToaKuXNkKgDDVmvbUZ1jqxf6PQdghLu1kDNav7dKDavXg1ASZt37nHAR23JyjXhNLwV,pool,GCi7iWxDbZWZuJHpxU2sGx2n4jRD5gW1FynCESYwKqhS,4544118518,2329747286,1,1,0,1,1,9306,0,0,0
ECXDFK4rAsJQu1c1QpattsmPKJRsAD5DUxq6WELEpump,candidate,False,2026-06-05,2026-06-05 11:11:46.000 UTC,2026-06-05 12:26:54.000 UTC,424460108,1118,2pYeJ55R3ErVfhWVR7xejZXvEbVBK4BoQzeKAtJxDFANM9zeYgS1Y8vTXqLZ1gW9cxXmpAeiPPViUER9fmW2z47k,curve,5nEp8v2zHC8gmyrVzx121UWUHU7MiLuaLNQfNxQZEZMp,29629629629,0,1,1,0,1,1,146,0,0,0
9oG8qxxYukHjgdujkkHzcKeBmeLFCRFd6Fpguqi5pump,candidate,False,2026-06-05,2026-06-05 02:12:48.000 UTC,2026-06-05 12:39:18.000 UTC,424461994,1277,5yy3516e4aBbmyPnbW912txZG7BJzMf6NoRxK5DzVRLipBdAUMcP2X4ysrmxgK4ugxAqZAsZQsvZJGe3PxKrJr7F,pool,9oC3XYAs2oeU39NeNFke8m3JGixMq7g8PfANsmsbKR8W,7473569258,3633856057,1,1,0,1,2,11602,0,0,0
6wnnfpWZXEw9d8bGRVTaWnX2Te8RsPSfLowvpGxLpump,candidate,False,2026-06-05,2026-06-05 03:02:50.000 UTC,2026-06-05 13:47:41.000 UTC,424472253,513,29BV5U44nXjknUyaxibCfkj7Pt2qkbcjcDkM9GcwkZMtLZ9SS9XsgJEUtdF8NXUgvy82FHQthQi1fMSdBRcDx6PR,pool,B67Zmh7gEodZizkvDvVzKqkjjg7cpkyT9dQynr5zsxPA,4939259259,513408945,1,1,0,1,1,3416,0,0,0
8EGCGYY7aP3ppKmaCj4Ja5Lpti492zPR8A4teipMpump,candidate,False,2026-06-05,2026-06-05 02:00:25.000 UTC,2026-06-05 17:13:07.000 UTC,424503106,1173,43CbDhsZ7em8X9oj7Ng2kP4MuAAGvFWxRG3tk739ZrWJ8DdzniVBnqJGmrdErVPAiEkzS2uN3pzWro86xqzUCrGy,curve,HAirJtgJrwyBRZPx5GW3UbozvgVSVK3QcaGfAxHrHPD7,4246913579,782962958,1,1,0,1,2,3299,0,0,0
Cze8Pyte3KgAAbuaKVShTygQqo2hTftVDYZL5ga1pump,candidate,False,2026-06-05,2026-06-05 15:56:45.000 UTC,2026-06-05 17:46:08.000 UTC,424508072,220,VWdRxZoGvjEZrrET1RLRLBpSw1scvNt9tbvQvUjTSpUQL48CRpkzHcwDaYr7299uvRvvodUMaePip3BZ4D63La7,curve,FNZASaVwqTuGi7gUKZeGoUeSZXQzHfEu7mc5DiNGgpKV,4888888888,0,1,1,0,1,1,32,0,0,0
9MZ4aDsasjfb7oe6nZfcjxbQ2jzj68DiU5H9a65gpump,candidate,False,2026-06-05,2026-06-05 15:35:23.000 UTC,2026-06-05 17:54:15.000 UTC,424509303,32,38Wpkon69p6obczGC9hMEjEDm1xZqRWSNo5J9QvExnoN66n96bk8XLNck8s2y8Ljmpnj321Qc8wm4FVSuj8SHGqP,curve,tAg2tgyHmkGTsmq8wBSKsGvUUgoH37cxmCfRUZSXdtB,15155555555,3948,1,1,0,1,1,74,0,0,0
ES9r82P9zGRGkwfLeY52QT5UMrBzdhzg4sVwTMK6pump,candidate,False,2026-06-05,2026-06-05 12:49:21.000 UTC,2026-06-05 18:40:34.000 UTC,424516284,1058,2h84uHRAyzza1qXMmrn32vdfTWmoCfKxnGcWEuABtxk6wDfR1Tcao6huaRMySDAGMWEhVbS3txWijDcJHsvqrs4J,pool,FivTsDEPTW3jgrLus1PTnKhuqCJu196SguSeLtbPGwX4,6717392591,3508218895,1,1,0,1,1,8624,0,0,0
USWRCo6WuhugejDear9KWrgi3SnGqtgfnBcQ1CUzGSj,candidate,False,2026-06-05,2026-06-05 17:47:06.000 UTC,2026-06-05 18:52:06.000 UTC,424518021,1063,5dckMyfxPMcqzqNEJPKBZzMRdnHmtj2coZ2ZoBexR2GkwS4PZNR9P3q7RteZCEtiPPBSzhv585gXWTkXobjQ12HJ,pool,7iVCXQn4u6tiTEfNVqbWSEsRdEi69E9oYsSMiepuECwi,7633031296,1148510453,1,1,0,1,5,846,0,0,0
66f63wXhVA13vsopGTEiT6aZgeob9k6CGuUEKNvspump,candidate,False,2026-06-05,2026-06-05 03:17:04.000 UTC,2026-06-05 19:25:49.000 UTC,424523109,2079,2dGzpoQgqiQmZUn7TZwkikUJq4zf5cHEjeeRP6WVPfkd9AEvxVdDyUNcNXemxnwJjU6Dsr39phruEYWgdCr4CEbx,pool,FXbRvYUtSqEnt5rpG8ZcNWXUWj5PaW7GLpHSxeaNiiB7,9829125925,3913896687,1,1,0,1,1,13628,0,0,0
3bEjAZThLNtDcZfrVSnG7seaVSbAzaWtCi5MV9trpump,candidate,False,2026-06-05,2026-06-05 16:25:22.000 UTC,2026-06-05 20:00:20.000 UTC,424528308,734,4RXKw5iVBkVUKWSNSaZBFJ2XyxoHrBAqrh1mgxH9pSVpx9bQQuMVDJUpqfkD2HnpuAoFVET81Rc6di8qBWAxSAVu,pool,Em8J3gBWapfVBGVhVipwQnLrqCvnWBnLajw6XFsFECPF,14962444348,1005209355,1,1,0,1,6,843,0,0,0
ESuqA7pgN6Ca6CdDESFhVVRAxVgYncwaAiBKYcERpump,candidate,False,2026-06-05,2026-06-05 13:17:26.000 UTC,2026-06-05 20:02:25.000 UTC,424528623,665,mnkiNpUDzP1robzygx2x6KBxfAuewH7xLNTsitH9fzDU7gcrQmhCSPGpTVGWYDiibFyMQM51mzJBjpiSvQWbqgn,curve,9UJjQYdpgh4EyqtPCjyyFdt23bNNhRUymYrxPgemWJr4,5157872218,0,1,1,0,1,1,21,0,0,0
4jttNM6qxZ7dyAP94jiJqixCyJJCLdehsCHJJSDKpump,candidate,False,2026-06-05,2026-06-05 14:49:51.000 UTC,2026-06-05 20:41:38.000 UTC,424534518,289,3F12FUhVF1SZbsWJTNvz769LvSsjNnD1X8Yrgk3q3xpNghak1bg8T4Yb2SbgeWtLNqyygfoq6MKDCoihT1eCXxya,pool,tQi75x9GeqsDeFdPVdwn6fwfiNLog53STe56Wjt4MVj,4889866666,0,1,1,0,1,1,619,0,0,0
AMVfNQ5DvWKQ1crjRJ8cNMX6wq8R2opsppvfwG8Wpump,candidate,False,2026-06-05,2026-06-05 01:37:15.000 UTC,2026-06-05 20:46:49.000 UTC,424535297,907,32xyvSA74qZ2GNwwNpLJXy4ugvwpiaJPjirZo2VcZVD87VmVkN1TcgzeQB6QGGGH99s8vWUAHwWBrzs4kKtncbcj,curve,7iVCXQn4u6tiTEfNVqbWSEsRdEi69E9oYsSMiepuECwi,10811357224,0,1,1,0,1,1,185,0,0,0
Hr9VQUvQ2Q91fCPx9EDFm4HrAdjMawLy4e2b9xLypump,candidate,False,2026-06-05,2026-06-05 20:13:00.000 UTC,2026-06-05 20:59:40.000 UTC,424537225,801,5QpDp3GMUj2Xb9jQUDbNkFTiajjcxJM31qr6HD6MCkSBD9JzUsVj5tkYaettcgdHRdqZwjydvy3XAgbR3Gd8ihnd,curve,Dwi3Heos6P9thx5XfZdxcuiUSpmDoEegyJVE8MPSL4Vv,4888888888,98765431,1,1,0,1,1,3194,0,0,0
8xaDpkKX9vq2QFi5LhKcMLr9VxgHwxCsRbahBhHRpump,candidate,False,2026-06-05,2026-06-05 20:56:56.000 UTC,2026-06-05 22:42:54.000 UTC,424552784,122,2wfZYkjejzRUuvSr2E3wB7Ri31UwDg8fjLaBArUp4TjLWxjFm2TsqebKvDwXQsABzdKsZXK3euf3p7RkTgsLMrps,curve,DWffMtSuwMZj77RM4GVGvNUcHgHsu5Wo8oDuuM8cC43s,4549101441,133091169,1,1,0,1,1,213,0,0,0
GXMLnq9qKNB8NzoqBZgH1PDjfPMWsZ6DejkX8qk2pump,candidate,False,2026-06-05,2026-06-05 18:41:45.000 UTC,2026-06-05 23:06:20.000 UTC,424556303,444,3NhZctYDU5bKZBCGRgd7SV6UFm7Hh45Ky6WJMQuAX3jwZDnKN6Husu2GZhwpPeqCGnmkdYxeSEvBRwJbHoUTSKt8,pool,ARu4n5mFdZogZAravu7CcizaojWnS6oqka37gdLT5SZn,5947035575,0,1,1,0,1,1,5850,0,0,0
9aQkBz6eyHCuhhEWdNLkfNaKPnRkxNpE72DdCegDpump,candidate,False,2026-06-05,2026-06-05 16:31:49.000 UTC,2026-06-06 00:04:10.000 UTC,424565008,1312,4sFEKHntLw56CoXruN2gErFzNHpS8GEU3pQbzQLv963YwbNYDw5WPJ8orE5jDmwWDCnN6D3oUy2KeWsnrPpthrL1,curve,CwfhDsdyVER7NrRo9CoEEZbDTBbPhtUCeJ83wSQxWX4m,4991940519,0,1,1,0,1,2,2704,0,0,0
3to2HzpTG49t1saZCtTgUMRTkXg9MaPEP1Rdyvnwpump,candidate,False,2026-06-05,2026-06-05 12:59:58.000 UTC,2026-06-06 00:27:49.000 UTC,424568564,1191,5dpEwMcUFB53AU51WUN62g35NkkyJYEM6zAYdgkyqfeVHXZenm8cD75rbdTEgXy8k6hvc64evREQJjde5uPap3or,pool,FtfQi1xHPBGGHoBYo94XDpgXJegops7imggLuURDT8uh,4175262456,2770031868,1,1,0,1,4,8983,0,0,0
8cgLWkoHDVhxtWRUyQepVLuiFubkWQ8xxbzJncr4pump,candidate,False,2026-06-05,2026-06-05 18:51:28.000 UTC,2026-06-06 00:36:50.000 UTC,424569928,1064,5x7tNHDPa6DEiTfe2fT4VYdyw51dgh6XRJRMWLDGnFAPaABAs1XQg5GFk615MTpvhJewyXzVjqyWyk4ZVShEY5W4,pool,EiB7knzGZiagXrYsuEqdDGHFe7mbWeqk52yuLYwruzoC,7823786666,3854594757,1,1,0,1,1,1679,0,0,0
GU527smM71ht8aCA8ouShfXhahVq6crz51FMbfZ8pump,candidate,False,2026-06-05,2026-06-05 13:57:23.000 UTC,2026-06-06 00:37:27.000 UTC,424570018,490,2q81Wioe6ADmKJGNFCJaT4weSSC2vvuKVPPmD2JPSftAWQkYFfer387BYqtQ6KSMHcGLQEEgxG1C1pBExLBqKBnY,pool,B1V1GbZfNgz3onefr9W2pb5k9LLWUAvbZK9E7fC7R6g2,5437594014,1108250113,1,1,0,1,5,4732,0,0,0
iSaH8e4HNuN8w89SJVq2uV6xZpktH2J5yWixzoYpump,candidate,False,2026-06-05,2026-06-05 18:58:36.000 UTC,2026-06-06 01:05:46.000 UTC,424574308,116,4csBaiWbYgFCCUN4UJocTkivut3riSz2R2ReAqv1hkSKRLEUaQMt7S531VF6Niioje2N24corW3FJqso8KFhNPG1,pool,4g67xgixPYSwk9rASeRP4TX1W5WYVyHEtZZ4kYa1teX2,4022428886,2709470080,1,1,0,1,3,3041,0,0,0
2yfvseoYJpoRFAToMpQ1TwdC39T1fcSXK6A9vvMEpump,candidate,False,2026-06-05,2026-06-05 18:26:26.000 UTC,2026-06-06 01:55:05.000 UTC,424581750,205,5fUc2Ykr2XjW5e5aARUKdKQ7ouygaJZQxYBnR6CTb8AQkLNBQU4ephCvkoxfbjebDh8Ju87Mv2LtjW2YVcEGKvz9,curve,ARu4n5mFdZogZAravu7CcizaojWnS6oqka37gdLT5SZn,6000945726,96126341,1,1,0,1,1,1382,0,0,0
CW5sVPgJKh1p22CzQS7csFCPHZTtq5X9PWB3pbvopump,candidate,False,2026-06-05,2026-06-05 03:10:20.000 UTC,2026-06-06 02:41:04.000 UTC,424588669,474,4DPLYWf4XytkqvMSVFFbMAM4TtEis5RomEWJ4bCuyW6U92yRz8bijDbzomQCaeWQWASdyzAXs2DdrjcR4eJsGwxe,pool,Pd7hcoLmk8iamUG8MKFVH3VNuKP1X4ZtC6FKejjMvC8,5818188109,1302714134,1,1,0,1,1,7960,0,0,0
6vMpVQtTFnSiAoWenbSY4WHaHAJfba2zFhTa7Uctpump,candidate,False,2026-06-05,2026-06-05 15:29:12.000 UTC,2026-06-06 03:17:14.000 UTC,424594117,26,2itnEBjxpLVAgy1mR1tmhgE1d2yvZQWSLiP116qZavxYWhJQ2CEUGW5aPRyqHfdv6o5igMsNR6aRESnmmwCQBqNk,curve,7xBU1AZuSfLnSXAL5DUTVeTs4YdxQERVqJFydA7Je69g,4671090915,0,1,1,0,1,1,1264,0,0,0
4mm7Z8XkA6SoLa5EGTfqpJ87uzPNJKufA59rcDGRpump,candidate,False,2026-06-05,2026-06-05 18:09:42.000 UTC,2026-06-06 05:21:46.000 UTC,424612848,400,4XdGcFT47oiPqe9sJoxUxJwLNMNpZcQmL4VCLAw9FouWELP8tLJcjFHoMeHsWJeKxLDz5B9CwTRGDBTbJZdDqkHc,pool,ARu4n5mFdZogZAravu7CcizaojWnS6oqka37gdLT5SZn,6087259498,1040031900,1,1,0,1,1,3313,0,0,0
J34QWkwt6zuVcsfBXpESGct4mDdZuGf5RpMbzmXYpump,candidate,False,2026-06-05,2026-06-05 16:30:23.000 UTC,2026-06-06 05:38:35.000 UTC,424615360,228,4FdzMutU6Pkr29KGKdBVXwPDvxEC6XTjSWD2UfRNA23hoiATKKH8S9Msf6GLpEkKr2cbptp8Etoi3TJs65yu99JJ,curve,DM7vVfk6THaUSPDzResLhMnc5GMh5ApsrohoisWXWcNJ,5000000001,0,1,1,0,1,2,11,0,0,0
8uG11mk6x2rsNz6p7tb7MQzLLWqXB3FLZ8XBQ2pMpump,candidate,False,2026-06-05,2026-06-05 18:30:05.000 UTC,2026-06-06 06:12:53.000 UTC,424620526,834,4kp63auw2X1kaGGFTNuDySBowWwCzUcevnAbgYKnCGkHgGKvZUrpAeCnQhAevsfN4DNCEYktokWbNSGfqs3XazZ3,curve,RnsUiaLfoBTH9jLHJkiLRGJBC2sBqtrsEz96NU8zLJu,4916271126,3257533381,1,1,0,1,2,2319,0,0,0
4vVBgc1NpFfyZEUtRWwnjbysyKBEJUaYqAyApnHKpump,candidate,False,2026-06-05,2026-06-05 23:29:09.000 UTC,2026-06-06 07:07:25.000 UTC,424628713,40,2UqPkcjdy5dgooywnVm5fH96G5VPvpc8cMs6fiW7hE34UhYaoUyakXziXkg3sSV3WS2NqyRSQoTZrqNjJvXGtoU4,curve,HAirJtgJrwyBRZPx5GW3UbozvgVSVK3QcaGfAxHrHPD7,4711111110,1567349901,1,1,0,1,2,4243,0,0,0
BVPQ3YbT3aV1JCietM6EtVgba7qF82HCPH2mvNZWpump,candidate,False,2026-06-05,2026-06-05 17:10:30.000 UTC,2026-06-06 07:22:53.000 UTC,424631062,883,hWYFXVEJ96q9LcR79hg4YbCU75edHnPYBNdyitLBSDbiY4uhexZwgnhxT3YTunfN1d253G313hAWf5nmxqX542X,pool,ARu4n5mFdZogZAravu7CcizaojWnS6oqka37gdLT5SZn,18337366397,393497220,1,1,0,1,1,16779,0,0,0
2HXxQxg3MgJDRojXs3iVcLQEHt5c4b497Sof6rpjpump,candidate,False,2026-06-05,2026-06-05 12:38:37.000 UTC,2026-06-06 08:41:03.000 UTC,424642814,704,5QzbHJQmmTPc3WxJud3MLCLo2m796neYZsTRAFYZM17ZwBrV26qrrv4RgWCJb6F2jTB4WQFd3iaeLx3eJmZZcRS7,pool,H9SbErhoG8SLj9LMd5JN3hGqmN7heZtJyXomdTxJ4cTa,5001000002,941063302,1,1,0,1,1,3235,0,0,0
Ej2RZTCTL979dziuW7W6hmxsQwZDXQbduHG8H97Vpump,candidate,False,2026-06-05,2026-06-05 15:24:56.000 UTC,2026-06-06 11:05:15.000 UTC,424664518,1035,4131vTtAXcZcTqVgFb9BupMsTEdtYZSJe9dN4uKakc6BauuUuzvKY15nH2MxrikrAHe8zY3b2kt3wvW3c5VTPhdx,pool,62F4BKWtjrqz53VAACwndVErUnWYT5pF2mt9yADE9vDV,4421676613,1460281293,1,1,0,1,1,3068,0,0,0
3Jrgws7swm3gKQmmjwiaF8ip57mngUCQXUZxmiiBpump,candidate,False,2026-06-05,2026-06-05 16:26:12.000 UTC,2026-06-06 16:38:52.000 UTC,424714647,1058,5yxFYD3Nt6hxMVFNuTwCFF9iCkCJPeZPjAzAjhKBYiL7VRHo1rsd38Mp2poMoLYp6q7XBtyAnUkq9Nmcd6EdayZe,curve,7JCe3GHwkEr3feHgtLXnmuJ1yB3A7coSeyynxTBgdG8k,7638733625,0,1,1,0,1,1,265,0,0,0
BGVervokCGRXn2Ao24bAjetLHhMSwUknirJGkRWwpump,candidate,False,2026-06-05,2026-06-05 17:49:31.000 UTC,2026-06-06 16:43:05.000 UTC,424715286,195,tJwnnHC4CdkuxeVTNo6ggiZoC3MmcLeaCPgBw7VVToVFpCGQThk34ibq8BBiBXiccJN9RKrNMp4dkdbKbiAhw7b,curve,ARu4n5mFdZogZAravu7CcizaojWnS6oqka37gdLT5SZn,9485748283,3659179878,1,1,0,1,1,3628,0,0,0
3xvad5VtouLTGyLxdqf22ax9ujpg3kaoozyZmaCPpump,candidate,False,2026-06-05,2026-06-05 23:17:42.000 UTC,2026-06-06 19:12:26.000 UTC,424737816,256,4wNwZQud1tdu32kX72g3DmAL3cDvCgJtdPj24Dc8oJcs1AVo7iGEQ43RXhkACbcfabKdF5xPLZUbpVFwKFXBSnkh,pool,8bM7MWP5FUFDYuFav7nufuVJHUwTuLnG2GiGg9c5F3L3,4939259259,0,1,1,0,1,1,3806,0,0,0
3fN1pgBkavrPaD3VrC3DG7DEDhdpaoppk6fbQk1Npump,candidate,False,2026-06-05,2026-06-05 23:41:16.000 UTC,2026-06-06 19:27:55.000 UTC,424740140,778,61HgLHiuq64XDh8NaemCYA8KBRhiD4bZiwDLnS4dZdTJRuuG6CQsWsVVivSpbq3Scw2iAwumgUPkqPXSSqSZgx5n,pool,CkunCFewEoohH9PKhdxxvpidJq9JXyKExcJcYFWg3egf,4889866666,1906554073,1,1,0,1,1,2415,0,0,0
YDup8koPXfyXsRvfMdspwmdQHWcbWb2cH7nZDJ5pump,candidate,False,2026-06-05,2026-06-05 22:46:58.000 UTC,2026-06-06 22:19:57.000 UTC,424766039,81,FAMWpKbEKMD615c2KSvHhv2mkgVLpATmQXwUYvLTvtPR6xtZGZ7ZT8GU5jHc6z7KKTKYn7WZJKUgtjFWxNXVra4,pool,3e48qiT4517cyBT31gACzVxGLoJDcWBXL5PDUttXpD3P,4939259259,216240769,1,1,0,1,1,1660,0,0,0
J6mthAjPJaXh1N5ez6EgdwBBWBLVDm2Q7HzBCQ4Lpump,candidate,False,2026-06-05,2026-06-05 22:36:43.000 UTC,2026-06-06 22:30:27.000 UTC,424767613,193,32ZX2imAmRGGXif1gHgV4BAAQQHDfsAPz3hqxnBLVouyfXeJSfjBZsVB7XZKRsMde6dY2YNguAC446uwXowBCdY,pool,6VxZ8Hq1YNY7czzBiAXRGrtiCzUyEC7S2xv7CiLQyziu,6914962962,0,1,1,0,1,1,4950,0,0,0
3uRnHKeooz6NyiCrD1Dq5JEpM5XPKe3abxAsJvNGpump,candidate,False,2026-06-06,2026-06-06 01:28:54.000 UTC,2026-06-06 02:12:55.000 UTC,424584436,573,7yZpQudn1aQHoctFfoJFZbbwhJcbZ212HH4xBAjsHA97UoStviNfVLMmHfLWaRE5iHtece3pHHj6YXP9eNX5nbf,curve,BQ1oct4h951vLsHfPaJQh5mNkcxKSDQAwzcPwT9R1FGf,29629629629,0,1,1,0,1,1,347,0,0,0
AbKcanX7kFZENoRLe7FnMgbzJWpnkmLzKpAbLv1gpump,candidate,False,2026-06-06,2026-06-06 01:55:11.000 UTC,2026-06-06 03:42:40.000 UTC,424597930,703,5yc1crbXTc2YVMcmSmNzVqDE5TmnmQhLgTwVyRtCEuMRToiPwLQSNgXY6gTuH6SdHc4xprYYo9KstCcrfMquXepz,curve,55kySRakPhgtKvKUcb7zW3C5pFshGvY3LFCQ67gwBh1n,84017704743,0,1,1,0,1,1,6,0,0,0
UBK2GcMXkqr3RUHKp7n44d4uh7zMXCqFsWUDAMdpump,candidate,True,2026-06-06,2026-06-06 00:36:14.000 UTC,2026-06-06 04:45:15.000 UTC,424607347,886,r4yMcVLLUuYemnoJ7Xse5CLFgHaXNZBpHkYfjrSRhzY7JCWWLYowcnifpZt7k156v7mKqTzNroZpaEwS62AGEJN,curve,ARu4n5mFdZogZAravu7CcizaojWnS6oqka37gdLT5SZn,10042794113,0,1,1,0,1,1,39,1,0,0
AucGiDt9Ts1T2hCGtQ89qoYTAwrRzQYVxfDj9o8qpump,candidate,False,2026-06-06,2026-06-06 04:20:34.000 UTC,2026-06-06 06:37:52.000 UTC,424624286,1164,2RzbehfXqrLjHJZ9vcwSxubrbdG4KAeuYngeYp4qWYch4yfBeam15WVpf2HYLdT1txrg3XUNGCxgWtmViDkb9gyU,curve,G6eDC38rN1UWd2WEUvyg6rxpqHVfQTqVqsqPEfKwaFJB,7407407406,0,1,1,0,1,1,24,0,0,0
6pWCZe9NP5GnnZLkCNnzxaYpWycenxPmu5awgaQwpump,candidate,False,2026-06-06,2026-06-06 10:20:39.000 UTC,2026-06-06 13:36:22.000 UTC,424687199,1204,51G98drF9KFwJ6qcVQBHzfzWjB8WeuheCFN4nYnTVB5gCFNWJwK6TYQrxDvDG9h64i9vPtLE7bDqWB2CiEvFRPx1,curve,Em8J3gBWapfVBGVhVipwQnLrqCvnWBnLajw6XFsFECPF,6294154131,0,1,1,0,1,1,142,0,0,0
2HrQ5THKdRnqzMM2ZDd4jviQQKWwrEmVtyBZUN9Epump,candidate,False,2026-06-06,2026-06-06 12:55:16.000 UTC,2026-06-06 14:58:03.000 UTC,424699487,386,63qx1mAhBR36tAHXtxMEep12B67PBYebmsbbS23UKkeNmvRwwAUqwbss54kFeNTP9dAc2vmqu7D17guTmCMY48dv,curve,ARu4n5mFdZogZAravu7CcizaojWnS6oqka37gdLT5SZn,7845750140,1369655636,1,1,0,1,1,736,0,0,0
ErjnjsYQcC7zBuitivPDGbX32sNGzQPyxyyFdkopump,candidate,False,2026-06-06,2026-06-06 09:02:06.000 UTC,2026-06-06 16:11:04.000 UTC,424710457,29,3JyENg4i5LXXGWhBi2xQhbNbbVBbA2YchkTMCm76CbSRMcBa49tAFd4fpt3YEdDpKgQErzBwHMxu3nmq43ynhtpm,curve,7BVsMqCRoeEtvVeasYGrRhy83gHr5ZSJBnpV7QeCFQs4,4888888888,1271111106,1,1,0,1,1,3096,0,0,0
E53xKUYg2hJbvuT9xVCehqEGDhW9d6PuCou4nXbWpump,candidate,True,2026-06-06,2026-06-06 15:37:05.000 UTC,2026-06-06 16:38:05.000 UTC,424714527,952,23LcuHgA3DxZjfM3XJXZFrqa8xED2FtN7mwnzdASbkDX3JUnkMzNzMuMZpNRqabcMU6fTXAeG3KzyfScHq63WMeA,curve,GsyzFMcXyJobed3PhQEFeqJEnx7d5TFe9EEkT4TY6oTo,4888888888,0,1,1,0,1,1,211,1,0,0
6YFP8q6E3bkKLitnoybwvmmU8twaNjETscYuaNAwpump,candidate,False,2026-06-06,2026-06-06 13:01:19.000 UTC,2026-06-06 16:48:31.000 UTC,424716117,593,6xpzDyj8gnW4rPkeXMoxEsV2e9zTdw9taA35sCMHcTSqK4t9w7vSNhAySvfHzBNPBmB6TEMJTrM3hPTnireQPCn,pool,8592seSCg3DAwJiDx3qQ462qfcKgeLXC55YXjS2monke,7823786666,41489775,1,1,0,1,1,5269,0,0,0
DWxdRyPrQorAqL3cdG3N7B9iU17r4aQtQcqn35r9pump,candidate,False,2026-06-06,2026-06-06 01:53:46.000 UTC,2026-06-06 16:49:20.000 UTC,424716239,551,3wGqBDv5UN8LnA6UopXrPRB4EtzBcSjJmtsAKP2CR1QRphWermRvZipJJkFQesdY6cbLwqNySjRJKDqHk8RKGXA7,pool,8592seSCg3DAwJiDx3qQ462qfcKgeLXC55YXjS2monke,19559466666,14728870,1,1,0,1,1,1452,0,0,0
AsmKrYTvEvkf2dhZPkhZE8rP7B35q5iK8iDWVc57pump,candidate,False,2026-06-06,2026-06-06 08:56:02.000 UTC,2026-06-06 17:36:59.000 UTC,424723420,1403,5My4NzgZ7CeA1P75ih47uY2J2CU16wwX14agce1J6Lr8Cxosk9wELFRKVLQmCKFojz9FqVuUXycTVJGXG5ak2GNq,pool,8592seSCg3DAwJiDx3qQ462qfcKgeLXC55YXjS2monke,14669600000,0,1,1,0,1,1,2555,0,0,0
7CqMtVPwsjpPchN97jTS3tDe9LcPQZkmcRxHdnfqpyWM,candidate,False,2026-06-06,2026-06-06 01:47:28.000 UTC,2026-06-06 17:37:38.000 UTC,424723518,606,3ZVH19yojJrUpYNQ13LfUYZGfAm1GY8vUw6B1q4LmLji7cC1tEJG2NB9NdKtoEyFBLAGy3ZAc64dgweZH4hEo3cC,pool,H8CMmpdphKopF1JEy34QmbWcSmsaqsA6JpP4VL2HA888,8821956521,1238824203,1,1,0,1,4,5521,0,0,0
9MupLMoZvdM66bi2cqf2TwkyCPWfmfnVzRHiZPxYpump,candidate,False,2026-06-06,2026-06-06 13:55:11.000 UTC,2026-06-06 17:42:35.000 UTC,424724264,420,HmDj8PcpmSGVmagSsT7y3CRnqng1C8uarsUHoAfLFsfJazuu8B17kZVVGYwyVCME4iP6tjbbizBGPNKijxyhSBX,curve,ARu4n5mFdZogZAravu7CcizaojWnS6oqka37gdLT5SZn,4754861386,0,1,1,0,1,1,61,0,0,0
CsZzN7vG7UwnL7iqM6CRtKV7uL9C8E6ES68wet5Ypump,candidate,False,2026-06-06,2026-06-06 17:01:45.000 UTC,2026-06-06 17:48:00.000 UTC,424725083,657,3U8gSQZ2s6x8R9EVWd9gegupSLNRTweae3wM2esZT6FSMJwSxbJ39dr5u8XuWaRt6NgwLv8F6SPjsnzSJ53zkb5,curve,ApRnQN2HkbCn7W2WWiT2FEKvuKJp9LugRyAE1a9Hdz1,9777777777,0,1,1,0,1,1,133,0,0,0
BsiWjzxvQqFiMrKYb2P79j1RbkvjY7ioVUjoNBA6pump,candidate,False,2026-06-06,2026-06-06 10:37:52.000 UTC,2026-06-06 19:18:57.000 UTC,424738798,705,3j6VbS7mNRLUBLpQouv4s7YhemCo8CJRp2PMtTY6sNZWLfEStDNqFMeUDPKUzpCbcCZTAiUNB2ysdzoxcZQLZUAT,curve,Em8J3gBWapfVBGVhVipwQnLrqCvnWBnLajw6XFsFECPF,4764994944,1499461769,1,1,0,1,1,4405,0,0,0
HTJQSQ472gwR4vFodBjRKDdLeFp2GpZT4aNokAsJcKx2,candidate,False,2026-06-06,2026-06-06 18:47:00.000 UTC,2026-06-06 20:00:07.000 UTC,424745001,2,2iS8d8KBHpViZcQ68prR4VjmyJ8NkojBHKjEETFyafum32Ds2Z6WbNVpyCzQevtNxxafxBNcoFcpxx8d2KVeeZDx,curve,Dwi3Heos6P9thx5XfZdxcuiUSpmDoEegyJVE8MPSL4Vv,4888888888,0,1,1,0,1,1,990,0,0,0
5d5pUucajKqJvwz2MAZbpv2mfUC8iyeXvArmAuZksw5v,candidate,False,2026-06-06,2026-06-06 08:56:31.000 UTC,2026-06-06 20:26:10.000 UTC,424748914,672,3UrTMd1BjceBDtEkh2ZJ8aJxoAd9LF874MN3YqJRk2GWoVZQBGA2u4cHxs2ycEoBa9L5YXM8eS2fX9iamwh5Mxo8,curve,G6eDC38rN1UWd2WEUvyg6rxpqHVfQTqVqsqPEfKwaFJB,7407407406,0,1,1,0,1,1,6,0,0,0
VfNoebNgtVgQtyezdtfTVdSDH6Duxpe9swsnbeupump,candidate,False,2026-06-06,2026-06-06 20:31:56.000 UTC,2026-06-06 21:20:38.000 UTC,424757108,474,4ZjjvigyJNDt7wjUQjys2fEHZLkjWFapxSAg9TaVia7htZwFrgw4NHTp72y3Hrp4sDJpbfmVHBYuD2bct4cyByuj,pool,AnwWFyh6FidTZgjisqJX1tqoFU9rBNoi8bvcV8Qwp3V9,4400880000,2663310939,1,1,0,1,1,3179,0,0,0
517Cv5NyKjHdZjmnwFWSknBAE14MFRFgSG2GzFDepump,candidate,False,2026-06-06,2026-06-06 19:26:03.000 UTC,2026-06-06 21:21:28.000 UTC,424757234,0,5S6vDQmnCSwPCUTTWNmfXFdC956WpdfYcZRvV3YU5D7VHBQCTRWNPWDvMAWP6ALQkf8bYz5qEESuPvHTSeeKgnRn,pool,AnwWFyh6FidTZgjisqJX1tqoFU9rBNoi8bvcV8Qwp3V9,4400880000,2005339259,1,1,0,1,1,7818,0,0,0
5RsuGpJBrX9Rrd2gq94iWkLTaUaWHxLh1KhJiX6Hpump,candidate,False,2026-06-06,2026-06-06 00:47:42.000 UTC,2026-06-06 21:22:06.000 UTC,424757331,14,zszcEKJA8McXuyxKtgXZRRaAUnovqYDvMDtkAVxCohkJucunVbqkrDWwj16RsXSjsXvayoJvzYU7zKyQCjSx9hk,pool,2q3ABvRCf1772VnxW4Nauc4DGfJSANpLhBxBYajkLpC6,5897475555,3442190855,1,1,0,1,1,7232,0,0,0
8NVuSy6VJbwEhuUFBkkxLvrGynCdGJFbTNRzmCHzpump,candidate,False,2026-06-06,2026-06-06 16:52:57.000 UTC,2026-06-06 21:36:37.000 UTC,424759517,973,5f6Knx28ojUjCxCZCkfa3wfd6JMgXhkYz1y4fm1A3Hw53ZJxoLQEAsvfNwkEUHS4dsteaRh7v7nDTFMExA5sQNAB,pool,7iVCXQn4u6tiTEfNVqbWSEsRdEi69E9oYsSMiepuECwi,4166571419,0,1,1,0,1,1,25192,0,0,0
AzVXNsPqr9kZyfqUzpJfSN6rCH7PcVEnsGDpFGzjpump,candidate,False,2026-06-06,2026-06-06 12:19:14.000 UTC,2026-06-06 21:37:17.000 UTC,424759618,228,2fT9nop6kup9QKKQSnTRoWeK322itfwjhJyYmUCfkczeMSp12KwVN2CJEh9pEjXYNRMQpC4dj1hFufVrZnMFKQL7,curve,4UwK5AE6Djdf3MfwtPGE8pFYD47MhU9fiStDVmSHJVMB,4888888888,893827157,1,1,0,1,1,1508,0,0,0
DT87inf4XkPHafpMH5x6F8pbEyiytr2wFLpm6k6Cpump,candidate,False,2026-06-06,2026-06-06 11:59:37.000 UTC,2026-06-06 21:43:28.000 UTC,424760544,43,4q8gtYh6dppFQJVVdQxxrTcnoDE73Z4kWBEK28DyNSsaoM231UPHYG1fPE62gtiyaxp6JS2xZv1ustH41cJwMJN7,curve,B3HuK5rz6EnJxiA2tundWYsdJqfP9MVpq9cn9aGDeh7c,5588873699,217041751,1,1,0,1,6,2449,0,0,0
H1e24pFYWJHEsWmtfkshc5GvUPVQDCg4Xp6rncC3pump,candidate,False,2026-06-06,2026-06-06 20:41:12.000 UTC,2026-06-06 22:18:38.000 UTC,424765843,694,3WxoQYrX5aDy1TDTDM5LZgLXvNJ51PwFebwUJ5S6BVNWJ2YwHqwZkJwYMtNiDKQAqbrf4C3TbsBxmuA37diYaS92,curve,ARu4n5mFdZogZAravu7CcizaojWnS6oqka37gdLT5SZn,6913571045,2313038310,1,1,0,1,1,166,0,0,0
tkRePQgX2H3a4dogcmYaPNpJ5rP34F5mmChGpHrpump,candidate,False,2026-06-06,2026-06-06 18:22:02.000 UTC,2026-06-06 22:22:20.000 UTC,424766393,722,4GTtVp6Ry8V6mgs4JQ6vs7iyYHmMnzfCqsuqEkJHgSjNEpVogyauA7H66WyE2FekCcZ5c77RUWqB4GXBzKcXBqJP,pool,GGztQqQ6pCPaJQnNpXBgELr5cs3WwDakRbh1iEMzjgSJ,7957597152,218846040,1,1,0,1,2,1939,0,0,0
8CLD8JikbCZWNmdV9qJ29hgTAxkC5exTzTSrnhXVpump,candidate,False,2026-06-06,2026-06-06 15:19:19.000 UTC,2026-06-06 22:38:50.000 UTC,424768882,1014,3h3atDdyW4H9Pr6R3rjPbPofUrxTJyiuRAb5weXNjwHrbFom9bwxUods2TsZtRDG2a6h8WoXYrmwhNeDCjyTNCMD,curve,7iVCXQn4u6tiTEfNVqbWSEsRdEi69E9oYsSMiepuECwi,14830610845,316571754,1,1,0,1,1,57,0,0,0
BUvuChjfCJxfUyCRMNWtm2W5ygTc7vV7mK4N22tGpump,candidate,False,2026-06-06,2026-06-06 21:47:37.000 UTC,2026-06-06 22:55:54.000 UTC,424771436,574,38nqCbkYb2vfxMC6q5xWxGABHbbh3YLjCLim6cacWJXDs8uNpMyP4jMdijEWbzY1aAbkT6aRCWFaXEus94ArsDck,curve,ARu4n5mFdZogZAravu7CcizaojWnS6oqka37gdLT5SZn,4406666666,2190296023,1,1,0,1,5,2261,0,0,0
Kr79aVFsYm8UTirhivtV9xovoqbdGus6sMNMkTMpump,candidate,False,2026-06-06,2026-06-06 20:01:41.000 UTC,2026-06-06 23:04:29.000 UTC,424772725,48,5fu9N3fVj5MbsTkeX3ioG8QaVQtjCJi8s3qeacDkKoyd524i7HviYGp44Gzqq5FyBsUxjj5xtAjgfQka9vmyYTUn,curve,HqXf7BH8F35yyZnRrCMgGgj2yWUqdr8nGvH7ZC9xW1HB,6618019271,3093524413,1,1,0,1,1,561,0,0,0
8PrKyi8nVNZGZUGwTQbuFXfxDJWsys9owR4JZzZwpump,candidate,False,2026-06-06,2026-06-06 22:47:09.000 UTC,2026-06-06 23:47:58.000 UTC,424779249,509,3wFbf2oZLXCy9VeBKVadNYTFwukhNLedoEnGrxYPHaCbdwjjjRDZcro6CizxyJRQdtmyUAR9i3QAGEeQSuc6FX7,pool,ALmgdpD2v1CnbNRFtJnYVNXdf5LtFj9tk1BJrWrzUB2U,4950592885,702287333,1,1,0,1,5,635,0,0,0
8pjHVQqhGrE6YF8s5jCbNS3HKM73ui4hnv9CB3Rapump,candidate,False,2026-06-06,2026-06-06 18:22:03.000 UTC,2026-06-07 00:51:40.000 UTC,424788838,536,5LLLf2Rc7x9ZmbNeZqyVStxkcQopefmDxweVpzKeUN8SzpejqkMoPSsGjRoPbHBJmfW3D1f644HWXMM9omMdVNcA,curve,BQGZmk3m7xVNP9LPohgf74Q7st3GQ1Jf8viWFSAmAxxf,5277185184,2365277864,1,1,0,1,2,1516,0,0,0
HXekf4xueapC7jYqsnbtnfJUhm1PZCLV2vPDRGJepump,candidate,False,2026-06-06,2026-06-06 22:58:19.000 UTC,2026-06-07 01:30:01.000 UTC,424794609,1880,4mQ3Zk8cfbtnSGfHxicSZj27vtpkrdDvx9Y5ZsMREimLTCfjLqmYMafMb82huQyN4AYnZNzpCK3uq8UKJ9Ky1mGq,curve,6MLctuZocm2GvFb95wpEi3wtWqkNsKZejrTMiPwL61B3,4959053494,151961683,1,1,0,1,1,19,0,0,0
4UdPeZD7iEt3ccUoiwgTHbkh5Ymbqkxzjk4Gxkttpump,candidate,False,2026-06-06,2026-06-06 20:16:04.000 UTC,2026-06-07 02:30:52.000 UTC,424803759,600,4QmTHYU1uAvkFYA6rL33PE9GQ8tAvTkHTmUNWFLVnFx3ZJm2X9GjLJT98GgjFV8NMh2nenpebJv1yLWXAbLSCxUD,pool,ARu4n5mFdZogZAravu7CcizaojWnS6oqka37gdLT5SZn,6017277916,0,1,1,0,1,2,4661,0,0,0
BWvirFeEEgeG7wJv6zhJX37Y8yqZHJFW8YaeNSKopump,candidate,False,2026-06-06,2026-06-06 17:13:38.000 UTC,2026-06-07 07:24:55.000 UTC,424848048,1007,2E4dNhxEGjJKYnez2nnH4bGcyoBavn24J7isXQSou5HrKt3ry3yZ1cAhUAtc1ME2idcn9P5Unga1TAupjpfdrWxJ,pool,7qVtZyy86HzPtZthYxevPRkV7Qxo8NF6pmxfe2C6brUf,5690868483,1318825000,1,1,0,1,1,22119,0,0,0
Ccqfi93tCcidcwweF3xgdSYLDH79wq85s65kPdV3pump,candidate,False,2026-06-06,2026-06-06 17:00:42.000 UTC,2026-06-07 12:24:21.000 UTC,424893146,190,bXSzsJGpd7dbsdtqNaLY8zvMSrp8KYNNKQ96hRC7QPwR2tozPG9jcthtePDEiGQKGGffpwGCiEeBJcL99L9UERe,pool,BkBh4jsvsnFjoXNUkyPavQrzyVq71uT3VYGaqidSNgnL,5207527952,3780906294,1,1,0,1,1,14638,0,0,0
5RD2T1SCSfKM5BDW56MkLYG5nKwQHwdmnBWKs8P4pump,candidate,False,2026-06-06,2026-06-06 23:32:35.000 UTC,2026-06-07 14:38:56.000 UTC,424913436,398,2ZEtbQRsNPncVWL48gWV4TAyKDg1hjKg1PuDf75NxSX7ShLZANn7AfJu3qRhmkB23MRL8SN15vYTn3DrjN3FhPnb,pool,8uEbtW26wGe5VBiCWrifk4W8QxX8iPuuKazGkEwfTcpK,4914562962,2529322476,1,1,0,1,3,11761,0,0,0
Ekn6d1ZGGgvWQufmEafusgsDme4Fz2anL98nRmyRiyfi,candidate,False,2026-06-06,2026-06-06 18:44:05.000 UTC,2026-06-07 18:32:15.000 UTC,424948612,151,pV1ARSeeY3VqSh2ri3SrtvKvgj4jTjuN9opRXvPLEYuz38nV3MiHY59WC4Xq9XwAgfZ8vjD5siZEFVVz4Q3TiLh,curve,H9TMtTxBL84rqpX8uqC3TpTgM9BmE3bJDPzStFk8U1Th,5000000001,1417220176,1,1,0,1,1,819,0,0,0
8q4gUHXuZrxpP1EnkcNR5mYKu4JJcqrh78qYVBCipump,candidate,False,2026-06-06,2026-06-06 18:54:58.000 UTC,2026-06-07 18:42:44.000 UTC,424950190,175,3hkyVEWz2iqVGUCkai379KoAyPh5iLJ67g5W4XcJwZSfH1Qio7checNTCxcBp62jnjwF5wfYt18DtnVkGbPTTPoK,pool,3s4nM7QwLhpGiGFzogcNrS9JwuviKgGyX9pHEXCBmGGY,4939259259,0,1,1,0,1,1,4419,0,0,0
2HAgPvsqTzmY6ceHB4K26FUYtwbSff6gbaYhEHXYpump,candidate,False,2026-06-07,2026-06-07 00:03:07.000 UTC,2026-06-07 04:17:54.000 UTC,424819856,205,jyd5VcRTnYVX5w1RUXjzgnHWpA28Co3xXUZSSqkfXADxJhbjkLic9VVzMLWRhTkq514taHG4zE9ZEfawSkPUQ5t,pool,ARu4n5mFdZogZAravu7CcizaojWnS6oqka37gdLT5SZn,5201347554,639122822,1,1,0,1,1,3300,0,0,0
C5Y7rtcR4TTCAnzgDMiZRiBP96hdHXCv9DB2Gonypump,candidate,False,2026-06-07,2026-06-07 02:48:45.000 UTC,2026-06-07 10:11:22.000 UTC,424873130,827,3EfHMC81fCan5LbQinh6HLLZJcebstb33YnxcF5N9Cvyr1UG5ZodziY9StQBin5aeRddDUWxrcXw3JBGkXFJsGKz,pool,TtzLtNqG4VfLsCYPovfiqCQWCEaDHFDtfgwo6Pv2Qbd,4894904710,2015630539,1,1,0,1,1,19514,0,0,0
GgEX5La27K7DLFTm5e5U48LpYf38ggsKERQCDSv8pump,candidate,False,2026-06-07,2026-06-07 05:46:30.000 UTC,2026-06-07 10:14:39.000 UTC,424873631,1055,axTR9R9zHtKoC7Df7DvAKfTAMdf6NPJRUN5vyCHGkPQo9nir53SYiHJNPxS5iwcpk3XJN9K9xTCa3ENE84PtBmo,curve,3wbd1epKCfgZG9rzH1zk9Hg4y2zcdAtiFNcYebqVvbz3,4834666666,19707628,1,1,0,1,1,1247,0,0,0
B5rRbMNEEyN2EMTsHuZ4B43aQoPLp89zyLmVbCWjpump,candidate,False,2026-06-07,2026-06-07 13:36:54.000 UTC,2026-06-07 14:08:04.000 UTC,424908785,1089,5WgsQWD1mAqfVGq6aqcPZZkAuuLWf7LiUH1Ctzw6wpLSGDpYhXpradDjp72zvUq5rXybqesKz1oZzyYKNintM1pn,curve,DbBX2EV8hANTx52LdHnkNQRC7uX9kpecU27YwhFPxMWW,4888888888,1792760831,1,1,0,1,1,17,0,0,0
FHj1Ni7VKWP7eearMuNzAi6qmKF16a6oxUuM6kbBpump,candidate,False,2026-06-07,2026-06-07 12:49:17.000 UTC,2026-06-07 14:45:49.000 UTC,424914476,815,CjhuBB1AoKEm6sUV93YNkgFTKdyLvymbKdfpgE4VnzCZgVkzDNWeCbCNoyAVCNMcAx4K8DXaW3TtATcjnQtiTU5,curve,7iVCXQn4u6tiTEfNVqbWSEsRdEi69E9oYsSMiepuECwi,4357161662,653919040,1,1,0,1,2,347,0,0,0
GaNkkuKz55CnQN7e7mY693dWZmtagU9TqeBRVsMcpump,candidate,True,2026-06-07,2026-06-07 10:06:35.000 UTC,2026-06-07 14:55:44.000 UTC,424915962,118,3jZu6yrQ9DxQpQkYRTBesmTFtm3231kms7Yq4z9xYRbjLWZd6Dhs5nJXzEpMqef1w2WVTAcrXpxAyc9ZEdN6sBys,curve,7JCe3GHwkEr3feHgtLXnmuJ1yB3A7coSeyynxTBgdG8k,5791267907,0,1,1,0,1,1,579,1,0,0
FbRUDHFbwNxf4tYMZnPkGJM3RPZKDWB1wgpxZBFJpump,candidate,False,2026-06-07,2026-06-07 00:18:28.000 UTC,2026-06-07 15:33:19.000 UTC,424921630,1297,5rdPdVJRUXQ54vFPgGKkezmwm1NDXT4AQZY2KHxbzSNVaqrU1N3Fhke6Jint2dT9Ljy3UqHFzthCQZBQvH534TpX,curve,B6XsgCiX3UYzt1ZqbEKwLLDKjpLJ2Ta6NthzEfwyfp4V,4618202468,0,1,1,0,1,2,104,0,0,0
82JCcxBoCuBwPC6baiPEKNtWE3y9nGLAVqD9JF1Gpump,candidate,False,2026-06-07,2026-06-07 15:59:15.000 UTC,2026-06-07 16:50:16.000 UTC,424933232,168,3QyvQmE8bLqaWiHTbXQdR9UKr3FsiBxpfdqz91DrYXKNNZec7AUDs5N1JzBaATtymshuYR8jGQyRuqgt5EJFFbFi,curve,7CtW3vMTyNm9u8ByWWoTjGg7XYZteUjYwjEevHypVHb4,6161864215,935676504,1,1,0,1,1,3234,0,0,0
92o2ofeLD9ZFD7NBrttXB5vjjQYgJ94398gwEH1tpump,candidate,False,2026-06-07,2026-06-07 16:49:56.000 UTC,2026-06-07 18:21:21.000 UTC,424946977,623,39x3cBtbbZeDsH7jU8RnQP9BpvPLy9fS74AzXN76icx7seAwmJWuQRAbgrTUix3fexNMzYeijgt7xRW5EwVXKef5,curve,9Kb2w7HcF5nMg9YZEQc8R958hzZ3c4cqmrnjUHVmhHpt,4888888888,0,1,1,0,1,1,56,0,0,0
EKKDWmB7B2pb2EpKVshib4XJdxD4Go3ryYk93QV6pump,candidate,False,2026-06-07,2026-06-07 18:01:32.000 UTC,2026-06-07 19:13:22.000 UTC,424954816,666,48SmA7NeY3pVMFXwa396f5uAeMPDGQX4XyzE11VUPp3M95qJBFcoDznaqeP8Mba7qPNyu2sDrqkokcuGXJFeACu4,curve,72fAfWZxhAN9vbbPiVctY6BNifZNTWNyyEzuHTTHiJKE,4077179374,3165610947,1,1,0,1,1,91,0,0,0
14ApW9zUNsgTrgFuUmLfoo5Fb5SvhN1uHMcZQMWMpump,candidate,False,2026-06-07,2026-06-07 17:08:11.000 UTC,2026-06-07 21:14:45.000 UTC,424973092,1098,2gAK6oakW5aE7je8eLpbvH5qwt5qCqtGddVZTumgrkbMakyxPq3ofnB9B38Cihj6Jdv7AEPFbfUdML4TQaUaYwuV,curve,8cztdSB5pqxrNMGqRnHoPYP71qbeyLe6YeafCmYaBdT6,4400000000,0,1,1,0,1,1,1011,0,0,0
qMZBgNdqro4bPnRwAK2N6zMt1mQs1E3ceEbC1u1pump,candidate,False,2026-06-07,2026-06-07 17:31:24.000 UTC,2026-06-07 21:52:31.000 UTC,424978790,1162,56zgC2vKWhZSFs3uH6shtzry9xhUneZgzEuVvkt9NjqQLkDY5o36DcCnCXwnhRKRh1J9UMkjZ5SSvL1SkXRgPRSP,pool,5cutbQoqBe95K1rtjDwfQ8JNmkzhYQj2ZvA5THx9ZQiY,4889866666,0,1,1,0,1,2,8494,0,0,0
EVzhHMPSLLH3uYCgsr3e9HtS4vPXAZvpz6W6b14Upump,candidate,False,2026-06-07,2026-06-07 15:25:45.000 UTC,2026-06-07 22:24:37.000 UTC,424983635,1405,5Lj8rfBFxEwTd8qpJV94KoPBCAZftEBBeizgPkhQzDjSCbgTKJvN9qdBvJT9wNCuh7VP377o6uiAPWpFeDho2m6v,curve,523arUS91m8rJZjobKFact4sGK3rX2tAmzbdj4agWQFY,7822222222,0,1,1,0,1,1,44,0,0,0
2paPWAQq6QCjoYeGj7XYXHg27JvXZWeXt4mKACvFpump,candidate,False,2026-06-07,2026-06-07 15:50:54.000 UTC,2026-06-07 22:25:32.000 UTC,424983772,802,5UgKr45GtGfYosnAVKPKqozWjt1Kd36Yv5UhtaKUuWzugpgvaRYEirhj3xiDWi3XWfVC2iv5QskGfVkLhfuSstaA,curve,523arUS91m8rJZjobKFact4sGK3rX2tAmzbdj4agWQFY,7822222222,0,1,1,0,1,1,767,0,0,0
CQ45Ph1XDpaMLRDox7d9UsjiqYnWpTRaUGh4338gpump,candidate,False,2026-06-07,2026-06-07 16:11:17.000 UTC,2026-06-07 23:27:46.000 UTC,424993158,1610,3jWZn4LiVxCWRqK4tnvmxAdnLw9BzLsYHxEhQrNpaktj6PmhSUscFw6XAHM1nRNa8VLXC8UMAgBTcBEuBix5JeBG,curve,4JwcPbdN17rTfWgG62Hz7BP14CgKT45EhyqaUBG4yHjs,4938271604,3424573065,1,1,0,1,2,2805,0,0,0
FLA2XMuut6C7pwmE99UMcKA65QWUGSMyieRhcLEVpump,candidate,False,2026-06-07,2026-06-07 21:00:17.000 UTC,2026-06-07 23:29:00.000 UTC,424993343,1358,2K6XBRaqcT389QeXVLaT5CYW7HZQ8yXKAyLxRbjrBcFThGBdpcE8DSMwKCpbWuWfyRLopYB1SVmwBSyNyhSU1cSV,curve,CdfeZxPpkGKTmJFc37geuX96TK9Quk9jHPjMQymp3p91,19753086418,0,1,1,0,1,1,43,0,0,0
Ffu9hjFd7creN7frvsecGiEHZWH9og8JGjGeHQbxpump,candidate,False,2026-06-07,2026-06-07 22:12:20.000 UTC,2026-06-08 01:56:54.000 UTC,425015617,87,3JRGyDkMV645Pt8GXbXdiSv24Yj7qY9uss3mmorbMe7VTUudP5Nii57SUZpk2v4vz9A7ZebNxZCbJUJink9kWZh1,curve,7qMcf4xtiw2cTnDHNzMzRTVdxYqcmSQTrJoQ6WWLHwVS,27377777777,0,1,1,0,1,2,258,0,0,0
CySx2YUZrXsxhzAwR96d47G9aupWjjsMhLNjwSJcpump,candidate,False,2026-06-07,2026-06-07 11:14:34.000 UTC,2026-06-08 02:29:24.000 UTC,425020498,566,2dSA81KSjUTX8xJ55d2ftobLYjt4voK4cpw6fgoFBJSr9LHqbUUw1fQnfpwxQyCHHe66woNmmd7Gh2ZEoF233by4,pool,4gyyRnKAWE8BEfpMdGUQT8kQpz9kwBDJzJh6Loi6y6DQ,4853229534,3288453890,1,1,0,1,1,15017,0,0,0
CWBiRHPu2jQYjybiDtb7FnCFr9XWmmPXzGsPirC3pump,candidate,False,2026-06-07,2026-06-07 21:38:53.000 UTC,2026-06-08 05:26:00.000 UTC,425047145,63,5Hc4oxQyRuW4comG8jriHovxjfDsbncAiQaq6yHcHC9Xt9WQLNEYsVqUUXJtvxH9tc3zxmiJWRiKX71LwcRo67yH,curve,HGK9o9tcyRFjNZCTCE79uWMZTonjwRfUBrYdx5CwCdBD,4458442795,3224994183,1,1,0,1,1,4854,0,0,0
F5Doq5oupDZQv6tz7QyTD2ug8cCPsNNTUuTuSkKdpump,candidate,False,2026-06-07,2026-06-07 19:17:47.000 UTC,2026-06-08 05:49:13.000 UTC,425050647,664,3FTa4VvWZUbZabpdFnL9urwqai4sQvynstLYRkTjWEkYh8EXVzVCKhEGuYxRWEFFeBf4cHD4Avh7ranXzYgP1ZM2,pool,5FoEQ3pWze4Unfm83krG8DitDpt38fLdinfmxEK3v2v6,4423106666,351275153,1,1,0,1,2,6453,0,0,0
6i4rkBdz8hqct4bdn4Sy8XSAtLceGSnSsCUbsjbupump,candidate,False,2026-06-07,2026-06-07 21:51:14.000 UTC,2026-06-08 05:55:48.000 UTC,425051645,642,3SHAbfWZZ8buTuoYuXA9Zu9DMKyYsbCcpRf5Dj5vmF8aefSV9Uq4ku7hF2hXUkMjMCDbjKxEe2Vmh5XrBiwzN1F7,pool,3iM6FfJiwnCj5s1TwKK2qNBg8zr6VEv12X3Gp2e2pRQ4,38526222222,0,1,1,0,1,1,1408,0,0,0
7esrjyaEC5N1pRZ6DumxQ1GCXJwyGJQUrEm7BBKHpump,candidate,False,2026-06-07,2026-06-07 14:36:53.000 UTC,2026-06-08 07:55:05.000 UTC,425069609,2,3vBUecnmG1aTFKbTwsesrscxARn2NyqhF5HWoFiGH6q7e8z4j2RYBSiRhKvd6HKpE7nKYiLxobF2ZXGhqv8RvEHq,pool,GLp1vsnW1TjsUgW7yPPjdjLqJtkYqnBgAaZpNkptLvZB,4352777782,1780840137,1,1,0,1,3,673,0,0,0
32n3euGSp8cTuU4Brh9TeXbnLNFMLDn1v6iNRBS3pump,candidate,False,2026-06-07,2026-06-07 20:11:33.000 UTC,2026-06-08 09:31:46.000 UTC,425084166,71,2X6LBE1w18SHbdwEP6jQ2ToY3gKWF75c5n4TPTJGpNVvRTMmNachuVqaoA58MPKWiXXBu9JzujU5X2iixE9u4cp1,curve,9QM2UaohJNV8ca49VqHTVAu9mBoMUebgdKPm5BRvUEiu,4564491781,415142090,1,1,0,1,3,220,0,0,0
9S6vpXWsJ1Qnkf5QScRm44SQeMSmbZJURtrPWYnSpump,candidate,False,2026-06-07,2026-06-07 12:14:01.000 UTC,2026-06-08 10:01:21.000 UTC,425088622,6,4NdQbjJPmtiUJc68REaus92xrxHpRtgPSPygu2hvdtJncUHXR41R5SksDF1tta6VsXQ2XzXGmpxpcvReEQgRXY9C,curve,FLqQ1uPG12TsyxS55JM6MHWhL346yZqZMbhYHsTZe3bu,5699753085,146676566,1,1,0,1,1,3875,0,0,0
DThksS4X1V6PVtawVub4G9zLMi3Fh1MgPuDGoqM8pump,candidate,False,2026-06-07,2026-06-07 12:28:42.000 UTC,2026-06-08 10:06:20.000 UTC,425089376,48,4ZY9WviyNi3xmj1438TbNr7wNWddh4pmAqVDAGLXXr6pRd1Dp6nRF1cF4X8A8StWdBWF84uySXgeHzcnVHsVTnWJ,pool,DKMqtxwiWT7He3NpmKQ5U3fvLAA7ceHmrMK2LpMfjDxJ,4889866666,614443851,1,1,0,1,1,6736,0,0,0
9Tm6XuQUjpCD4SaKWKJVV91NcycvAq8TdEEBF92vpump,candidate,False,2026-06-07,2026-06-07 18:04:30.000 UTC,2026-06-08 10:42:00.000 UTC,425094741,697,FoAJymU4KcXrPvCLuNdqGgeaqsHQKSGYvZF7mgDjxcniu5WcezLG1692atkzKk1UKR9UGE6QDGcLJg5jNye6Kmx,pool,AGq77pfqHyyJ7hiLdw6CRwgWRJwcZUmTfVuXd5GJV4XY,4457792974,2541118282,1,1,0,1,1,9458,0,0,0
8pNiw1yRRvTLQ3uSgdKVwtXgq4TBvzsRvJncW1JHpump,candidate,False,2026-06-07,2026-06-07 17:35:22.000 UTC,2026-06-08 10:55:40.000 UTC,425096805,76,2W5CfS9pWw1ekGv3mciCPDNgc2VC63HGTUb3CAiR3TeMdnxtwCrCqaw4Sgn7Dhc3GuTAhvm4LeabBgGMyvWKDC1Z,pool,63hxMftx8mEjaCqKUHbvMLNf4z3tjbEy5B9LufjguaMi,4575105838,3059592303,1,1,0,1,1,84586,0,0,0
7m9rXbCQmRt3G9ZaHmsEd9wwW5R6VPga8bhQfEoKpump,candidate,False,2026-06-07,2026-06-07 19:08:14.000 UTC,2026-06-08 11:54:21.000 UTC,425105625,602,AXvgp8eGuEeMKh9yk2eN9gLnPJq5EpoFzYx1NnGxvxWguJsm62WdKJXj75anAyNDHhorhy1ikmFzGN3mYDf96Bu,curve,2me9wCkJYNbDSnvVrcS9pqdczinUpZ3V7PfSWrPxCvad,4938271604,0,1,1,0,1,1,1172,0,0,0
9tcb8WA9Fq9hUhdWhk2gcJjCiKB85N7AstbXCzCCpump,candidate,False,2026-06-07,2026-06-07 16:39:34.000 UTC,2026-06-08 15:53:35.000 UTC,425141705,321,tuzn6ogfVBASeuBFuRBUgj3AmkJXx6FoDgVH28tsH4tD5rqYEvfzUAGjzwYuGDbq7KeC365TpEX4HMzQCZwMqoZ,pool,EzwXk8vnZ8NrThfpS2oFEvWzTCnZv4uokFjFNMxpx9WH,5577878045,0,1,1,0,1,1,8950,0,0,0
72yWLCSRPf1VyGpUy2DgcKow4u2go6AWcyQZuB8Wpump,candidate,False,2026-06-07,2026-06-07 19:17:00.000 UTC,2026-06-08 16:06:57.000 UTC,425143717,101,qYrTYVBNXojinEQKEkBMJS9pWFymEnpLBAZqtHT8n6MuivpdpLNSrDi8UFssnjC7ugvD4VoH5ENFXEjPNSm2B4g,pool,2qwFgBsADevgRyJoGttmgHGJeS5FXNKndgzerv8ho7m5,4662388426,2427004149,1,1,0,1,1,29632,0,0,0
5pMLECdhSeLgBCfxVgX7Uc4KvCMbBAPseBnR4cqCpump,candidate,False,2026-06-07,2026-06-07 22:47:44.000 UTC,2026-06-08 16:39:36.000 UTC,425148620,1699,3ke8rMo2i38pWapphvV5gUG7H1kWrH85qymzyCD6YKJ1xVpPHMKtNqx6UTRDs23zD2Q7axgaMwia3j4MGCXwrWuX,curve,3dNp8fNsjTk6SiNoaPyHvegxnVGpeAFPbubUb6HYjKhV,4938271604,9777777,1,1,0,1,1,501,0,0,0
E7F7dTLyZ3BwCoodgWoXmeZrAPYKifNPMsNv38ztpump,candidate,False,2026-06-07,2026-06-07 18:23:15.000 UTC,2026-06-08 16:59:24.000 UTC,425151600,1518,3heqHXhEpZ3FF1taZQ9SyZZrsh22bmXaGgYACbC6Ppx26Hjg5Ba4v1Pz4SzAv2RxtBHg6d1rU4LjnNnyd2NTqs3C,curve,FUCKNiggAS8VdjcGbpAgoPZtfmpA32Q5CGbVbxHeuAgt,9777777777,2380246913,1,1,0,1,1,776,0,0,0
