query_id,sql_file,execution_id,state,credits,usage_after,note
8882344,（MCP 临时查询）xStocks 铸币表冒烟,01M3X6FCB4Q0SF38JZRSZQT67V,COMPLETED,0.636,,tokens_solana.fungible 名称含 xStock 的 6329 行，多为同名 meme；官方为 Xs 开头
8882345,（MCP 临时查询）xStocks Solana DEX 一周逐小时冒烟,01M3X6G7HGYY9Y32YY1VNJCRQZ,COMPLETED,5.67,848.633,2026-09-01～07 共 4758 行；按此估全期约 360 credits
8882349,sql/XS_SOL_202506.sql,01M3X6K5RSAZ14Q5BJ1EY4QY05,QUERY_STATE_COMPLETED,5.457884616,,公开查询
8882355,sql/XS_SOL_202507.sql,01M3X6M9BT79J5AY7C7MYTA40Q,QUERY_STATE_COMPLETED,6.519423077,,公开查询
8882365,sql/XS_SOL_202508.sql,01M3X6PFRHVXPKW4CE82B8VRZZ,QUERY_STATE_COMPLETED,4.728653847,,公开查询
8882369,sql/XS_SOL_202509.sql,01M3X6QWCPDQRE51YJ4J4TMKCF,QUERY_STATE_COMPLETED,5.993269231,,公开查询
8882370,sql/XS_SOL_202510.sql,01M3X6S8YMDD7MNHAD4R16AVYS,QUERY_STATE_COMPLETED,5.384038462,,公开查询
8882375,sql/XS_SOL_202511.sql,01M3X6TTVHRR7YHMPHA2JQCH5Q,QUERY_STATE_COMPLETED,5.744038462,,公开查询
8882381,sql/XS_SOL_202512.sql,01M3X6WEDWCPYSTYJBE58NJEB4,QUERY_STATE_COMPLETED,4.368653847,,公开查询
8882384,sql/XS_SOL_202601.sql,01M3X6Y4QQHAW6PSDR0V119EZ9,QUERY_STATE_COMPLETED,5.937884616,,公开查询
8882388,sql/XS_SOL_202602.sql,01M3X6ZSC7DY4T83K5ZKYQ37V6,QUERY_STATE_COMPLETED,11.697884616,,公开查询
8882396,sql/XS_SOL_202603.sql,01M3X72FHSDDADAN8G105QN15B,QUERY_STATE_COMPLETED,7.064038462,,公开查询
8882399,sql/XS_SOL_202604.sql,01M3X749T52BFMFJNMPSF6MX6G,QUERY_STATE_COMPLETED,5.854807693,,公开查询
8882411,sql/XS_SOL_202605.sql,01M3X763RKCA9NN09EX4CAJMP5,QUERY_STATE_COMPLETED,11.716346154,,公开查询
8882439,sql/XS_SOL_202606.sql,01M3X77XT6WAV93J2VYW415YT6,QUERY_STATE_COMPLETED,4.359423077,,公开查询
8882464,sql/XS_SOL_202607.sql,01M3X7ABCC4SQG3KMNNCSTKVYX,QUERY_STATE_COMPLETED,4.765576924,,公开查询
8882470,sql/XS_SOL_202608.sql,01M3X7C574BKVPJSNK4P4JSH62,QUERY_STATE_COMPLETED,5.467115385,,公开查询
8882471,sql/XS_SOL_202609.sql,01M3X7E6S0D0RH7MMBKV5KNVSN,QUERY_STATE_COMPLETED,9.740961539,953.433,公开查询
