public_study_id,candidate_id,sample_rank_within_candidate,selection_hash,enterprise_public_id,port_id,review_status,s1_sample_result,review_reason,scope_limit
PUB-A01,A01,1,00f872ee86364870b3a838f63d3c97c4ff3ea3f92520706632cccd2f3fd8f8b7,4295cd74c2514983818171237b0b18d8,c8593d33021d4e5ea23207e00c89d49c,ambiguous_name_evidence,blocked,"Glass melting furnace is named, but float-glass process is not established by the sampled public text.",public_name_only_no_production_capacity_or_topology_inference
PUB-A01,A01,2,06a313ad80785321fdd5ea18731ed638eb4b72ad0647301628989f45732842b4,3ae5dcdbb5cd477996d267c2887a5afc,6a61f1db330a46fcb6d03ee4f6a8bf54,ambiguous_name_evidence,blocked,"Glass melting furnace is named, but float-glass process is not established by the sampled public text.",public_name_only_no_production_capacity_or_topology_inference
PUB-A01,A01,3,07b6397a0f6f282edf896ae344cbfa3690b0b07b0ed91948c474ba7c0dc20ede,858154b9a83e4a659abf083778342f73,853219edeef54cc6a4cc0a5e778f1337,ambiguous_name_evidence,blocked,"Glass melting furnace is named, but float-glass process is not established by the sampled public text.",public_name_only_no_production_capacity_or_topology_inference
PUB-A01,A01,4,12abd603b14e6490179010af3c2007d9686b48aaaae61d3644ce9dcf0bfbacf2,3ae5dcdbb5cd477996d267c2887a5afc,c5dd08e8cfbf46c4a271140391544860,ambiguous_name_evidence,blocked,"Glass melting furnace is named, but float-glass process is not established by the sampled public text.",public_name_only_no_production_capacity_or_topology_inference
PUB-A01,A01,5,17ec2c6f40cf4fd915d0688bc4215026225d3ff0829048294b773619d23c5525,87a0c8ae22854f70b2a6622b23ead963,75d548e608c64110a21907baf737b81c,ambiguous_name_evidence,blocked,"Glass melting furnace is named, but float-glass process is not established by the sampled public text.",public_name_only_no_production_capacity_or_topology_inference
PUB-A01,A01,6,19b019242e379c5072277100bb8574bb29e727e7f8ff9212822149b04515be8a,9dfc64d77ea04c729f700936637c84e6,715f1873be964e15be8e13bc0176f8c6,ambiguous_name_evidence,blocked,"Glass melting furnace is named, but float-glass process is not established by the sampled public text.",public_name_only_no_production_capacity_or_topology_inference
PUB-A01,A01,7,1a5bcfbc9b1ee4f787d8bbb508a67e99bcacba6f25a969c7705854f57ec4eafa,3ae5dcdbb5cd477996d267c2887a5afc,87a0c4c824284813bf83052321482592,ambiguous_name_evidence,blocked,"Glass melting furnace is named, but float-glass process is not established by the sampled public text.",public_name_only_no_production_capacity_or_topology_inference
PUB-A01,A01,8,2a8ce81511ace1d9517c3d68568ded0922dfc75de4a454cd6c7c89978554c48b,dea2768c78b24632ad4a699c8de2da91,6bf0be245c2e439a852086c97962ccf2,ambiguous_name_evidence,blocked,"Glass melting furnace is named, but float-glass process is not established by the sampled public text.",public_name_only_no_production_capacity_or_topology_inference
PUB-A01,A01,9,34ad131782b129227f3552498ed08b322509d0f17138e20d574a93e81e499cbf,c07be645c8b040cfa6ece262e9157987,bd420bbc08f04019bf837ee03c7730b4,ambiguous_name_evidence,blocked,"Glass melting furnace is named, but float-glass process is not established by the sampled public text.",public_name_only_no_production_capacity_or_topology_inference
PUB-A01,A01,10,38f059c13a3ea1aa126615f9f7a08b32534a11f23844b0ad7d4e3e8c0dd186a9,69b6636456c947b2b38fe27890950463,ffb1ef7f7342450fa200d3cc58f3d57c,ambiguous_name_evidence,blocked,"Glass melting furnace is named, but float-glass process is not established by the sampled public text.",public_name_only_no_production_capacity_or_topology_inference
PUB-A02,A02,1,24388b78a411e3f0d9522b9c914914cf73718b4e9063b284ae854db91f767681,48c6b32a351849efbbd031aaa11a4ef7,,ambiguous_name_evidence,blocked,Soda ash is named only at enterprise level; no core-process monitoring point is identified.,public_name_only_no_production_capacity_or_topology_inference
PUB-A02,A02,2,006a271624d5bf3f77772cec61d90bab074c96811e39962a446d4284d90ade4b,b8da1ecd1e994b44b1b71f149780ba6a,0b0322c8ba5f4e3685875fe16fee9fbf,false_positive_name_evidence,blocked,"Generic lime, calcination or carbonation text appears without public soda-ash context.",public_name_only_no_production_capacity_or_topology_inference
PUB-A02,A02,3,01386fec1a247ae806b4935f6ac33b882840620ede410728f45e751eb4fc20a6,6ac18b759eb0485c827f3e9e70aa97bc,3eb434d415004867a7d46cfaea8f3b8f,false_positive_name_evidence,blocked,"Generic lime, calcination or carbonation text appears without public soda-ash context.",public_name_only_no_production_capacity_or_topology_inference
PUB-A02,A02,4,06be9df0bf0c0a91ca46775dba8cd4ec59847158c4f7a1a4d196ed647e571dcc,e13c7f264ff6453f8328b58b2b5d1d79,3c8c1af624f14bafb29a735c82ab3382,false_positive_name_evidence,blocked,"Generic lime, calcination or carbonation text appears without public soda-ash context.",public_name_only_no_production_capacity_or_topology_inference
PUB-A02,A02,5,0d01e9043d0f59238bf2be98eedca11b3d440b84a5c8398d1d2a18a8498bc774,4f8cf76972d14a8eb903af686c67e224,d7b90117e4fe4518abe3b32c612c33a0,false_positive_name_evidence,blocked,"Generic lime, calcination or carbonation text appears without public soda-ash context.",public_name_only_no_production_capacity_or_topology_inference
PUB-A02,A02,6,0ed7bed8290e88b7c2ab3b2a48f16aa1b3b03f5bbd8dbc97b8e162bfe829d973,ed287f7534844283a6259d7d95915e71,83b2c7697251440aa0418a1128334df8,false_positive_name_evidence,blocked,"Generic lime, calcination or carbonation text appears without public soda-ash context.",public_name_only_no_production_capacity_or_topology_inference
PUB-A02,A02,7,0f553dcea810ad6a0387fcab5a096c9b0d5298119cf413ded37d0ad9f0c89e12,a504605a2910452397cc7ca5f06e2dd0,e7483930acf543fc94d30e63cd91d9b7,false_positive_name_evidence,blocked,"Generic lime, calcination or carbonation text appears without public soda-ash context.",public_name_only_no_production_capacity_or_topology_inference
PUB-A02,A02,8,11c7f8a06eb4926ca3b0820b220ad35c78a0f61f3cba0bf188502e942e2dd5c3,c3709bbd5735471dae9749c3a6fb6e59,fe88e49b0d874aaeb0e3895c8975f7dc,false_positive_name_evidence,blocked,"Generic lime, calcination or carbonation text appears without public soda-ash context.",public_name_only_no_production_capacity_or_topology_inference
PUB-A02,A02,9,12246e099916552e1a22b8784d5e8633cae9f7a3f815cae79627c6211d5da2c1,402831f0537f4691b34df65c2d847e30,7beb0c37eeb14412aa267989a223d10c,false_positive_name_evidence,blocked,"Generic lime, calcination or carbonation text appears without public soda-ash context.",public_name_only_no_production_capacity_or_topology_inference
PUB-A02,A02,10,15cc54cb4760623451b41fc8b44e74ed365f89e0b52c90519b180826999f037f,ccba8e8f496c4b1d9d6d99f65c85dd74,cb1f18e3bb5e4712988dae77eef8ac43,false_positive_name_evidence,blocked,"Generic lime, calcination or carbonation text appears without public soda-ash context.",public_name_only_no_production_capacity_or_topology_inference
PUB-A03,A03,1,05e2ab0bf6df2ae7fbe8cb7065d8b825854d6fb779961d5deec48d59cfe3a8b5,5dbe40b8d08d48b8b1aeeb6c05c05ca6,10af86f2d5604de89c1c60c1cd34aa81,false_positive_name_evidence,blocked,"Roasting-furnace substring occurs in carbon, steel or other non-alumina context.",public_name_only_no_production_capacity_or_topology_inference
PUB-A03,A03,2,0940f97192ccd14e2114f399210d71af3389bc734e9282c734a22d5d3250b799,58dd319bb1fe42c3b8aa5a55edcd3a39,ac7876b1cbd74c23a1f02ef8f79710f8,false_positive_name_evidence,blocked,"Roasting-furnace substring occurs in carbon, steel or other non-alumina context.",public_name_only_no_production_capacity_or_topology_inference
PUB-A03,A03,3,155bcb54ff937a5661f5fcfbe05e38b13807ad2964408679834a4a41c88d888d,7342dcf8dc484740bce3d216e679d2c6,0a3b0a9ae3ee4207927900007b207102,false_positive_name_evidence,blocked,"Roasting-furnace substring occurs in carbon, steel or other non-alumina context.",public_name_only_no_production_capacity_or_topology_inference
PUB-A03,A03,4,1930884e5723b6e078fcf092ab2eb8e3c569ec69e95a7eaa4dee17511dd3f5bc,6db70567baf0459593860b298b09a3ab,53ea77718f7c4e788a366b341605cc4b,false_positive_name_evidence,blocked,"Roasting-furnace substring occurs in carbon, steel or other non-alumina context.",public_name_only_no_production_capacity_or_topology_inference
PUB-A03,A03,5,1996d7e778b60ff62131f76703affd18fbbc5f62044bba641de85c51a31b2a13,14c114ab91fd44bdbbe2e25920ba1bec,c5417179e9074648905e87263b4d1ec0,false_positive_name_evidence,blocked,"Roasting-furnace substring occurs in carbon, steel or other non-alumina context.",public_name_only_no_production_capacity_or_topology_inference
PUB-A03,A03,6,292db0b44a963782debfa9fe903096ff10b7b918951a10ffcb439ebd9f28d02c,8184abe2f3cf404fa7c5f7752a8076ef,de9d69e6dc99409ab407f1cec75785de,false_positive_name_evidence,blocked,"Roasting-furnace substring occurs in carbon, steel or other non-alumina context.",public_name_only_no_production_capacity_or_topology_inference
PUB-A03,A03,7,2b66306c53e936fe31ef498106682f369f140d186ec35d870c14315898c78632,90bf144991f14afc8ca8fc40ed6f69d2,bc645bb302ee4e658c1411708d2de822,ambiguous_name_evidence,blocked,"A roasting furnace is explicit, but the public text does not identify alumina roasting.",public_name_only_no_production_capacity_or_topology_inference
PUB-A03,A03,8,533b9560b10ed811872757ee13d94e34032d347ffac44401a94032f210d9a9a1,39f2eea7a87a429ba3ca4df7db611c90,a155fbd2918944d5b035e2f9cacfa3e1,false_positive_name_evidence,blocked,"Roasting-furnace substring occurs in carbon, steel or other non-alumina context.",public_name_only_no_production_capacity_or_topology_inference
PUB-A03,A03,9,5f4841c4f4a6022130d770fe7252d2288d9e02556b4e521ccb58c7d02b62ecb1,a58269e2ad6a4811a4102fba22889f2c,c44f9d24fc1e45daa8a3ced154b7dc97,false_positive_name_evidence,blocked,"Roasting-furnace substring occurs in carbon, steel or other non-alumina context.",public_name_only_no_production_capacity_or_topology_inference
PUB-A03,A03,10,67793d6d20e14627e76c2f448dc013847f071426a0157e4b5e3d25d5deb67370,6ad2398d19dc41cebf14340f90eba074,c0e3221b51d442e58769174189f122d8,false_positive_name_evidence,blocked,"Roasting-furnace substring occurs in carbon, steel or other non-alumina context.",public_name_only_no_production_capacity_or_topology_inference
PUB-A04,A04,1,008cf8e46f4c1bc09d5c96e4af21036e26a7c18d06ba12fd1b658fa080755d3d,694c8fd8e5aa400587b47e48831081b4,,ambiguous_name_evidence,blocked,Pellet is named at enterprise level without a specific monitoring point.,public_name_only_no_production_capacity_or_topology_inference
PUB-A04,A04,2,0e7cb24167ae9ed65ef9d5afb93bbd4643e65892178a2a0baafc681ce506cebb,a76ce502c7f14161a6e923f84730dde4,,false_positive_name_evidence,blocked,Sintered shale brick is unrelated to ironmaking sinter.,public_name_only_no_production_capacity_or_topology_inference
PUB-A04,A04,3,0024bd7946f03bfd9a5c9b631d21694c5d92f6b2c7ca4f2d9cf3912c9b7e8c2d,5efb999fabeb4de7a1dc10a7d0e449f4,6c930c76ebcc4250b640e25e31c5d625,mechanism_specific_name_evidence,pass_name_specificity,"The point explicitly names a sinter, pellet or blast-furnace/cast-house device in the ironmaking chain.",public_name_only_no_production_capacity_or_topology_inference
PUB-A04,A04,4,003ce34571f0d9e98a98a2f82259ba2b0e3067dc6827384c05c5eed7030afdb4,0c07ebbfb61349459aaae5381c63abc4,c8e6274015f34d4d838b65eef60879b3,mechanism_specific_name_evidence,pass_name_specificity,"The point explicitly names a sinter, pellet or blast-furnace/cast-house device in the ironmaking chain.",public_name_only_no_production_capacity_or_topology_inference
PUB-A04,A04,5,004881344b4fd4b10ba7a5a9f95921d50a5fbef7cf8b40646e9f53c0987aa7ac,e2072df6ff8c40ffa894173d63d78884,aea8a19233fe4aa293ba29ce20725343,mechanism_specific_name_evidence,pass_name_specificity,"The point explicitly names a sinter, pellet or blast-furnace/cast-house device in the ironmaking chain.",public_name_only_no_production_capacity_or_topology_inference
PUB-A04,A04,6,0050890df3ddff363c4368c91775dbd845004d959ad6f2e07d7b323fa8d15e45,cd0e132efc80438a8d2ae821e10ef829,5a00dd7fe76c43279d51c3f4ca038916,mechanism_specific_name_evidence,pass_name_specificity,"The point explicitly names a sinter, pellet or blast-furnace/cast-house device in the ironmaking chain.",public_name_only_no_production_capacity_or_topology_inference
PUB-A04,A04,7,0051cd9801e921949f7dcc1490ae7cb9a3933846fc183aaec8a1ff460e7386a0,c192a185c73d4d1bbdda233f2329e12d,90cbf1267e86431fb4b58764d330e74e,mechanism_specific_name_evidence,pass_name_specificity,"The point explicitly names a sinter, pellet or blast-furnace/cast-house device in the ironmaking chain.",public_name_only_no_production_capacity_or_topology_inference
PUB-A04,A04,8,006541f43139e81656b34a404b566b0ce266ecb2f2f482c71710bf1953ac492f,9216a543ee6b4368aae7ceec61e38c1a,b058caeb7f064ff1849c58252da3dce0,mechanism_specific_name_evidence,pass_name_specificity,"The point explicitly names a sinter, pellet or blast-furnace/cast-house device in the ironmaking chain.",public_name_only_no_production_capacity_or_topology_inference
PUB-A04,A04,9,006c888d931cfe4319f61ab8782be3b952f9367437fb5994d2ab226cfc0b2c02,0a9fe8b6e9c343f28652bc41b15f79df,f307f01875c94a789a6056aa410be8c3,mechanism_specific_name_evidence,pass_name_specificity,"The point explicitly names a sinter, pellet or blast-furnace/cast-house device in the ironmaking chain.",public_name_only_no_production_capacity_or_topology_inference
PUB-A04,A04,10,00f675926dca458df0914185154b18ba53e2a6a0044366697c4107c1f509f7fa,27f59612e790419eb6008d99595f7fd1,740ff99ab0404b77a1db0f111eacf894,mechanism_specific_name_evidence,pass_name_specificity,"The point explicitly names a sinter, pellet or blast-furnace/cast-house device in the ironmaking chain.",public_name_only_no_production_capacity_or_topology_inference
PUB-A05,A05,1,01b5d8ef7e3bdf75917175c7e1216aa15b60a42764732200ef15ff71b2af1ae1,029119d623974463912c96e44f71deef,e8eb6f17a57142bf964430caf91d34e6,mechanism_specific_name_evidence,pass_name_specificity,"The public point explicitly names a coke oven or coke-making operation such as charging, pushing or dry quenching.",public_name_only_no_production_capacity_or_topology_inference
PUB-A05,A05,2,029020a8535ce9011470cb7ea4afdd7b8053b42bf15dcb58ed42a55377f3a1be,a91a05ea81114a3ca00c4a96de1a1fd1,ca26a591c8bf4a9ebbc091fd022d3e80,mechanism_specific_name_evidence,pass_name_specificity,"The public point explicitly names a coke oven or coke-making operation such as charging, pushing or dry quenching.",public_name_only_no_production_capacity_or_topology_inference
PUB-A05,A05,3,02ea982833ffdd4ad1808b11ede047608103167f3a56615b0f0f7237d763ddf7,cbe7b148467144269cbfcf0f652f87f5,5cc2bf9eebb54dc791b6cade5722baee,mechanism_specific_name_evidence,pass_name_specificity,"The public point explicitly names a coke oven or coke-making operation such as charging, pushing or dry quenching.",public_name_only_no_production_capacity_or_topology_inference
PUB-A05,A05,4,040d77f1e4a6063d3e16b2a1015ccfdf8e51a595641438711a8949f2901d7a2d,0b9dee3c455d4fd2b98cb5d7db599e01,d03b4d079d714d56b258069e5deec3d1,mechanism_specific_name_evidence,pass_name_specificity,"The public point explicitly names a coke oven or coke-making operation such as charging, pushing or dry quenching.",public_name_only_no_production_capacity_or_topology_inference
PUB-A05,A05,5,05ce702ce7f190df76cd94a10cae3a1dee3ad190a5020bf6c14b4eb79ac07a6d,b4d6a98614fa440bb99adb88c7358de2,69208ebd62ad44688f97343d440bcf14,mechanism_specific_name_evidence,pass_name_specificity,"The public point explicitly names a coke oven or coke-making operation such as charging, pushing or dry quenching.",public_name_only_no_production_capacity_or_topology_inference
PUB-A05,A05,6,0661f1aacdf5838fa23b2753f65f67214937b4d650cb6aee06b293c1f1035294,7630767e979a4f9aa68ff7a9f2b5e73d,d01a46f1919645feb39c622c1ea1096c,mechanism_specific_name_evidence,pass_name_specificity,"The public point explicitly names a coke oven or coke-making operation such as charging, pushing or dry quenching.",public_name_only_no_production_capacity_or_topology_inference
PUB-A05,A05,7,06feb46878830999438d80450f5eb1c0466bda34e35643f220aa544f9ecf68f3,d5e0ef604e424620938e887dc2a57cb3,a67f8dadebf349c78fce9bd4f54084cf,mechanism_specific_name_evidence,pass_name_specificity,"The public point explicitly names a coke oven or coke-making operation such as charging, pushing or dry quenching.",public_name_only_no_production_capacity_or_topology_inference
PUB-A05,A05,8,07866419a6465b70ca3d04cc9285e7b4ca74df64d433d9bfead2a103e09115a1,b06df030b6e14793a77646158cb41825,d8b3302e17af48cbabf02cd4c561d444,mechanism_specific_name_evidence,pass_name_specificity,"The public point explicitly names a coke oven or coke-making operation such as charging, pushing or dry quenching.",public_name_only_no_production_capacity_or_topology_inference
PUB-A05,A05,9,078c1fc37e5ead25c620d2583064f53d06550d7de16d588c9907b79be6c113c7,b2df64700c6d4448983936c8f4d5d117,9fa30b9af6a94fdba03b4c5af0c7cb50,mechanism_specific_name_evidence,pass_name_specificity,"The public point explicitly names a coke oven or coke-making operation such as charging, pushing or dry quenching.",public_name_only_no_production_capacity_or_topology_inference
PUB-A05,A05,10,07d642b39427c04796355cd5b6e750bea679f354dc234c6b7f384c640a58e1f2,ed287f7534844283a6259d7d95915e71,e4e466ad5f954795b66afaf93b4111d6,mechanism_specific_name_evidence,pass_name_specificity,"The public point explicitly names a coke oven or coke-making operation such as charging, pushing or dry quenching.",public_name_only_no_production_capacity_or_topology_inference
PUB-A06,A06,1,0098c08c3e563549fdb9653f428b9cfc5a745eb45e78234a4e5225ed01b08efd,cfe71e308de7427b84318c005717b325,b5d260152b6e42b6a0e369c5c1fa8bc7,ambiguous_name_evidence,blocked,"Upstream steelmaking equipment is named, but no rebar or bar rolling line is identified.",public_name_only_no_production_capacity_or_topology_inference
PUB-A06,A06,2,00b1286175dafab7db0fdf323a84cb53eaefa8f34656a8eeef0122ca3515d13e,b8ba83b572eb440da373c8a9d9011f6c,c1a77911eeb447fa8b2938c382cc049d,ambiguous_name_evidence,blocked,"Upstream steelmaking equipment is named, but no rebar or bar rolling line is identified.",public_name_only_no_production_capacity_or_topology_inference
PUB-A06,A06,3,01f3cea398ac6f16c45f1c1e4c2514b818a5694b9fe5c7b741a3d6ba3e1c0462,7ff4391c969944cc84b275b05e284a30,0e9b6a7e79b048a386624c0c0386e20c,false_positive_name_evidence,blocked,Electric-furnace text is in foundry or machinery context and does not identify a rebar line.,public_name_only_no_production_capacity_or_topology_inference
PUB-A06,A06,4,02732f5c876e3ff5022012d49c36d0191571be3ebe1c9a4b3d6f1de08877a588,8b595d85c46b4d5ead7e9a40d73e2ed2,057cc533a4dd483b843c37c2ec1afa08,ambiguous_name_evidence,blocked,"Upstream steelmaking equipment is named, but no rebar or bar rolling line is identified.",public_name_only_no_production_capacity_or_topology_inference
PUB-A06,A06,5,02f50b416dd149388ccbd3a80f28507568328cadb9bd537dcb46dda5f5c20703,f82ad3b0f9894c0c824949d72c035ee3,60cff4be3a154fca977d4ad810ba87df,ambiguous_name_evidence,blocked,"Upstream steelmaking equipment is named, but no rebar or bar rolling line is identified.",public_name_only_no_production_capacity_or_topology_inference
PUB-A06,A06,6,03d09fa820fea616decc6a7c28ca1bdaf5481e83741a1a950ecf990dc48d8b6a,db434d6ae45e48d4a4e6d7ae510090ec,70a47b42d3b144e6ac7511cca109544b,false_positive_name_evidence,blocked,Electric-furnace text is in foundry or machinery context and does not identify a rebar line.,public_name_only_no_production_capacity_or_topology_inference
PUB-A06,A06,7,0436f04552e43310c83e3c7d3260399431282801da1e8be374e8057b9d0e95b1,b17d5866b80246f29cae41c9c505b202,2cd291dba9f14498954369f0ef19575a,false_positive_name_evidence,blocked,Electric-furnace text is in foundry or machinery context and does not identify a rebar line.,public_name_only_no_production_capacity_or_topology_inference
PUB-A06,A06,8,04e8af1689dd0068c1edd169038cdc37710b52fcb2803a89c53efb084bc06b92,8b3daaa2e5af4b0894d1df89d6564dc2,c7665cd2d02746319e89e6a2a5777b75,ambiguous_name_evidence,blocked,"Upstream steelmaking equipment is named, but no rebar or bar rolling line is identified.",public_name_only_no_production_capacity_or_topology_inference
PUB-A06,A06,9,04fb04a85d691916ff349b7001770268a538e3da27bc33da192829fa49970f39,b0eab227b03042c7ba939d724858c865,5b820eeaeb8d44b3a82b3533e6eee3e3,ambiguous_name_evidence,blocked,"Upstream steelmaking equipment is named, but no rebar or bar rolling line is identified.",public_name_only_no_production_capacity_or_topology_inference
PUB-A06,A06,10,057cd56fb72341a30835d809fb197b664e250fd14d94ff19c528cc4418a18aa4,62598378b2964949a86e331cc7824a40,563cef3748344d2c944516ee8067e455,ambiguous_name_evidence,blocked,"Upstream steelmaking equipment is named, but no rebar or bar rolling line is identified.",public_name_only_no_production_capacity_or_topology_inference
PUB-A07,A07,1,3794871d4e30969e3d6a5013cc8b136f2f2e2ea9568b9bb3e2120dd1826d3bbc,188c4eeb4c9244c08be4c6b7acbf0172,,false_positive_name_evidence,blocked,Polymerization or hydrogen-chloride substring is in a non-PVC public context.,public_name_only_no_production_capacity_or_topology_inference
PUB-A07,A07,2,40f922c5cdce3805bc1e7782ed7f73dbebc477183aa907c27d2f8e774982e100,63aa0f9876704753a9cedbd8a744168c,8932dc970e6745089786f9cc402f0229,false_positive_name_evidence,blocked,Polymerization or hydrogen-chloride substring is in a non-PVC public context.,public_name_only_no_production_capacity_or_topology_inference
PUB-A07,A07,3,53b9bbb4d6d2d59684096546b2def98957823434b374b44ea809198d18123aea,096b8bf702994733ae0b9170a9e086a3,bdf4b081ca2a4779abc73d36e4570afb,mechanism_specific_name_evidence,pass_name_specificity,The point explicitly names PVC workshop monitoring in the sampled public text.,public_name_only_no_production_capacity_or_topology_inference
PUB-A07,A07,4,54a1d489a2c296d3c29b5a5ec3dd566b66239b642f35c416f247ff121cf710a8,b3d071940fbc4dcc89920765d3bb5e5e,dc3edb52de3f4cdc9f086f7e58924a3c,ambiguous_name_evidence,blocked,"Polymerization is named at a chlor-alkali enterprise, but PVC/main-line identity is not explicit in the sampled row.",public_name_only_no_production_capacity_or_topology_inference
PUB-A07,A07,5,651d33446e932af1e6c42e52b0375da1f82d4cf600cd305f1ebe713ee4dfde42,46800be108ac48e8bbb5eb73ed6043c3,bcf460bade474bfdad951db6fdbaf4d6,mechanism_specific_name_evidence,pass_name_specificity,The point explicitly names PVC workshop monitoring in the sampled public text.,public_name_only_no_production_capacity_or_topology_inference
PUB-A07,A07,6,72e468f90c7101b68711ee234b0f56a7979c067cd252d8992b28ee0ec87e9135,b3d071940fbc4dcc89920765d3bb5e5e,448a9d3322c14fb4a978dc8e266d60d8,ambiguous_name_evidence,blocked,"Polymerization is named at a chlor-alkali enterprise, but PVC/main-line identity is not explicit in the sampled row.",public_name_only_no_production_capacity_or_topology_inference
PUB-A07,A07,7,73d3fd62c0463f2ccc9c95ebcfb1da4ba0b43f621a7d9c454558eeb143be6022,f35e513e998f4a2a9ac99ed9b8cd6cf1,ca929438ee804abe870cd9afa373acae,mechanism_specific_name_evidence,pass_name_specificity,The point explicitly names PVC workshop monitoring in the sampled public text.,public_name_only_no_production_capacity_or_topology_inference
PUB-A07,A07,8,7c81fd82e5aa346b5f6bb5c6875d2ae95406e24f3495bb71deb61df89751df3c,b3d071940fbc4dcc89920765d3bb5e5e,09e432c2b02e49dcb01e0e8adccc2621,ambiguous_name_evidence,blocked,"Polymerization is named at a chlor-alkali enterprise, but PVC/main-line identity is not explicit in the sampled row.",public_name_only_no_production_capacity_or_topology_inference
PUB-A07,A07,9,7d0072496b9d4d3b9eec27a906c42668d2f25603828e79d5e88060b583784408,ed453c55140740e8957b7eeaeb1a32f2,fe5bec8251104e368ac2185e41484781,mechanism_specific_name_evidence,pass_name_specificity,The point explicitly names PVC workshop monitoring in the sampled public text.,public_name_only_no_production_capacity_or_topology_inference
PUB-A07,A07,10,8ca80d9ed6b43f4f495f3ecb06dad11e6db1c1ee0a667b1601dcae8d4f8397fa,80640d941c5541ce81560e1a4fa14130,e28f931577c04251b3a9702770c79a1b,mechanism_specific_name_evidence,pass_name_specificity,The point explicitly names PVC workshop monitoring in the sampled public text.,public_name_only_no_production_capacity_or_topology_inference
PUB-A08,A08,1,1629226e0a0115ba60168c363401f95a9b609f4141fc578601ee37cbb90837c9,b3d071940fbc4dcc89920765d3bb5e5e,,ambiguous_name_evidence,blocked,Chlor-alkali is named only at enterprise level; no electrolysis or caustic-soda core point is identified.,public_name_only_no_production_capacity_or_topology_inference
PUB-A08,A08,2,3987a034124a5620b4dec561327a302c180a51de9d8257b013c8860c105e19b1,cde00f9811f04cb986878c5772f95d01,9807b66806654361b20960b4f3085993,false_positive_name_evidence,blocked,"Evaporation text belongs to a cellulose process, not a chlor-alkali core process.",public_name_only_no_production_capacity_or_topology_inference
PUB-A09,A09,1,014752759c5fe025e59e725303b89de1ec9d8e9cff664d848d09f8f8c1c3f7a3,1287d252e2124f588ffa3917c8f1342e,8d9eb8cd72f94006a76caacba5b2c907,ambiguous_name_evidence,blocked,Sulfur recovery is compatible with several chemical processes; the row does not name ammonia or urea.,public_name_only_no_production_capacity_or_topology_inference
PUB-A09,A09,2,126b6f57da10740e454991cedccd0389d15414d715ca34bd82d16fc69a6e9fe6,e47df5681fe74e43874df9679a1c7537,b753516ccdd24f46a8582f9e427e253c,false_positive_name_evidence,blocked,"Reformer or sulfur-recovery text is explicitly in refining, hydrogen or acetate context, not ammonia/urea.",public_name_only_no_production_capacity_or_topology_inference
PUB-A09,A09,3,2973daaecccd30a55af04d86ddcd66f9bedf6e5d6219fc5781e84373ff3954a6,e47df5681fe74e43874df9679a1c7537,7fabd8f828614bbf9d191530a39d2da9,false_positive_name_evidence,blocked,"Reformer or sulfur-recovery text is explicitly in refining, hydrogen or acetate context, not ammonia/urea.",public_name_only_no_production_capacity_or_topology_inference
PUB-A09,A09,4,34eb8510e87fbf06f2a6ba74e1e6d0c3031dc967f2e108c090a24572e9320294,788fe9ca86654b4f966b3082a1d7c6ba,20b2fa1bf3a24d87882ae4f3100465e2,false_positive_name_evidence,blocked,"Reformer or sulfur-recovery text is explicitly in refining, hydrogen or acetate context, not ammonia/urea.",public_name_only_no_production_capacity_or_topology_inference
PUB-A09,A09,5,594703e2e45b7399cd3f7bcb2c03575da103aff9159d489245176983b8ba778b,fa2adb0e87084600b64e4d7c7c4dc826,364110c9a63d4fb59838a056730ff0cc,false_positive_name_evidence,blocked,"Reformer or sulfur-recovery text is explicitly in refining, hydrogen or acetate context, not ammonia/urea.",public_name_only_no_production_capacity_or_topology_inference
PUB-A09,A09,6,5b7a764234d0b08ddeaffb548f37f7e41a2985fabc9b3db47f991cd3168db732,e98cda9840314495ba92b96ccdbb04ee,6c8bd138bf044bbdbba2efcdde16885b,false_positive_name_evidence,blocked,"Reformer or sulfur-recovery text is explicitly in refining, hydrogen or acetate context, not ammonia/urea.",public_name_only_no_production_capacity_or_topology_inference
PUB-A09,A09,7,6f8f77c821706567d5148538c0308117574948fed4db912a5bcee43d01a2e342,a768f05658a041c8956b29f0dd0f89a3,2d7984e65a7042b98edce7d95544084c,false_positive_name_evidence,blocked,"Reformer or sulfur-recovery text is explicitly in refining, hydrogen or acetate context, not ammonia/urea.",public_name_only_no_production_capacity_or_topology_inference
PUB-A09,A09,8,7dc6e0a74da6a467fbddd8fb91f44540f59c3ffec5c05e8f6c60531d1ef95470,785e23cfd6804c58a2b74c06732c8879,325453c90d9c4be081a7a3b1ef7bbe92,false_positive_name_evidence,blocked,"Reformer or sulfur-recovery text is explicitly in refining, hydrogen or acetate context, not ammonia/urea.",public_name_only_no_production_capacity_or_topology_inference
PUB-A09,A09,9,92f15a2829ecad7814d4333328a125130f823c6781d1e721e42c32d3280760b9,8270b408ea514caf991b8f2537a06b30,f55ca1ad17c143e7899ebbbc3fb73d3c,false_positive_name_evidence,blocked,"Reformer or sulfur-recovery text is explicitly in refining, hydrogen or acetate context, not ammonia/urea.",public_name_only_no_production_capacity_or_topology_inference
PUB-A09,A09,10,9970a2c2b16f2f7af6e268fccdbd69f469171f769fe40f3506f6f8b31b6fae80,77943621d2e94028bd971a3ccdc4265a,3793bec71d82484ba9477ffb91ea5d8f,false_positive_name_evidence,blocked,"Reformer or sulfur-recovery text is explicitly in refining, hydrogen or acetate context, not ammonia/urea.",public_name_only_no_production_capacity_or_topology_inference
PUB-A10,A10,1,107936cd8ff0c3b1a1c5de1b8ff3fb11aea53e39df4ed796db037d0f5c4085aa,afca9ac1d2c149fea860fb60dac5228d,,false_positive_name_evidence,blocked,Fiber or fiberboard substring is unrelated to corn-starch fiber/product processing.,public_name_only_no_production_capacity_or_topology_inference
PUB-A10,A10,2,23e982a1ccc1ab6c8851330f46c0d4532d4aebf68ecce529e6e69590ff307bc8,bf8f9172263c4e34a7c01d27e14cd903,,false_positive_name_evidence,blocked,Fiber or fiberboard substring is unrelated to corn-starch fiber/product processing.,public_name_only_no_production_capacity_or_topology_inference
PUB-A10,A10,3,301282a7456e6a738ace37517d60132f551c9814754f2e5b94e0bc3a79521906,7c2ad6014b3544449435ba3495ed44a0,,false_positive_name_evidence,blocked,Fiber or fiberboard substring is unrelated to corn-starch fiber/product processing.,public_name_only_no_production_capacity_or_topology_inference
PUB-A10,A10,4,439f7d5013e3cf59cc60c11e03e5e4e3fe28788b91afa822267a05f5f6547cd3,5451d41d9912452eaee74dca7e86e27b,,false_positive_name_evidence,blocked,Fiber or fiberboard substring is unrelated to corn-starch fiber/product processing.,public_name_only_no_production_capacity_or_topology_inference
PUB-A10,A10,5,4700260d8641a09b7e51587ec3694230eff186edc24939dea3c5f4bde33ed41f,b316a13310a44f99acc194e76e306a47,,false_positive_name_evidence,blocked,Fiber or fiberboard substring is unrelated to corn-starch fiber/product processing.,public_name_only_no_production_capacity_or_topology_inference
PUB-A10,A10,6,57d09e19d06d6841a07fe0dccf71a9898e99cb1e3b12274291295dac7cbfd8ff,efe8af78547e4ff3b5e395ee6264db21,,false_positive_name_evidence,blocked,Fiber or fiberboard substring is unrelated to corn-starch fiber/product processing.,public_name_only_no_production_capacity_or_topology_inference
PUB-A10,A10,7,7ce67b1374c190d89a54a27b8d7bb33dfd5dc10a3f3cfc99650f87b1030b985f,e6c5367794e54370ab89761a046c5dbb,,false_positive_name_evidence,blocked,Fiber or fiberboard substring is unrelated to corn-starch fiber/product processing.,public_name_only_no_production_capacity_or_topology_inference
PUB-A10,A10,8,0a81f37bdb0bda6709f9b58697806f65ed9c2d477f7d068d572c61f933876e8a,3d5fb85d8183407fb487f96ec7348c20,7c74144136db4e4b86af438df19b05d8,false_positive_name_evidence,blocked,Fiber or fiberboard substring is unrelated to corn-starch fiber/product processing.,public_name_only_no_production_capacity_or_topology_inference
PUB-A10,A10,9,139ffe4b57220534e952e459d2103615103c33d219146f7b35cba68d22614b3f,afca9ac1d2c149fea860fb60dac5228d,fdfbdfd53c7e46d3adc7b8dddffafd58,false_positive_name_evidence,blocked,Fiber or fiberboard substring is unrelated to corn-starch fiber/product processing.,public_name_only_no_production_capacity_or_topology_inference
PUB-A10,A10,10,226f0100e6ef72b658a5c944f936c297a5d296eee05b9fc7241a14b1b6d80e9e,afca9ac1d2c149fea860fb60dac5228d,2d936e10c4c64d85a89538317b9c342b,false_positive_name_evidence,blocked,Fiber or fiberboard substring is unrelated to corn-starch fiber/product processing.,public_name_only_no_production_capacity_or_topology_inference
PUB-A11,A11,1,02413c5e4cebf15dab856d46bfc29817c7ffffe905237b45b7d4c97ebaca7fb4,bc853b50be45443eb14a9d0f13a21559,0036858ceda04769b6bf77164010eef9,false_positive_name_evidence,blocked,"Drying text is explicitly in automotive, coating, chemical, battery or other non-soy context.",public_name_only_no_production_capacity_or_topology_inference
PUB-A11,A11,2,0357cfc4d298157a8d9b0c1ef162116d8614c7aca9189b96f16b32aa5937a81e,bc0d440f348a43959a78b2b37f4f6952,32b2ed871e5a4b4490b6810c623a7c01,false_positive_name_evidence,blocked,"Drying text is explicitly in automotive, coating, chemical, battery or other non-soy context.",public_name_only_no_production_capacity_or_topology_inference
PUB-A11,A11,3,0566810a17ca51b61de21895439d93bb76bc496e888edc0569961b626362e22a,20d9ccb964e943b4a21c0e748641fd3e,85e4f32260b34a9b8470623bfc52471e,false_positive_name_evidence,blocked,"Drying text is explicitly in automotive, coating, chemical, battery or other non-soy context.",public_name_only_no_production_capacity_or_topology_inference
PUB-A11,A11,4,06e132d30643dce5f82061837e4b9d1e2ed3d0b37076e2129dfa049b1380b9e2,b734ab07bdb74e64827990ed86049916,b85aa13f70734da6b4d82d2c02f62738,false_positive_name_evidence,blocked,"Drying text is explicitly in automotive, coating, chemical, battery or other non-soy context.",public_name_only_no_production_capacity_or_topology_inference
PUB-A11,A11,5,0756dc33297d194cbb2b30a6bd226a4f32edf1411ccf14e806abf39d1f927332,6ac18b759eb0485c827f3e9e70aa97bc,7d885f921a864241b1ae303614ee3587,false_positive_name_evidence,blocked,"Drying text is explicitly in automotive, coating, chemical, battery or other non-soy context.",public_name_only_no_production_capacity_or_topology_inference
PUB-A11,A11,6,08d64e9680080f1a994054ac7cbfda3d1ab6404f24df4cc0e788b2dc0f7a52fb,497fdf67337341ee9a9154ad7ca2ede6,ad727d3863484facb48d50ede7ce6436,ambiguous_name_evidence,blocked,A generic drying furnace is named with no public soybean-crushing context.,public_name_only_no_production_capacity_or_topology_inference
PUB-A11,A11,7,09c37498f28bd76b87fea251c49ba324ae269ca6fee7636b630bb41f960beff8,bc0d440f348a43959a78b2b37f4f6952,8defd6bf788c47348a6c9211f8fc5596,false_positive_name_evidence,blocked,"Drying text is explicitly in automotive, coating, chemical, battery or other non-soy context.",public_name_only_no_production_capacity_or_topology_inference
PUB-A11,A11,8,0d543b9972df28b52db145cda3305e57f2121274539adeca73153693684bee39,b013af830935469ea04f1734dbd147a8,f54d64ec1a0749ab8b486c7fb6c31fa3,false_positive_name_evidence,blocked,"Drying text is explicitly in automotive, coating, chemical, battery or other non-soy context.",public_name_only_no_production_capacity_or_topology_inference
PUB-A11,A11,9,1079e7451a552cc68c3d9855f4dc85023c9aae3d2d7471408e85adbdc116ab2c,58ac5f1677ba481a9166539390034970,5d156da9112946a49684afd02b8684db,false_positive_name_evidence,blocked,"Drying text is explicitly in automotive, coating, chemical, battery or other non-soy context.",public_name_only_no_production_capacity_or_topology_inference
PUB-A11,A11,10,1179400ab8d343dae27dd1b24413f4c199d78693e5353408600733d9208e62c4,f06dfe2285344ff3931213f90dabd2c3,91d4795aa3b1449698e0d5b0770dae50,false_positive_name_evidence,blocked,"Drying text is explicitly in automotive, coating, chemical, battery or other non-soy context.",public_name_only_no_production_capacity_or_topology_inference
PUB-A12,A12,1,0108ead5fd938f1db0b33bb465b60ff5a1d99c54dfc43b01f00fe6627a4daf14,0bea715bf62e456b8f954786a03db7ff,788fd09cdda547f6945a60d5b12cdeaa,false_positive_name_evidence,blocked,"Furnace text is explicitly in aluminum, nut activation or other non-secondary-lead context.",public_name_only_no_production_capacity_or_topology_inference
PUB-A12,A12,2,07fb99a99aff6e608724b434559a800913711159259d75be7b75fde09f8bf4c1,daa5e7b023904948a098849cbb24f7c7,3815768356a1457695cd98d83dc36acf,ambiguous_name_evidence,blocked,"Reduction or rotary furnace is named, but secondary-lead/feedstock identity is absent.",public_name_only_no_production_capacity_or_topology_inference
PUB-A12,A12,3,1e42c0f7ccf80517bbed0c6b1b42e3e939364c9aef3bbdb7a5d1622eeb7557c0,aad279ebcbc9481f9946637e8ec0db00,8e4f5c6cba434b578724db1f20e0c603,ambiguous_name_evidence,blocked,"Reduction or rotary furnace is named, but secondary-lead/feedstock identity is absent.",public_name_only_no_production_capacity_or_topology_inference
PUB-A12,A12,4,3e0f6616ffb52a75f6b571c523b7ab36c1bd911496f9462b015c6c6b63363a24,6e7ee79ab8224997aa10791c9546e6e1,2b889ac0c9214952be7355cf1c9d1e3d,false_positive_name_evidence,blocked,"Furnace text is explicitly in aluminum, nut activation or other non-secondary-lead context.",public_name_only_no_production_capacity_or_topology_inference
PUB-A12,A12,5,44557e5d28a0192ae050677f51670d61fa37d34b786e87b7fd00895082a8ca5b,34883abdeb0b4fffb26d4dfdcaeb9e2d,5e76195f83a14951bfd7377a204dd59d,false_positive_name_evidence,blocked,"Furnace text is explicitly in aluminum, nut activation or other non-secondary-lead context.",public_name_only_no_production_capacity_or_topology_inference
PUB-A12,A12,6,4c22d44e7ca3f8e0d0b54082ae2f47f2e517ac72a68f28463a56e09fe9a7b542,044366e986224ffcbed686a078408491,674f9cefc3884b15b960a006e12a5db4,false_positive_name_evidence,blocked,"Furnace text is explicitly in aluminum, nut activation or other non-secondary-lead context.",public_name_only_no_production_capacity_or_topology_inference
PUB-A12,A12,7,4f92f194faef51dfb356924ea831bc73ed0ef980ed60201c575440cb51c19d07,aad279ebcbc9481f9946637e8ec0db00,96136d8905d94b8e843aa5705e300ce4,ambiguous_name_evidence,blocked,"Reduction or rotary furnace is named, but secondary-lead/feedstock identity is absent.",public_name_only_no_production_capacity_or_topology_inference
PUB-A12,A12,8,529ab5fc0aa018f82ae760cea80642d3b0ad4b27c78ae96f8e190584cd759e69,221d24f49b2a433cb1ea4d7d77bdeb3f,5c73e09293a04b9c92e99813fa5afae6,ambiguous_name_evidence,blocked,"Reduction or rotary furnace is named, but secondary-lead/feedstock identity is absent.",public_name_only_no_production_capacity_or_topology_inference
PUB-A12,A12,9,6b741ba763837d26f9afb70dbec721cd2c81ca0729465518141e278502f48cae,4c1eccdf79c94978b3e73c2f1d243d38,b7ad62d4e86348159f8fe48b19186281,false_positive_name_evidence,blocked,"Furnace text is explicitly in aluminum, nut activation or other non-secondary-lead context.",public_name_only_no_production_capacity_or_topology_inference
PUB-A12,A12,10,6b85d80c06769d94c557b53ab90de0c0a3db6f6d5df82d2ae6c501da35ff2f41,383988993ebe4c1993e832510e749b6e,97a17da738f647b88b35dc9499a17de4,false_positive_name_evidence,blocked,"Furnace text is explicitly in aluminum, nut activation or other non-secondary-lead context.",public_name_only_no_production_capacity_or_topology_inference
PUB-A13,A13,1,010d8c3487e239abbe573de690a85b257039dbc63e9e0868fa060590e6f83f50,5794b5f11af144f897cc008c33c66223,35a953e86d46463c983c65d740f857d0,ambiguous_name_evidence,blocked,A converter is upstream steelmaking equipment and does not identify hot-rolled coil production.,public_name_only_no_production_capacity_or_topology_inference
PUB-A13,A13,2,0235427092e339a58d77284e2c82b590730ab00029664557fd8574dae43ce9e0,27f59612e790419eb6008d99595f7fd1,5897f008da914576be28ee23957a1c55,mechanism_specific_name_evidence,pass_name_specificity,The point explicitly names a hot-rolling line or furnace.,public_name_only_no_production_capacity_or_topology_inference
PUB-A13,A13,3,02b02fd402fd7e81d92d2fb2d2ec6c2f70fc3d2f24f5f7b50b1817012c3bdbca,95eb6ac8aa804e0199adb6258e42a330,17b1457232d6448e9f08be42c3afd62a,ambiguous_name_evidence,blocked,A converter is upstream steelmaking equipment and does not identify hot-rolled coil production.,public_name_only_no_production_capacity_or_topology_inference
PUB-A13,A13,4,03ae248f9493cf4e9951cd9b8db4bf472116dac8623d66e2effe635d6d957007,05a3b6b81cd544f39c75d298687a6bbc,288c093303304297aba670db9de2ba96,mechanism_specific_name_evidence,pass_name_specificity,The point explicitly names a hot-rolling line or furnace.,public_name_only_no_production_capacity_or_topology_inference
PUB-A13,A13,5,03dceec8a4efb9bcea8cd80dd3f31a1661a23e66f7b99cb3064e18d0a11e15fc,b4d6a98614fa440bb99adb88c7358de2,addcdb916954406c8ecd17a90411afab,mechanism_specific_name_evidence,pass_name_specificity,The point explicitly names a hot-rolling line or furnace.,public_name_only_no_production_capacity_or_topology_inference
PUB-A13,A13,6,04682bb2986c8f63476073fef1a2b33a4b5064979f86088b13b26022ddd8d336,cd0e132efc80438a8d2ae821e10ef829,4e8dab3727cf49299de4f68468609125,ambiguous_name_evidence,blocked,A converter is upstream steelmaking equipment and does not identify hot-rolled coil production.,public_name_only_no_production_capacity_or_topology_inference
PUB-A13,A13,7,05dbe29c27528b50c7680ca36671632d1573aa1879efba390e0e887fc18c6c06,2a375429f49b4a418de3bff948f5cf3c,e62b99941a164215a43c507162f5b028,mechanism_specific_name_evidence,pass_name_specificity,The point explicitly names a hot-rolling line or furnace.,public_name_only_no_production_capacity_or_topology_inference
PUB-A13,A13,8,0625857bef081ac7df4b9cb2ca37446b5169c415a821f4308dc5cf64c76e806d,08f16f598b5c4dc1aa2611790f352410,9569ee8ffc8243458c19aba7dc2a214d,mechanism_specific_name_evidence,pass_name_specificity,The point explicitly names a hot-rolling line or furnace.,public_name_only_no_production_capacity_or_topology_inference
PUB-A13,A13,9,092010546d35fa70f675d91f133cce8deb2b6e58cf5bd4192c4c1da7b88fd79e,08f16f598b5c4dc1aa2611790f352410,d09bd1ff74074104900db450a38f75ac,ambiguous_name_evidence,blocked,A converter is upstream steelmaking equipment and does not identify hot-rolled coil production.,public_name_only_no_production_capacity_or_topology_inference
PUB-A13,A13,10,0953071f7d7853cfa8007d9c17c83124cc9a759baf6c5c9896b07ae7d4b79a24,05a3b6b81cd544f39c75d298687a6bbc,f5e27c4f07be466c924052a02cff7024,mechanism_specific_name_evidence,pass_name_specificity,The point explicitly names a hot-rolling line or furnace.,public_name_only_no_production_capacity_or_topology_inference
