date,n_points,cap_running,cap_transition,cap_idle,cap_unknown,cap_total,util,cap_running_xingtai,policy_level,in_policy_window
2025-07-01,35,12661.2,168.8,11500.0,0.0,24330.0,0.5204,10861.2,,0
2025-07-02,35,12907.8,269.4,11152.8,0.0,24330.0,0.5305,11107.8,,0
2025-07-03,35,13628.9,316.7,10384.4,0.0,24330.0,0.5602,11828.9,,0
2025-07-04,35,15091.7,150.0,9088.3,0.0,24330.0,0.6203,13291.7,,0
2025-07-05,35,15241.7,325.0,8763.3,0.0,24330.0,0.6265,13391.7,,0
2025-07-06,35,15291.7,0.0,9038.3,0.0,24330.0,0.6285,12891.7,,0
2025-07-07,35,15291.7,0.0,9038.3,0.0,24330.0,0.6285,12891.7,,0
2025-07-08,35,15291.7,0.0,9038.3,0.0,24330.0,0.6285,12891.7,,0
2025-07-09,35,15291.7,0.0,9038.3,0.0,24330.0,0.6285,12891.7,,0
2025-07-10,35,15291.7,0.0,9038.3,0.0,24330.0,0.6285,12891.7,,0
2025-07-11,35,15291.7,0.0,9038.3,0.0,24330.0,0.6285,12891.7,,0
2025-07-12,35,15291.7,0.0,9038.3,0.0,24330.0,0.6285,12891.7,,0
2025-07-13,35,15291.7,0.0,9038.3,0.0,24330.0,0.6285,12891.7,,0
2025-07-14,35,15291.7,0.0,9038.3,0.0,24330.0,0.6285,12891.7,,0
2025-07-15,35,15291.7,0.0,9038.3,0.0,24330.0,0.6285,12891.7,,0
2025-07-16,35,14927.3,170.0,9232.7,0.0,24330.0,0.6135,12527.3,,0
2025-07-17,35,14655.0,341.7,9333.3,0.0,24330.0,0.6023,12255.0,,0
2025-07-18,35,15618.5,196.9,8514.6,0.0,24330.0,0.6419,13218.5,,0
2025-07-19,35,15096.7,0.0,9233.3,0.0,24330.0,0.6205,12696.7,,0
2025-07-20,35,15680.0,266.7,8383.3,0.0,24330.0,0.6445,13280.0,,0
2025-07-21,35,15646.7,0.0,8683.3,0.0,24330.0,0.6431,13246.7,,0
2025-07-22,35,15646.7,0.0,8683.3,0.0,24330.0,0.6431,13246.7,,0
2025-07-23,35,15237.3,209.4,8883.3,0.0,24330.0,0.6263,12837.3,,0
2025-07-24,35,15721.7,0.0,8608.3,0.0,24330.0,0.6462,13321.7,,0
2025-07-25,35,15821.7,150.0,8358.3,0.0,24330.0,0.6503,13421.7,,0
2025-07-26,35,15221.7,0.0,9108.3,0.0,24330.0,0.6256,12821.7,,0
2025-07-27,35,15721.7,0.0,8608.3,0.0,24330.0,0.6462,13321.7,,0
2025-07-28,35,15855.0,200.0,8275.0,0.0,24330.0,0.6517,13455.0,,0
2025-07-29,35,16521.7,125.0,7683.3,0.0,24330.0,0.6791,14121.7,,0
2025-07-30,35,17096.7,25.0,7208.3,0.0,24330.0,0.7027,14696.7,,0
2025-07-31,35,17121.7,0.0,7208.3,0.0,24330.0,0.7037,14721.7,,0
2025-08-01,35,16871.7,150.0,7308.3,0.0,24330.0,0.6935,14471.7,,0
2025-08-02,35,16521.7,0.0,7808.3,0.0,24330.0,0.6791,14121.7,,0
2025-08-03,35,16521.7,0.0,7808.3,0.0,24330.0,0.6791,14121.7,,0
2025-08-04,35,16521.7,0.0,7808.3,0.0,24330.0,0.6791,14121.7,,0
2025-08-05,35,16521.7,0.0,7808.3,0.0,24330.0,0.6791,14121.7,,0
2025-08-06,35,16332.8,47.2,7950.0,0.0,24330.0,0.6713,13932.8,,0
2025-08-07,35,15955.0,0.0,8375.0,0.0,24330.0,0.6558,13555.0,,0
2025-08-08,35,15955.0,0.0,8375.0,0.0,24330.0,0.6558,13555.0,,0
2025-08-09,35,15432.8,266.7,8630.6,0.0,24330.0,0.6343,13032.8,,0
2025-08-10,35,15621.7,0.0,8708.3,0.0,24330.0,0.6421,13221.7,,0
2025-08-11,35,15621.7,0.0,8708.3,0.0,24330.0,0.6421,13221.7,,0
2025-08-12,35,15621.7,0.0,8708.3,0.0,24330.0,0.6421,13221.7,,0
2025-08-13,35,15446.7,25.0,8858.3,0.0,24330.0,0.6349,13221.7,,0
2025-08-14,35,15021.7,155.6,9152.8,0.0,24330.0,0.6174,13221.7,,0
2025-08-15,35,16030.0,125.0,8175.0,0.0,24330.0,0.6589,14155.0,,0
2025-08-16,35,16555.0,0.0,7775.0,0.0,24330.0,0.6804,14155.0,,0
2025-08-17,35,16814.7,94.4,7420.8,0.0,24330.0,0.6911,14414.7,,0
2025-08-18,35,17121.7,0.0,7208.3,0.0,24330.0,0.7037,14721.7,,0
2025-08-19,35,17121.7,0.0,7208.3,0.0,24330.0,0.7037,14721.7,,0
2025-08-20,35,17121.7,0.0,7208.3,0.0,24330.0,0.7037,14721.7,,0
2025-08-21,35,17121.7,0.0,7208.3,0.0,24330.0,0.7037,14721.7,,0
2025-08-22,35,17121.7,0.0,7208.3,0.0,24330.0,0.7037,14721.7,,0
2025-08-23,35,16371.7,0.0,7958.3,0.0,24330.0,0.6729,13971.7,,0
2025-08-24,35,17121.7,0.0,7208.3,0.0,24330.0,0.7037,14721.7,,0
2025-08-25,35,17121.7,0.0,7208.3,0.0,24330.0,0.7037,14721.7,,0
2025-08-26,35,17121.7,0.0,7208.3,0.0,24330.0,0.7037,14721.7,,0
2025-08-27,35,17071.7,0.0,7258.3,0.0,24330.0,0.7017,14671.7,,0
2025-08-28,35,17121.7,0.0,7208.3,0.0,24330.0,0.7037,14721.7,,0
2025-08-29,35,17121.7,0.0,7208.3,0.0,24330.0,0.7037,14721.7,,0
2025-08-30,35,17121.7,0.0,7208.3,0.0,24330.0,0.7037,14721.7,,0
2025-08-31,35,17121.7,0.0,7208.3,0.0,24330.0,0.7037,14721.7,,0
2025-09-01,35,17121.7,0.0,7208.3,0.0,24330.0,0.7037,14721.7,,0
2025-09-02,35,17121.7,0.0,7208.3,0.0,24330.0,0.7037,14721.7,,0
2025-09-03,35,17121.7,0.0,7208.3,0.0,24330.0,0.7037,14721.7,,0
2025-09-04,35,17121.7,0.0,7208.3,0.0,24330.0,0.7037,14721.7,,0
2025-09-05,35,17121.7,0.0,7208.3,0.0,24330.0,0.7037,14721.7,,0
2025-09-06,35,16791.1,47.2,7491.7,0.0,24330.0,0.6901,14391.1,,0
2025-09-07,35,16555.0,0.0,7775.0,0.0,24330.0,0.6804,14155.0,,0
2025-09-08,35,16555.0,0.0,7775.0,0.0,24330.0,0.6804,14155.0,,0
2025-09-09,35,16555.0,0.0,7775.0,0.0,24330.0,0.6804,14155.0,,0
2025-09-10,35,16555.0,0.0,7775.0,0.0,24330.0,0.6804,14155.0,,0
2025-09-11,35,16555.0,0.0,7775.0,0.0,24330.0,0.6804,14155.0,,0
2025-09-12,35,16767.5,118.1,7444.4,0.0,24330.0,0.6892,14367.5,,0
2025-09-13,35,17121.7,0.0,7208.3,0.0,24330.0,0.7037,14721.7,,0
2025-09-14,35,17121.7,0.0,7208.3,0.0,24330.0,0.7037,14721.7,,0
2025-09-15,35,17121.7,0.0,7208.3,0.0,24330.0,0.7037,14721.7,,0
2025-09-16,35,16577.2,116.7,7636.1,0.0,24330.0,0.6813,14177.2,,0
2025-09-17,35,16127.2,316.7,7886.1,0.0,24330.0,0.6629,13727.2,,0
2025-09-18,35,16321.7,0.0,8008.3,0.0,24330.0,0.6708,13921.7,,0
2025-09-19,35,16321.7,0.0,8008.3,0.0,24330.0,0.6708,13921.7,,0
2025-09-20,35,16321.7,0.0,8008.3,0.0,24330.0,0.6708,13921.7,,0
2025-09-21,35,16321.7,0.0,8008.3,0.0,24330.0,0.6708,13921.7,,0
2025-09-22,35,16321.7,0.0,8008.3,0.0,24330.0,0.6708,13921.7,,0
2025-09-23,35,16196.7,0.0,8133.3,0.0,24330.0,0.6657,13796.7,,0
2025-09-24,35,15721.7,0.0,8608.3,0.0,24330.0,0.6462,13321.7,,0
2025-09-25,35,15721.7,0.0,8608.3,0.0,24330.0,0.6462,13321.7,,0
2025-09-26,35,15921.7,133.3,8275.0,0.0,24330.0,0.6544,13521.7,,0
2025-09-27,35,16521.7,0.0,7808.3,0.0,24330.0,0.6791,14121.7,,0
2025-09-28,35,16521.7,0.0,7808.3,0.0,24330.0,0.6791,14121.7,,0
2025-09-29,35,16521.7,0.0,7808.3,0.0,24330.0,0.6791,14121.7,,0
2025-09-30,35,16521.7,0.0,7808.3,0.0,24330.0,0.6791,14121.7,,0
2025-10-01,35,16521.7,0.0,7808.3,0.0,24330.0,0.6791,14121.7,,0
2025-10-02,35,15746.7,0.0,8583.3,0.0,24330.0,0.6472,13346.7,,0
2025-10-03,35,16521.7,0.0,7808.3,0.0,24330.0,0.6791,14121.7,,0
2025-10-04,35,16546.7,0.0,7783.3,0.0,24330.0,0.6801,14146.7,,0
2025-10-05,35,16846.7,125.0,7358.3,0.0,24330.0,0.6924,14446.7,,0
2025-10-06,35,16521.7,0.0,7808.3,0.0,24330.0,0.6791,14121.7,,0
2025-10-07,35,16521.7,0.0,7808.3,0.0,24330.0,0.6791,14121.7,,0
2025-10-08,35,16093.9,116.7,8119.4,0.0,24330.0,0.6615,13693.9,,0
2025-10-09,35,15946.7,305.6,8077.8,0.0,24330.0,0.6554,13546.7,,0
2025-10-10,35,17121.7,0.0,7208.3,0.0,24330.0,0.7037,14721.7,,0
2025-10-11,35,17121.7,0.0,7208.3,0.0,24330.0,0.7037,14721.7,,0
2025-10-12,35,15692.5,202.8,8434.7,0.0,24330.0,0.645,13292.5,,0
2025-10-13,35,15621.7,0.0,8708.3,0.0,24330.0,0.6421,13221.7,,0
2025-10-14,35,15621.7,0.0,8708.3,0.0,24330.0,0.6421,13221.7,,0
2025-10-15,35,15621.7,0.0,8708.3,0.0,24330.0,0.6421,13221.7,,0
2025-10-16,35,15621.7,0.0,8708.3,0.0,24330.0,0.6421,13221.7,,0
2025-10-17,35,15621.7,0.0,8708.3,0.0,24330.0,0.6421,13221.7,,0
2025-10-18,35,15856.7,313.5,8159.7,0.0,24330.0,0.6517,13456.7,,0
2025-10-19,35,16010.6,116.7,8202.8,0.0,24330.0,0.6581,13610.6,,0
2025-10-20,35,15932.8,116.7,8280.6,0.0,24330.0,0.6549,13532.8,,0
2025-10-21,35,16555.0,0.0,7775.0,0.0,24330.0,0.6804,14155.0,,0
2025-10-22,35,16189.4,56.2,8084.4,0.0,24330.0,0.6654,13789.4,,0
2025-10-23,35,15880.0,0.0,8450.0,0.0,24330.0,0.6527,13480.0,,0
2025-10-24,35,15880.0,0.0,8450.0,0.0,24330.0,0.6527,13480.0,,0
2025-10-25,35,15880.0,0.0,8450.0,0.0,24330.0,0.6527,13480.0,,0
2025-10-26,35,16330.0,84.4,7915.6,0.0,24330.0,0.6712,13930.0,orange,1
2025-10-27,35,16555.0,0.0,7775.0,0.0,24330.0,0.6804,14155.0,orange,1
2025-10-28,35,16555.0,0.0,7775.0,0.0,24330.0,0.6804,14155.0,orange,1
2025-10-29,35,16555.0,0.0,7775.0,0.0,24330.0,0.6804,14155.0,orange,1
2025-10-30,35,16555.0,0.0,7775.0,0.0,24330.0,0.6804,14155.0,orange,1
2025-10-31,35,16555.0,0.0,7775.0,0.0,24330.0,0.6804,14155.0,orange,1
2025-11-01,35,16355.0,25.0,7950.0,0.0,24330.0,0.6722,14155.0,orange,1
2025-11-02,35,16214.7,94.4,8020.8,0.0,24330.0,0.6664,14414.7,orange,1
2025-11-03,35,16521.7,0.0,7808.3,0.0,24330.0,0.6791,14721.7,orange,1
2025-11-04,35,16171.7,0.0,8158.3,0.0,24330.0,0.6647,14371.7,orange,1
2025-11-05,35,14693.9,1227.8,8408.3,0.0,24330.0,0.6039,12893.9,orange,1
2025-11-06,35,14080.0,1016.7,9233.3,0.0,24330.0,0.5787,12280.0,orange,1
2025-11-07,35,14080.0,283.3,9966.7,0.0,24330.0,0.5787,12280.0,orange,1
2025-11-08,35,14080.0,0.0,10250.0,0.0,24330.0,0.5787,12280.0,orange,1
2025-11-09,35,14080.0,0.0,10250.0,0.0,24330.0,0.5787,12280.0,orange,1
2025-11-10,35,14080.0,0.0,10250.0,0.0,24330.0,0.5787,12280.0,orange,1
2025-11-11,35,14130.0,150.0,10050.0,0.0,24330.0,0.5808,12280.0,orange,1
2025-11-12,35,14680.0,0.0,9650.0,0.0,24330.0,0.6034,12280.0,orange,1
2025-11-13,35,14480.0,25.0,9825.0,0.0,24330.0,0.5952,12280.0,orange,1
2025-11-14,35,14080.0,0.0,10250.0,0.0,24330.0,0.5787,12280.0,orange,1
2025-11-15,35,14080.0,0.0,10250.0,0.0,24330.0,0.5787,12280.0,orange,1
2025-11-16,35,14080.0,0.0,10250.0,0.0,24330.0,0.5787,12280.0,orange,1
2025-11-17,35,13605.0,125.0,10600.0,0.0,24330.0,0.5592,11730.0,,0
2025-11-18,35,14680.0,0.0,9650.0,0.0,24330.0,0.6034,12280.0,,0
2025-11-19,35,14680.0,0.0,9650.0,0.0,24330.0,0.6034,12280.0,,0
2025-11-20,35,14018.9,116.7,10194.4,0.0,24330.0,0.5762,11618.9,,0
2025-11-21,35,13746.7,0.0,10583.3,0.0,24330.0,0.565,11346.7,,0
2025-11-22,35,13746.7,0.0,10583.3,0.0,24330.0,0.565,11346.7,,0
2025-11-23,35,13746.7,0.0,10583.3,0.0,24330.0,0.565,11346.7,,0
2025-11-24,35,14007.8,116.7,10205.6,0.0,24330.0,0.5757,11607.8,,0
2025-11-25,35,13830.0,0.0,10500.0,0.0,24330.0,0.5684,11430.0,,0
2025-11-26,35,13880.0,0.0,10450.0,0.0,24330.0,0.5705,11480.0,,0
2025-11-27,35,13880.0,0.0,10450.0,0.0,24330.0,0.5705,11480.0,,0
2025-11-28,35,13880.0,0.0,10450.0,0.0,24330.0,0.5705,11480.0,,0
2025-11-29,35,13880.0,0.0,10450.0,0.0,24330.0,0.5705,11480.0,,0
2025-11-30,35,13405.0,500.0,10425.0,0.0,24330.0,0.551,11005.0,,0
2025-12-01,35,13280.0,0.0,11050.0,0.0,24330.0,0.5458,10880.0,,0
2025-12-02,35,13205.0,150.0,10975.0,0.0,24330.0,0.5427,10805.0,,0
2025-12-03,35,13280.0,0.0,11050.0,0.0,24330.0,0.5458,10880.0,,0
2025-12-04,35,12858.1,84.4,11387.5,0.0,24330.0,0.5285,10458.1,,0
2025-12-05,35,12605.0,0.0,11725.0,0.0,24330.0,0.5181,10205.0,,0
2025-12-06,35,12605.0,0.0,11725.0,0.0,24330.0,0.5181,10205.0,,0
2025-12-07,35,13155.0,350.0,10825.0,0.0,24330.0,0.5407,10755.0,orange,1
2025-12-08,35,14005.0,0.0,10325.0,0.0,24330.0,0.5756,11605.0,orange,1
2025-12-09,35,14426.9,84.4,9818.8,0.0,24330.0,0.593,12026.9,orange,1
2025-12-10,35,14680.0,0.0,9650.0,0.0,24330.0,0.6034,12280.0,orange,1
2025-12-11,35,14180.0,0.0,10150.0,0.0,24330.0,0.5828,11780.0,orange,1
2025-12-12,35,14680.0,0.0,9650.0,0.0,24330.0,0.6034,12280.0,,0
2025-12-13,35,14680.0,0.0,9650.0,0.0,24330.0,0.6034,12280.0,orange,1
2025-12-14,35,14680.0,0.0,9650.0,0.0,24330.0,0.6034,12280.0,orange,1
2025-12-15,35,14680.0,0.0,9650.0,0.0,24330.0,0.6034,12280.0,orange,1
2025-12-16,35,14680.0,0.0,9650.0,0.0,24330.0,0.6034,12280.0,orange,1
2025-12-17,35,14680.0,0.0,9650.0,0.0,24330.0,0.6034,12280.0,orange,1
2025-12-18,35,14680.0,0.0,9650.0,0.0,24330.0,0.6034,12280.0,orange,1
2025-12-19,35,14530.0,25.0,9775.0,0.0,24330.0,0.5972,12280.0,orange,1
2025-12-20,35,14080.0,0.0,10250.0,0.0,24330.0,0.5787,12280.0,orange,1
2025-12-21,35,14180.0,125.0,10025.0,0.0,24330.0,0.5828,12280.0,,0
2025-12-22,35,13791.1,616.7,9922.2,0.0,24330.0,0.5668,11391.1,,0
2025-12-23,35,13346.7,400.0,10583.3,0.0,24330.0,0.5486,10946.7,,0
2025-12-24,35,13746.7,0.0,10583.3,0.0,24330.0,0.565,11346.7,,0
2025-12-25,35,13691.1,183.3,10455.6,0.0,24330.0,0.5627,11291.1,red,1
2025-12-26,35,13880.0,0.0,10450.0,0.0,24330.0,0.5705,11480.0,red,1
2025-12-27,35,13880.0,0.0,10450.0,0.0,24330.0,0.5705,11480.0,red,1
2025-12-28,35,13880.0,0.0,10450.0,0.0,24330.0,0.5705,11480.0,red,1
2025-12-29,35,13880.0,0.0,10450.0,0.0,24330.0,0.5705,11480.0,red,1
2025-12-30,35,13880.0,0.0,10450.0,0.0,24330.0,0.5705,11480.0,red,1
2025-12-31,35,13880.0,0.0,10450.0,0.0,24330.0,0.5705,11480.0,red,1
2026-01-01,35,14680.0,0.0,9650.0,0.0,24330.0,0.6034,12280.0,orange,1
2026-01-02,35,14680.0,0.0,9650.0,0.0,24330.0,0.6034,12280.0,orange,1
2026-01-03,35,14680.0,0.0,9650.0,0.0,24330.0,0.6034,12280.0,orange,1
2026-01-04,35,14680.0,0.0,9650.0,0.0,24330.0,0.6034,12280.0,orange,1
2026-01-05,35,14680.0,0.0,9650.0,0.0,24330.0,0.6034,12280.0,orange,1
2026-01-06,35,14580.0,75.0,9675.0,0.0,24330.0,0.5993,12280.0,orange,1
2026-01-07,35,14555.4,0.0,9774.6,0.0,24330.0,0.5982,12155.4,,0
2026-01-08,35,14083.3,200.0,10046.7,0.0,24330.0,0.5788,11683.3,,0
2026-01-09,35,14977.8,116.7,9235.6,0.0,24330.0,0.6156,12577.8,,0
2026-01-10,35,14433.3,116.7,9780.0,0.0,24330.0,0.5932,12033.3,,0
2026-01-11,35,14796.9,128.1,9405.0,0.0,24330.0,0.6082,12396.9,orange,1
2026-01-12,35,14550.0,100.0,9680.0,0.0,24330.0,0.598,12250.0,orange,1
2026-01-13,35,14650.0,0.0,9680.0,0.0,24330.0,0.6021,12250.0,orange,1
2026-01-14,35,14650.0,0.0,9680.0,0.0,24330.0,0.6021,12250.0,orange,1
2026-01-15,35,14650.0,0.0,9680.0,0.0,24330.0,0.6021,12250.0,orange,1
2026-01-16,35,14800.0,150.0,9380.0,0.0,24330.0,0.6083,12400.0,orange,1
2026-01-17,35,14593.1,470.4,9266.5,0.0,24330.0,0.5998,12518.1,,0
2026-01-18,35,14280.0,316.7,9733.3,0.0,24330.0,0.5869,11880.0,,0
2026-01-19,35,14680.0,0.0,9650.0,0.0,24330.0,0.6034,12280.0,,0
2026-01-20,35,14680.0,0.0,9650.0,0.0,24330.0,0.6034,12280.0,,0
2026-01-21,35,14601.9,28.1,9700.0,0.0,24330.0,0.6002,12201.9,orange,1
2026-01-22,35,14680.0,0.0,9650.0,0.0,24330.0,0.6034,12280.0,orange,1
2026-01-23,35,14680.0,0.0,9650.0,0.0,24330.0,0.6034,12280.0,orange,1
2026-01-24,35,14680.0,0.0,9650.0,0.0,24330.0,0.6034,12280.0,orange,1
2026-01-25,35,14680.0,0.0,9650.0,0.0,24330.0,0.6034,12280.0,orange,1
2026-01-26,35,14680.0,0.0,9650.0,0.0,24330.0,0.6034,12280.0,orange,1
2026-01-27,35,14680.0,0.0,9650.0,0.0,24330.0,0.6034,12280.0,orange,1
2026-01-28,35,14713.3,166.7,9450.0,0.0,24330.0,0.6047,12313.3,orange,1
2026-01-29,35,15480.0,0.0,8850.0,0.0,24330.0,0.6363,13080.0,orange,1
2026-01-30,35,15480.0,0.0,8850.0,0.0,24330.0,0.6363,13080.0,orange,1
2026-01-31,35,14813.3,0.0,9516.7,0.0,24330.0,0.6089,12413.3,orange,1
2026-02-01,35,14680.0,0.0,9650.0,0.0,24330.0,0.6034,12280.0,orange,1
2026-02-02,35,14485.6,116.7,9727.8,0.0,24330.0,0.5954,12085.6,orange,1
2026-02-03,35,14602.2,316.7,9411.1,0.0,24330.0,0.6002,12202.2,orange,1
2026-02-04,35,15480.0,0.0,8850.0,0.0,24330.0,0.6363,13080.0,orange,1
2026-02-05,35,15480.0,0.0,8850.0,0.0,24330.0,0.6363,13080.0,orange,1
2026-02-06,35,15455.0,25.0,8850.0,0.0,24330.0,0.6352,13080.0,orange,1
2026-02-07,35,15480.0,0.0,8850.0,0.0,24330.0,0.6363,13080.0,orange,1
2026-02-08,35,15480.0,0.0,8850.0,0.0,24330.0,0.6363,13080.0,orange,1
2026-02-09,35,15480.0,0.0,8850.0,0.0,24330.0,0.6363,13080.0,orange,1
2026-02-10,35,15105.0,0.0,9225.0,0.0,24330.0,0.6208,12705.0,orange,1
2026-02-11,35,14880.0,0.0,9450.0,0.0,24330.0,0.6116,12480.0,orange,1
2026-02-12,35,14380.0,0.0,9950.0,0.0,24330.0,0.591,11980.0,orange,1
2026-02-13,35,14080.0,0.0,10250.0,0.0,24330.0,0.5787,11680.0,orange,1
2026-02-14,35,14080.0,0.0,10250.0,0.0,24330.0,0.5787,11680.0,orange,1
2026-02-15,35,14080.0,0.0,10250.0,0.0,24330.0,0.5787,11680.0,orange,1
2026-02-16,35,14080.0,0.0,10250.0,0.0,24330.0,0.5787,11680.0,orange,1
2026-02-17,35,14080.0,0.0,10250.0,0.0,24330.0,0.5787,11680.0,orange,1
2026-02-18,35,14080.0,0.0,10250.0,0.0,24330.0,0.5787,11680.0,orange,1
2026-02-19,35,14080.0,0.0,10250.0,0.0,24330.0,0.5787,11680.0,orange,1
2026-02-20,35,14080.0,0.0,10250.0,0.0,24330.0,0.5787,11680.0,orange,1
2026-02-21,35,14055.0,25.0,10250.0,0.0,24330.0,0.5777,11680.0,orange,1
2026-02-22,35,14080.0,0.0,10250.0,0.0,24330.0,0.5787,11680.0,orange,1
2026-02-23,35,14080.0,0.0,10250.0,0.0,24330.0,0.5787,11680.0,orange,1
2026-02-24,35,14080.0,0.0,10250.0,0.0,24330.0,0.5787,11680.0,orange,1
2026-02-25,35,14080.0,0.0,10250.0,0.0,24330.0,0.5787,11680.0,orange,1
2026-02-26,35,13038.3,266.7,11025.0,0.0,24330.0,0.5359,10838.3,orange,1
2026-02-27,35,12218.9,116.7,11994.4,0.0,24330.0,0.5022,10418.9,orange,1
2026-02-28,35,12955.0,591.7,10783.3,0.0,24330.0,0.5325,11105.0,orange,1
2026-03-01,35,13746.7,25.0,10558.3,0.0,24330.0,0.565,11546.7,orange,1
2026-03-02,35,13421.7,125.0,10783.3,0.0,24330.0,0.5517,11546.7,orange,1
2026-03-03,35,13946.7,0.0,10383.3,0.0,24330.0,0.5732,11546.7,orange,1
2026-03-04,35,14296.7,116.7,9916.7,0.0,24330.0,0.5876,11896.7,orange,1
2026-03-05,35,14480.0,200.0,9650.0,0.0,24330.0,0.5952,12080.0,orange,1
2026-03-06,35,14080.0,0.0,10250.0,0.0,24330.0,0.5787,11680.0,orange,1
2026-03-07,35,14080.0,0.0,10250.0,0.0,24330.0,0.5787,11680.0,orange,1
2026-03-08,35,14080.0,0.0,10250.0,0.0,24330.0,0.5787,11680.0,orange,1
2026-03-09,35,13702.2,377.8,10250.0,0.0,24330.0,0.5632,11302.2,orange,1
2026-03-10,35,13513.3,566.7,10250.0,0.0,24330.0,0.5554,11113.3,orange,1
2026-03-11,35,13513.3,566.7,10250.0,0.0,24330.0,0.5554,11113.3,orange,1
2026-03-12,35,13213.3,616.7,10500.0,0.0,24330.0,0.5431,10813.3,orange,1
2026-03-13,35,12913.3,212.5,11204.2,0.0,24330.0,0.5308,10513.3,orange,1
2026-03-14,35,11541.1,266.7,12522.2,0.0,24330.0,0.4744,9141.1,orange,1
2026-03-15,35,11930.0,0.0,12400.0,0.0,24330.0,0.4903,9530.0,orange,1
2026-03-16,35,11980.0,0.0,12350.0,0.0,24330.0,0.4924,9580.0,,0
2026-03-17,35,11980.0,0.0,12350.0,0.0,24330.0,0.4924,9580.0,,0
2026-03-18,35,12952.2,266.7,11111.1,0.0,24330.0,0.5324,10552.2,,0
2026-03-19,35,13241.1,116.7,10972.2,0.0,24330.0,0.5442,10841.1,,0
2026-03-20,35,12580.0,0.0,11750.0,0.0,24330.0,0.5171,10180.0,,0
2026-03-21,35,12580.0,0.0,11750.0,0.0,24330.0,0.5171,10180.0,,0
2026-03-22,35,13046.7,116.7,11166.7,0.0,24330.0,0.5362,10646.7,,0
2026-03-23,35,13513.3,0.0,10816.7,0.0,24330.0,0.5554,11113.3,,0
2026-03-24,35,13513.3,0.0,10816.7,0.0,24330.0,0.5554,11113.3,,0
2026-03-25,35,13513.3,0.0,10816.7,0.0,24330.0,0.5554,11113.3,orange,1
2026-03-26,35,13513.3,0.0,10816.7,0.0,24330.0,0.5554,11113.3,orange,1
2026-03-27,35,13513.3,0.0,10816.7,0.0,24330.0,0.5554,11113.3,orange,1
2026-03-28,35,13513.3,0.0,10816.7,0.0,24330.0,0.5554,11113.3,orange,1
2026-03-29,35,13513.3,0.0,10816.7,0.0,24330.0,0.5554,11113.3,orange,1
2026-03-30,35,13713.3,200.0,10416.7,0.0,24330.0,0.5636,11313.3,,0
2026-03-31,35,14313.3,0.0,10016.7,0.0,24330.0,0.5883,11913.3,,0
2026-04-01,35,14313.3,0.0,10016.7,0.0,24330.0,0.5883,11913.3,,0
2026-04-02,35,13863.3,0.0,10466.7,0.0,24330.0,0.5698,11463.3,,0
2026-04-03,35,14060.2,84.4,10185.4,0.0,24330.0,0.5779,11660.2,,0
2026-04-04,35,13638.3,0.0,10691.7,0.0,24330.0,0.5606,11238.3,,0
2026-04-05,35,13055.0,116.7,11158.3,0.0,24330.0,0.5366,10655.0,,0
2026-04-06,35,12705.0,0.0,11625.0,0.0,24330.0,0.5222,10305.0,,0
2026-04-07,35,13710.2,201.0,10418.8,0.0,24330.0,0.5635,11310.2,,0
2026-04-08,35,14313.3,236.1,9780.6,0.0,24330.0,0.5883,11913.3,,0
2026-04-09,35,14313.3,566.7,9450.0,0.0,24330.0,0.5883,11913.3,,0
2026-04-10,35,14643.9,236.1,9450.0,0.0,24330.0,0.6019,12243.9,,0
2026-04-11,35,14880.0,0.0,9450.0,0.0,24330.0,0.6116,12480.0,,0
2026-04-12,35,14880.0,0.0,9450.0,0.0,24330.0,0.6116,12480.0,,0
2026-04-13,35,14413.3,166.7,9750.0,0.0,24330.0,0.5924,12013.3,,0
2026-04-14,35,14030.0,50.0,10250.0,0.0,24330.0,0.5767,11630.0,,0
2026-04-15,35,13180.0,0.0,11150.0,0.0,24330.0,0.5417,10780.0,,0
2026-04-16,35,12057.8,622.2,11650.0,0.0,24330.0,0.4956,9657.8,orange,1
2026-04-17,35,11913.3,1133.3,11283.3,0.0,24330.0,0.4897,9513.3,orange,1
2026-04-18,35,12680.0,1133.3,10516.7,0.0,24330.0,0.5212,10280.0,orange,1
2026-04-19,35,13421.7,1083.3,9825.0,0.0,24330.0,0.5517,11021.7,orange,1
2026-04-20,35,13946.7,933.3,9450.0,0.0,24330.0,0.5732,11546.7,orange,1
2026-04-21,35,14296.7,583.3,9450.0,0.0,24330.0,0.5876,11896.7,,0
2026-04-22,35,14880.0,0.0,9450.0,0.0,24330.0,0.6116,12480.0,,0
2026-04-23,35,14880.0,0.0,9450.0,0.0,24330.0,0.6116,12480.0,,0
2026-04-24,35,14880.0,0.0,9450.0,0.0,24330.0,0.6116,12480.0,,0
2026-04-25,35,14880.0,0.0,9450.0,0.0,24330.0,0.6116,12480.0,,0
2026-04-26,35,14880.0,0.0,9450.0,0.0,24330.0,0.6116,12480.0,,0
2026-04-27,35,14257.8,116.7,9955.6,0.0,24330.0,0.586,11857.8,,0
2026-04-28,35,14221.7,191.7,9916.7,0.0,24330.0,0.5845,11896.7,,0
2026-04-29,35,14880.0,0.0,9450.0,0.0,24330.0,0.6116,12480.0,,0
2026-04-30,35,14880.0,0.0,9450.0,0.0,24330.0,0.6116,12480.0,,0
2026-05-01,35,14605.0,275.0,9450.0,0.0,24330.0,0.6003,12480.0,,0
2026-05-02,35,14880.0,0.0,9450.0,0.0,24330.0,0.6116,12480.0,,0
2026-05-03,35,14855.0,25.0,9450.0,0.0,24330.0,0.6106,12480.0,,0
2026-05-04,35,14880.0,0.0,9450.0,0.0,24330.0,0.6116,12480.0,,0
2026-05-05,35,14880.0,0.0,9450.0,0.0,24330.0,0.6116,12480.0,,0
2026-05-06,35,14880.0,0.0,9450.0,0.0,24330.0,0.6116,12480.0,,0
2026-05-07,35,14380.0,200.0,9750.0,0.0,24330.0,0.591,11980.0,,0
2026-05-08,35,14080.0,0.0,10250.0,0.0,24330.0,0.5787,11680.0,,0
2026-05-09,35,13805.0,75.0,10450.0,0.0,24330.0,0.5674,11405.0,,0
2026-05-10,35,13480.0,0.0,10850.0,0.0,24330.0,0.554,11080.0,,0
2026-05-11,35,13705.0,150.0,10475.0,0.0,24330.0,0.5633,11330.0,,0
2026-05-12,35,14080.0,0.0,10250.0,0.0,24330.0,0.5787,11680.0,,0
2026-05-13,35,13452.9,172.9,10704.2,0.0,24330.0,0.5529,11052.9,,0
2026-05-14,35,12612.3,56.2,11661.5,0.0,24330.0,0.5184,10212.3,,0
2026-05-15,35,12946.7,25.0,11358.3,0.0,24330.0,0.5321,10746.7,,0
2026-05-16,35,12646.7,100.0,11583.3,0.0,24330.0,0.5198,10746.7,,0
2026-05-17,35,13412.3,201.0,10716.7,0.0,24330.0,0.5513,11012.3,,0
2026-05-18,35,13405.0,0.0,10925.0,0.0,24330.0,0.551,11005.0,,0
2026-05-19,35,13405.0,0.0,10925.0,0.0,24330.0,0.551,11005.0,,0
2026-05-20,35,13465.4,84.4,10780.2,0.0,24330.0,0.5534,11065.4,,0
2026-05-21,35,13280.0,0.0,11050.0,0.0,24330.0,0.5458,10880.0,,0
2026-05-22,35,13280.0,0.0,11050.0,0.0,24330.0,0.5458,10880.0,,0
2026-05-23,35,13280.0,0.0,11050.0,0.0,24330.0,0.5458,10880.0,,0
2026-05-24,35,13280.0,0.0,11050.0,0.0,24330.0,0.5458,10880.0,,0
2026-05-25,35,13280.0,0.0,11050.0,0.0,24330.0,0.5458,10880.0,,0
2026-05-26,35,13280.0,0.0,11050.0,0.0,24330.0,0.5458,10880.0,,0
2026-05-27,35,13280.0,0.0,11050.0,0.0,24330.0,0.5458,10880.0,,0
2026-05-28,35,13480.0,200.0,10650.0,0.0,24330.0,0.554,11080.0,,0
2026-05-29,35,13807.8,116.7,10405.6,0.0,24330.0,0.5675,11407.8,,0
2026-05-30,35,13446.7,200.0,10683.3,0.0,24330.0,0.5527,11046.7,,0
2026-05-31,35,13946.7,0.0,10383.3,0.0,24330.0,0.5732,11546.7,,0
2026-06-01,35,14452.2,116.7,9761.1,0.0,24330.0,0.594,12052.2,,0
2026-06-02,35,14880.0,0.0,9450.0,0.0,24330.0,0.6116,12480.0,,0
2026-06-03,35,14880.0,0.0,9450.0,0.0,24330.0,0.6116,12480.0,,0
2026-06-04,35,14080.0,0.0,10250.0,0.0,24330.0,0.5787,11680.0,,0
2026-06-05,35,14080.0,0.0,10250.0,0.0,24330.0,0.5787,11680.0,,0
2026-06-06,35,13457.8,155.6,10716.7,0.0,24330.0,0.5531,11057.8,,0
2026-06-07,35,13146.7,0.0,11183.3,0.0,24330.0,0.5403,10746.7,,0
2026-06-08,35,13146.7,0.0,11183.3,0.0,24330.0,0.5403,10746.7,,0
2026-06-09,35,12435.6,233.3,11661.1,0.0,24330.0,0.5111,10035.6,,0
2026-06-10,35,13302.2,416.7,10611.1,0.0,24330.0,0.5467,10902.2,,0
2026-06-11,35,14080.0,800.0,9450.0,0.0,24330.0,0.5787,11680.0,,0
2026-06-12,35,14080.0,800.0,9450.0,0.0,24330.0,0.5787,11680.0,,0
2026-06-13,35,13224.4,916.7,10188.9,0.0,24330.0,0.5435,10824.4,,0
2026-06-14,35,13418.9,916.7,9994.4,0.0,24330.0,0.5515,11018.9,,0
2026-06-15,35,13455.0,825.0,10050.0,0.0,24330.0,0.553,11680.0,,0
2026-06-16,35,12880.0,800.0,10650.0,0.0,24330.0,0.5294,11680.0,,0
2026-06-17,35,12784.2,800.0,10745.8,0.0,24330.0,0.5254,11584.2,,0
2026-06-18,35,12650.0,800.0,10880.0,0.0,24330.0,0.5199,11450.0,,0
2026-06-19,35,12650.0,800.0,10880.0,0.0,24330.0,0.5199,11450.0,,0
2026-06-20,35,12725.0,925.0,10680.0,0.0,24330.0,0.523,11450.0,,0
2026-06-21,35,13250.0,800.0,10280.0,0.0,24330.0,0.5446,11450.0,,0
2026-06-22,35,12900.0,825.0,10605.0,0.0,24330.0,0.5302,11450.0,,0
2026-06-23,35,12338.9,916.7,11074.4,0.0,24330.0,0.5071,11138.9,,0
2026-06-24,35,11850.0,1000.0,11480.0,0.0,24330.0,0.4871,10650.0,,0
2026-06-25,35,12612.5,857.5,10860.0,0.0,24330.0,0.5184,11412.5,,0
2026-06-26,35,12821.7,925.0,10583.3,0.0,24330.0,0.527,11546.7,,0
2026-06-27,35,13346.7,800.0,10183.3,0.0,24330.0,0.5486,11546.7,,0
2026-06-28,35,13346.7,800.0,10183.3,0.0,24330.0,0.5486,11546.7,,0
2026-06-29,35,13774.4,916.7,9638.9,0.0,24330.0,0.5662,11974.4,,0
2026-06-30,35,14080.0,825.0,9425.0,0.0,24330.0,0.5787,12480.0,,0
2026-07-01,35,13755.0,925.0,9650.0,0.0,24330.0,0.5654,12480.0,,0
2026-07-02,35,14080.0,825.0,9425.0,0.0,24330.0,0.5787,12480.0,,0
2026-07-03,35,13407.8,916.7,10005.6,0.0,24330.0,0.5511,12207.8,,0
2026-07-04,35,12746.7,800.0,10783.3,0.0,24330.0,0.5239,11546.7,,0
2026-07-05,35,13018.9,1113.9,10197.2,0.0,24330.0,0.5351,11818.9,,0
2026-07-06,35,13880.0,0.0,10450.0,0.0,24330.0,0.5705,12680.0,,0
2026-07-07,35,13846.7,33.3,10450.0,0.0,24330.0,0.5691,12646.7,,0
2026-07-08,35,13880.0,0.0,10450.0,0.0,24330.0,0.5705,12680.0,,0
2026-07-09,35,13880.0,0.0,10450.0,0.0,24330.0,0.5705,12680.0,,0
2026-07-10,35,14030.0,300.0,10000.0,0.0,24330.0,0.5767,12780.0,,0
2026-07-11,35,14555.0,125.0,9650.0,0.0,24330.0,0.5982,13280.0,,0
2026-07-12,35,15080.0,0.0,9250.0,0.0,24330.0,0.6198,13280.0,,0
2026-07-13,35,15080.0,0.0,9250.0,0.0,24330.0,0.6198,13280.0,,0
2026-07-14,35,15080.0,0.0,9250.0,0.0,24330.0,0.6198,13280.0,,0
2026-07-15,35,15080.0,0.0,9250.0,0.0,24330.0,0.6198,13280.0,,0
2026-07-16,35,14530.0,0.0,9800.0,0.0,24330.0,0.5972,12730.0,,0
2026-07-17,35,15080.0,0.0,9250.0,0.0,24330.0,0.6198,13280.0,,0
2026-07-18,35,14930.0,150.0,9250.0,0.0,24330.0,0.6136,13130.0,,0
2026-07-19,35,14480.0,0.0,9850.0,0.0,24330.0,0.5952,12680.0,,0
2026-07-20,35,14451.9,28.1,9850.0,0.0,24330.0,0.594,12651.9,,0
2026-07-21,35,14155.0,825.0,9350.0,0.0,24330.0,0.5818,12355.0,,0
2026-07-22,35,14405.0,675.0,9250.0,0.0,24330.0,0.5921,12605.0,,0
2026-07-23,35,14405.0,675.0,9250.0,0.0,24330.0,0.5921,12605.0,,0
2026-07-24,35,14405.0,506.2,9418.8,0.0,24330.0,0.5921,12605.0,,0
2026-07-25,35,13738.3,200.0,10391.7,0.0,24330.0,0.5647,11938.3,,0
2026-07-26,35,13060.6,116.7,11152.8,0.0,24330.0,0.5368,11260.6,,0
2026-07-27,35,13293.9,77.8,10958.3,0.0,24330.0,0.5464,11493.9,,0
2026-07-28,35,13605.0,0.0,10725.0,0.0,24330.0,0.5592,11805.0,,0
2026-07-29,35,13330.0,125.0,10875.0,0.0,24330.0,0.5479,11805.0,,0
2026-07-30,35,13605.0,0.0,10725.0,0.0,24330.0,0.5592,11805.0,,0
2026-07-31,35,13605.0,0.0,10725.0,0.0,24330.0,0.5592,11805.0,,0
