study_day,measurement_date,target_hour_label,poll_offset_from_hour_start_minutes,scheduled_poll_at,planned_run_id,status,actual_run_id
1,2026-08-25,08:00,60,2026-08-25T09:00:00+08:00,20260825T090000+0800,missed,
1,2026-08-25,08:00,62,2026-08-25T09:02:00+08:00,20260825T090200+0800,completed,20260825T090200+0800
1,2026-08-25,08:00,65,2026-08-25T09:05:00+08:00,20260825T090500+0800,completed,20260825T090500+0800
1,2026-08-25,08:00,70,2026-08-25T09:10:00+08:00,20260825T091000+0800,completed,20260825T091000+0800
1,2026-08-25,08:00,80,2026-08-25T09:20:00+08:00,20260825T092000+0800,completed,20260825T092000+0800
2,2026-08-26,08:00,60,2026-08-26T09:00:00+08:00,20260826T090000+0800,pending,
2,2026-08-26,08:00,62,2026-08-26T09:02:00+08:00,20260826T090200+0800,pending,
2,2026-08-26,08:00,65,2026-08-26T09:05:00+08:00,20260826T090500+0800,pending,
2,2026-08-26,08:00,70,2026-08-26T09:10:00+08:00,20260826T091000+0800,pending,
2,2026-08-26,08:00,80,2026-08-26T09:20:00+08:00,20260826T092000+0800,pending,
3,2026-08-27,08:00,60,2026-08-27T09:00:00+08:00,20260827T090000+0800,pending,
3,2026-08-27,08:00,62,2026-08-27T09:02:00+08:00,20260827T090200+0800,pending,
3,2026-08-27,08:00,65,2026-08-27T09:05:00+08:00,20260827T090500+0800,pending,
3,2026-08-27,08:00,70,2026-08-27T09:10:00+08:00,20260827T091000+0800,pending,
3,2026-08-27,08:00,80,2026-08-27T09:20:00+08:00,20260827T092000+0800,pending,
4,2026-08-28,08:00,60,2026-08-28T09:00:00+08:00,20260828T090000+0800,pending,
4,2026-08-28,08:00,62,2026-08-28T09:02:00+08:00,20260828T090200+0800,pending,
4,2026-08-28,08:00,65,2026-08-28T09:05:00+08:00,20260828T090500+0800,pending,
4,2026-08-28,08:00,70,2026-08-28T09:10:00+08:00,20260828T091000+0800,pending,
4,2026-08-28,08:00,80,2026-08-28T09:20:00+08:00,20260828T092000+0800,pending,
5,2026-08-29,08:00,60,2026-08-29T09:00:00+08:00,20260829T090000+0800,pending,
5,2026-08-29,08:00,62,2026-08-29T09:02:00+08:00,20260829T090200+0800,pending,
5,2026-08-29,08:00,65,2026-08-29T09:05:00+08:00,20260829T090500+0800,pending,
5,2026-08-29,08:00,70,2026-08-29T09:10:00+08:00,20260829T091000+0800,pending,
5,2026-08-29,08:00,80,2026-08-29T09:20:00+08:00,20260829T092000+0800,pending,
6,2026-08-30,08:00,60,2026-08-30T09:00:00+08:00,20260830T090000+0800,pending,
6,2026-08-30,08:00,62,2026-08-30T09:02:00+08:00,20260830T090200+0800,pending,
6,2026-08-30,08:00,65,2026-08-30T09:05:00+08:00,20260830T090500+0800,pending,
6,2026-08-30,08:00,70,2026-08-30T09:10:00+08:00,20260830T091000+0800,pending,
6,2026-08-30,08:00,80,2026-08-30T09:20:00+08:00,20260830T092000+0800,pending,
7,2026-08-31,08:00,60,2026-08-31T09:00:00+08:00,20260831T090000+0800,pending,
7,2026-08-31,08:00,62,2026-08-31T09:02:00+08:00,20260831T090200+0800,pending,
7,2026-08-31,08:00,65,2026-08-31T09:05:00+08:00,20260831T090500+0800,pending,
7,2026-08-31,08:00,70,2026-08-31T09:10:00+08:00,20260831T091000+0800,pending,
7,2026-08-31,08:00,80,2026-08-31T09:20:00+08:00,20260831T092000+0800,pending,
