auction,token,pool_id,token_side,migration_timestamp,migration_time_utc,currency_raised_eth,total_cleared_tokens,issue_vwap_eth_per_token,daily_candles,first_day_open_x,p1d_x,p7d_x,p30d_x,current_daily_close_x,max_spot_30d_x,max_spot_30d_timestamp,max_spot_observed_x,time_to_max_30d_days,spot_5x_observed,first_spot_5x_days,mature_30d,mature_180d,current_spot_x,current_reserve_usd,current_native_side_liquidity_usd,current_5pct_native_side_capacity_usd_approx
0x5809c57037685e81709622468426051d41b58c62,0xff0a037e3ecd3560b93e6b2163fea48b81feefd1,0xc38ad275369425047272f9b96f87c564005f2e1935ea89dfbce361b325fda901,base,1783957038,2026-07-13T15:37:18+00:00,1.0838318870966164,500000000.0,2.167663774193233e-09,45,1.480947300151399,38.41132656047204,3.304565446717485,4.48141572050802,3.99288457337602,139.14198774555857,1785888000,139.14198774555857,22.349097222222223,True,0.0,True,False,3.99288457337602,18075.8609,11743.490875233318,587.1745437616659
0x4355a3009f59e1199df133881444a1d2eb9a12c4,0xbe4f4bc2ecdca72a6e0d9c963ad71a5869a9fa65,0x4dfca89eb922ce39226d9f004fa737b8ce0959d68c509f7ddb711477350f53a1,base,1783957770,2026-07-13T15:49:30+00:00,2.8397581002236896,500000000.0,5.67951620044738e-09,45,1.0504492640467633,89.99776020244116,9.401701538734226,2.0343349468690097,1.278372121318765,217.05917849203638,1783900800,217.05917849203638,0.0,True,0.0,True,False,1.278372121318765,103176.1592,91481.8887372691,4574.094436863455
0x89bb4892c10acac45923388bb6dcae930f2514c0,0x38673a2ea3a527214422c9dc0c83ac3bbd83bc72,0xb9c092777fe7fe978ab4dc7bac7b4f637c487a7aee97a51d2e36069099f53aec,base,1783960739,2026-07-13T16:38:59+00:00,1.221890872055557,500000000.0,2.4437817441111144e-09,45,1.315789908362024,4.887342826056543,4.3825539243429406,1.8924989521802509,0.9596798329458368,39.51781856277489,1783987200,39.51781856277489,0.30626157407407406,True,0.0,True,False,1.007222204186571,9563.0816,6256.56806302444,312.828403151222
0xa2bc7c6ea11fc8688d9a9846e97e27b95230ea29,0x688db8ab311e39a9e3343e861ff5420b1b7bdde8,0x529d1c9db233b932c9e06328dc579bfd51671e19b7dda6a811cc7a78d9e4f171,base,1783960997,2026-07-13T16:43:17+00:00,2.530785525851164,500000000.0,5.061571051702328e-09,1,1.0276238181905393,0.38307165355668704,0.38307165355668704,0.38307165355668704,0.38307165355668704,15.346725808454185,1783900800,15.346725808454185,0.0,True,0.0,True,False,0.3928905740388197,3249.4606,3014.9043683357204,150.74521841678603
0x1d7e7aedf166bdfc5f0e48a0f9330d425ff8b386,0x2525a5a91eba7d7fc8f84071533b6758f6effb04,0x20c69098041cf0ea7988b54b092a48eef15aef65bfbaae42f1da30b854437716,base,1783962012,2026-07-13T17:00:12+00:00,1.3892155376289295,500000000.0,2.778431075257859e-09,1,1.2843108404620363,0.4346670934770794,0.4346670934770794,0.4346670934770794,0.4346670934770794,2.3428772042207986,1783900800,2.3428772042207986,0.0,False,,True,False,0.48982925800108723,62.8092,40.45400256846287,2.0227001284231436
0x073792d6552b84fbc8f3b3bdd9e223cbfa294880,0x577be142874bf666baf422b41a6099725cb12949,0xcf711c4f9a41b9e8656116f42c1f7414dedd97e34d112063c12343afac6ac318,base,1783962409,2026-07-13T17:06:49+00:00,1.1039593202797315,500000000.0,2.2079186405594633e-09,1,1.330127938406726,0.7509660830653262,0.7509660830653262,0.7509660830653262,0.7509660830653262,6.381657724874272,1783900800,6.381657724874272,0.0,True,0.0,True,False,0.7854727352234486,61.7675,44.14841217026314,2.207420608513157
0x4721d7a681feb96d7f28c9ac54ada0d69aa2d22d,0x8af8a4b49cc3e7b68e13f37dc3e4651d7ebee0eb,0x86ebe85fdd917cc2528d69d4b0a99e9fbf23750ab4d4e83469afb8b58392d70a,quote,1783962611,2026-07-13T17:10:11+00:00,1.0094360664053266,5000000000.0,2.0188721328106532e-10,11,1.4980322692857997,0.7029283452100327,0.3191349829126623,0.29213877523848963,0.29213877523848963,10.715584976581512,1783900800,10.715584976581512,0.0,True,0.0,True,False,4953260703.082816,2304.398,380.5596019785023,19.027980098925116
0xee5b7ca79cedb5a58e0792c8cab292d69cd93646,0x8ad265268d66a551cf282cc1fdd0af2231accb0c,0xcf58708b8003d0ed4d493b02b3607d7a5facb854244808b2e080fd9201a004e2,base,1783963176,2026-07-13T17:19:36+00:00,1.0037389496780564,500000000.0,2.007477899356113e-09,44,1.1063366792268226,23.763504907863947,1.9860646327759977,2.2443808306028514,1.0724287002634862,123.69664090284564,1785369600,123.69664090284564,16.278055555555557,True,0.0,True,False,1.118553165826768,10691.5038,7575.407389784439,378.770369489222
0xed62559117227c201a5b0eafeb07b0f66ebfa4c3,0xf003e027cbdcc38eeada80cdbe39c4abf5061b1c,0xaae0437fc169c994e24a5209ef492c44093010e680e3c14c4d6d96dcce7cbb32,base,1783963325,2026-07-13T17:22:05+00:00,1.0260597845352113,500000000.0,2.0521195690704224e-09,1,1.1561715021340113,0.33053289988186896,0.33053289988186896,0.33053289988186896,0.33053289988186896,2.7547666644683524,1783900800,2.7547666644683524,0.0,False,,True,False,0.3238931821639754,48.8752,31.90688677685024,1.5953443388425121
0xebbb8d4b2ae142b172b268baff6e8253a934de8d,0xe1cedb14dd5fad0739c36c25a59e738129453867,0x6c559f5b876a2b77d5a4b8b42e6bea9c63b476456269adc7cba20fd652414c0b,base,1783965362,2026-07-13T17:56:02+00:00,1.0092710452708402,500000000.0,2.0185420905416804e-09,2,1.0627954836739146,0.3011182464374023,0.2734645931489467,0.2734645931489467,0.2734645931489467,1.805037677606488,1783900800,1.805037677606488,0.0,False,,True,False,0.28266506912279044,2076.798,981.6305499291111,49.08152749645556
0xbbfff1b56a24d6a4f4ef7de8e349451314e0d231,0x85be654b61303dd91897a754972e5f8600ac0416,0x17677bb6507416bc4741135d8220d252c2515ba957e17a942ee76173de5a925a,quote,1783965609,2026-07-13T18:00:09+00:00,2.9018224552219065,500000000.0,5.803644910443813e-09,37,1.018465071354826,0.82768888874528,9.82052841045456,0.5684700596769345,0.4382619044321633,13.33108193764742,1784419200,13.33108193764742,5.249895833333333,True,4.249895833333333,True,False,0.4464920762492533,9469.2964,4701.51920817371,235.0759604086855
0x6177d4c81f1ec5e1ceccadb790c72a77a3894727,0xb72808e26208a6fa75466e02b36780f90da84400,0x74a5d2182421b83ca2f62cd5b4d80ee812c377a3fb78ad1bcec6853675043652,base,1783965910,2026-07-13T18:05:10+00:00,3.506644112388114,500000000.0,7.013288224776228e-09,1,1.2400331364877328,0.31687722754041503,0.31687722754041503,0.31687722754041503,0.31687722754041503,7.737551581793026,1783900800,7.737551581793026,0.0,True,0.0,True,False,0.323166779133773,565.132,481.94848772007555,24.09742438600378
0x05c20a975b1d5f0aee4c531f9d37e8a2810c6864,0xdde8956212834ae135935a0c3bc452c42b460f0d,0x7030b9fa8c091c93a898034817da7c1a71a26a98ac73b2d518219c893c5e9952,quote,1783966692,2026-07-13T18:18:12+00:00,1.1353586925255974,500000000.0,2.270717385051195e-09,1,1.029856472224694,0.5138575142588571,0.5138575142588571,0.5138575142588571,0.5138575142588571,1.6985956495813503,1783900800,1.6985956495813503,0.0,False,,True,False,0.9817603394980959,21.0263,6.673870519367986,0.3336935259683993
0xa46f388764416221ebb28e1cbb18d82900c42548,0x2db70c6d774d8bf9019b15901183d7331ee7a3fb,0x33ecab24d2d5a444154abce4ececbd1c76168400c3677404e44c1dbfe93abe49,base,1783968348,2026-07-13T18:45:48+00:00,1.437953524105,500000000.0,2.87590704821e-09,1,1.0121664454229555,1.0353265848553188,1.0353265848553188,1.0353265848553188,1.0353265848553188,1.7432082164038691,1783900800,1.7432082164038691,0.0,False,,True,False,1.0183170003743403,36.8271,20.49531367722373,1.0247656838611865
0xee22325268a4382ddeedef755a46ded1651037b9,0x93137ff8f11801b24f97d655a7097c1910857bf5,0xe764e515249dd959799850965d0b42fb39409861771f33c559ec2081122059bc,base,1783972825,2026-07-13T20:00:25+00:00,1.4373840641007072,250000000.0,5.749536256402828e-09,17,1.025875678996478,0.09879104120815134,0.09483814951021026,0.11318110259486455,0.10528073133047672,6.4739241216664345,1783900800,6.4739241216664345,0.0,True,0.0,True,False,0.10539046872122441,2343.9838,1208.4603097870174,60.423015489350874
0x02414af4ed4af5bcbed2a5d2a821788e0b261523,0x5406dd2b63ff208854efc58aff0ba34d3a4a6f57,0xb969bfdf118a3e79352378de6fa335186b948a3149e1cce2adae3c1c3e64a3fa,base,1783990220,2026-07-14T00:50:20+00:00,1.7095412051278989,500000000.0,3.4190824102557977e-09,1,1.0200399236031155,0.9115672021381588,0.9115672021381588,0.9115672021381588,0.9115672021381588,1.0200399236031155,1783987200,1.0200399236031155,0.0,False,,True,False,1.0200399236031155,2.3003,0.18720362659506806,0.009360181329753404
0xd77ceb8cceec1e84af5dea5cb9c745b62a683850,0xcd04340f9399492e457e5aba55aff51a3a410b1a,0x48e94d991f89112d7aeccb8270f8645611f1a2dfd570a67d5da6c35c8f81077a,base,1783994133,2026-07-14T01:55:33+00:00,1.0581781687925547,500000000.0,2.1163563375851096e-09,1,1.6428677058837573,0.31408132555212603,0.31408132555212603,0.31408132555212603,0.31408132555212603,4.233471983279504,1783987200,4.233471983279504,0.0,False,,True,False,0.30495535936929924,17.474,13.091144637591547,0.6545572318795774
0xd4eb50a6bd3cb003f47f532d9f07282b90abcb62,0x1aa48c19d4d90959b3d6716f9f1ab9beb522fa65,0x04c0796a1501fceb58c9335537211b958bd8a960d980cf63328598f3c6414179,base,1783995921,2026-07-14T02:25:21+00:00,1.5617552985422483,500000000.0,3.1235105970844963e-09,19,1.4992497999707888,0.30449129350298165,0.28800098969127397,0.2541232422572045,0.2440998540377004,4.714220418646483,1783987200,4.714220418646483,0.0,False,,True,False,0.2427630728218856,3354.6566,1725.3119225357318,86.26559612678659
0x16f0cdc6be126c410cce1d8f2aa618afdc259ac6,0x65836ba98f7c3573372dcc308a659739822ec238,0x3893f02ce3eb66fe24b31fd8b2096d114e21559ebaee74cf12ae000f5807b91e,base,1783999483,2026-07-14T03:24:43+00:00,1.5427286200501429,5000000.0,3.0854572401002855e-07,1,1.0143653279870486,1.5495193163100927,1.5495193163100927,1.5495193163100927,1.5495193163100927,1.5495193163100927,1783987200,1.5495193163100927,0.0,False,,True,False,1.5296153581179532,9.8045,8.322021872423557,0.41610109362117786
0x79683ab428934e6bc51d5a9095dbd66052640e8e,0x678f0fda6312f474a6eb407ca1d004948478760e,0x204519d0c39a3ba6499dce41ce46f8be1fd5fde1c3053966b09c27e3cdf335b6,base,1784045468,2026-07-14T16:11:08+00:00,1.9167515781284747,500000000.0,3.83350315625695e-09,1,1.051812191909242,0.3247568279097809,0.3247568279097809,0.3247568279097809,0.3247568279097809,2.911006749493913,1783987200,2.911006749493913,0.0,False,,True,False,0.32659001907236274,24.9551,17.485412134576954,0.8742706067288477
0x5ccc3af484b86f8ecc3bb71f76b118c79708a2cf,0x66398c96faf76abe9501ae7737e881b26fb22a83,0xb60cebfea2d830352ab4a007c73b987c443e79f3e5855bf701926b0acdbcf424,base,1784127664,2026-07-15T15:01:04+00:00,1.916473138544578,500000000.0,3.832946277089156e-09,1,1.0145253796599845,1.0972867494303262,1.0972867494303262,1.0972867494303262,1.0972867494303262,1.1008033125557182,1784073600,1.1008033125557182,0.0,False,,True,False,1.0819836282569752,1.4487,1.448699999999645,0.07243499999998225
0x546699d7051b4e575193119fd9a9b18789b700af,0xf5e5f4d3c34a14b2fdfd59584fe555cd5e21f196,0x3f66e1430c12a7a64839f43050165db6d1bf1ae5bd7df11e47a37a8e73bc00ef,base,1784293376,2026-07-17T13:02:56+00:00,2.7118376804273705,388888888.8888889,6.9732968925275235e-09,41,1.2041361735430296,7.751129147098847,1.701267217933454,0.7526769872772004,0.5689046471523114,8.365867409994495,1784246400,8.365867409994495,0.0,True,0.0,True,False,0.5703915073531212,3817.8488,1639.516633152166,81.9758316576083
0x356030d2d33873d374c5f568588b233219a115a6,0xcfe10f2e0784f6f27e477567c5f3d159716967a1,0xe1acf12c94ec453713f5b767d811a73bd72eb021918c33ed5d9bb36dc6dada7f,base,1784464420,2026-07-19T12:33:40+00:00,1.539535039470105,500000000.0,3.07907007894021e-09,1,1.0142961500115713,1.1472485788689202,1.1472485788689202,1.1472485788689202,1.1472485788689202,1.177635015579368,1784419200,1.177635015579368,0.0,False,,True,False,1.0958966797163416,2.7157,2.522342107308628,0.1261171053654314
0xa906d6623940b66aa71fa1fba93b6bcaee646156,0x7b033e0092d01fad67338936dd79b95af6a54790,0x588de647c1cc4bc9c45b69a73e2284d806195cc10701a5906693933d892c1ef3,base,1784576599,2026-07-20T19:43:19+00:00,1.3246327911749245,500000000.0,2.649265582349849e-09,1,0.8025292468067763,0.30937967310972103,0.30937967310972103,0.30937967310972103,0.30937967310972103,0.8025292468067763,1784505600,0.8025292468067763,0.0,False,,True,False,0.3552996827260997,7.891,0.0,0.0
0x425b45f7980666e65b3ddb10e722bf3522453dee,0xe3cceb155e08ccf3e0afc8c92541e020d3312446,0xc229bb645b01fff292e8b5004e6971fc77d5bf715d417401647a3be566791eff,base,1784648128,2026-07-21T15:35:28+00:00,1.515155291510593,500000000.0,3.030310583021186e-09,1,1.0198265976109764,1.0618018642503135,1.0618018642503135,1.0618018642503135,1.0618018642503135,1.2483358043702917,1784592000,1.2483358043702917,0.0,False,,True,False,1.1454956920397066,7.0008,3.74145759457184,0.187072879728592
0xd1082a562c4e7ef44eb6fa8261d27c77c6680588,0x7d7285afa84703021eb63ce75910b155b824c9c2,0xddcfc96c1929a96302f9a6eef7a8ff621927228b7b15def509bded85f3b4b226,base,1784656247,2026-07-21T17:50:47+00:00,1.34,500000000.0,2.68e-09,14,1.1778520073325858,21.627588755647093,2.2391236814119555,0.27528692742253213,0.27528692742253213,132.8847894967429,1784851200,132.8847894967429,2.256400462962963,True,0.0,True,False,0.27823047094033065,6035.9117,4355.941124805436,217.7970562402718
0x332965b8dc1603813be36b2de2b74eaf15471d9c,0x11e0db9eb46ef6da47dc408a244e675de3eacfea,0x25812ba401d6c657829da9a79e10e25e415ba7b5ae5df938de20167c3ed5f4f5,base,1784828447,2026-07-23T17:40:47+00:00,1.5112623373476766,500000000.0,3.022524674695353e-09,1,1.0713489065472734,2.0708965324349693,2.0708965324349693,2.0708965324349693,2.0708965324349693,2.0708965324349693,1784764800,2.0708965324349693,0.0,False,,True,False,,0.0,0.0,0.0
0x8a4e90853407adf4bdad42a6df122e751185502a,0x0910d4a4546185495200b1aa4a4db99d2769226e,0x897748b146659e0add32617e4832952dfd5ad7df93fee8f75f3f3be2542e1935,base,1784845849,2026-07-23T22:30:49+00:00,1.6068567847165545,500000000.0,3.213713569433109e-09,1,1.021149498162243,1.1595332343616327,1.1595332343616327,1.1595332343616327,1.1595332343616327,1.1595332343616327,1784764800,1.1595332343616327,0.0,False,,True,False,1.0822526484367987,2.2501,2.2501000000002103,0.11250500000001051
0x12903b152060c204305359ee265f13c57363fa8e,0x4a6eec8a30b49d289b9fc865fd374b4d61eab8fb,0x1f00bab0dfb60102287e2508b7d41a0a97a9dec2c9317bc9c81a4fb91a731be3,base,1784847473,2026-07-23T22:57:53+00:00,2.1049486488490956,500000000.0,4.209897297698192e-09,36,1.749058510253138,15.319171898879361,0.5185408738268631,28.34378725167,128.96336787184853,687.0916540153303,1785888000,687.0916540153303,12.043136574074074,True,0.0,True,False,124.47559593078812,250582.3233,98792.27657651262,4939.613828825632
0x331d4fd3a07c06295f4601e2b92f811a51740c4f,0xddb55e8e4990293d59e948b0b15bb5d3b096ea79,0x08395d90abab0bfb8a7281e5f2f56e3efd957d96726efaabcb2cccf7cb109021,base,1784910022,2026-07-24T16:20:22+00:00,2.1645846303644047,500000000.0,4.329169260728809e-09,17,1.0420711277712755,0.9525520692733347,0.37760212683485145,0.3512451023778981,0.3504340676654233,33.92519023515565,1784851200,33.92519023515565,0.0,True,0.0,True,False,0.3510937694962843,7441.3404,4157.201239317228,207.8600619658614
0xbadfe4ce3339b2664d899221b682ee0a116b4b3d,0xe2b7cd9dbc5a93626700575a1d96a74e1dcc238d,0x6d49b75dfdd71871877528e6d74b076df6ab90ea2aa3d0caa3becb1ba8793181,base,1784911800,2026-07-24T16:50:00+00:00,2.9649863367796243,500000000.0,5.929972673559248e-09,11,2.5476664641358497,0.4748386771653674,0.2967485877236392,0.2613469317375693,0.2613469317375693,7.93581093937984,1784851200,7.93581093937984,0.0,True,0.0,True,False,0.34397725651289884,6480.2884,2773.675455677116,138.6837727838558
0xb1db93897b969798f93b367f9be6fa05780fb9d6,0x0acfd9562ee8d9fb46993d54a6e5b3652d943c12,0xeeb75f95e54338fdc56402405a572e813cb3b616576e2e11f6074ffafa5200e3,base,1785206952,2026-07-28T02:49:12+00:00,1.9106157642575516,500000000.0,3.821231528515104e-09,29,1.1561681573917193,0.518765559107546,1.0028528142598945,,0.6534378898449285,16.165478869012617,1785196800,16.165478869012617,0.0,True,0.0,False,False,0.6534378898449285,9527.2953,5334.946415586314,266.7473207793157
0xaedfcb2e9eb32d80d1c46668975df205f02f5564,0x8818dc82609a9e37dee1dfad3e51379a82d81593,0x9ae444518c3d6eee7b5ab463f13ce142c1dc38289886e7ae5db3dff6b1f551e6,base,1785272294,2026-07-28T20:58:14+00:00,2.330537951123183,500000000.0,4.661075902246366e-09,9,1.6433606881252953,0.21716942197354652,0.20198643363999405,,0.1999319055795963,6.155020982073704,1785196800,6.155020982073704,0.0,True,0.0,False,False,0.2041454941915489,3274.4469,1696.5584062932983,84.82792031466492
0x89d4c7aef3623816b2c55ab68b0c044105b3fb5d,0x12bc14c180c8a46a34177ec6126b7209ad9a9818,0x0efe8767dc4668ff115120fb4f601f086374aaa2f6686419ee29eb13929987de,base,1785421511,2026-07-30T14:25:11+00:00,4.771591734295126,500000000.0,9.543183468590252e-09,28,1.6788067280987415,1.1631115105515302,2.607286262916416,,0.49703503263782944,14.609169530354137,1785888000,14.609169530354137,5.399178240740741,True,0.0,False,False,0.4993613379259326,22013.0236,14056.332438601077,702.8166219300539
0x59466f4c3df086ee2480115a92b81252a97607aa,0x2fd5668857d2b8e45d8891f6d34df10c9a101623,0xc49a236d0e90906c937d95b39d7daf0381ff2638a872949bf6f559940d94a740,base,1785422235,2026-07-30T14:37:15+00:00,3.121394449785459,500000000.0,6.242788899570918e-09,27,1.3863101747631768,1.1220261916098047,0.8460078280089139,,0.2830270328268143,13.45994685344656,1785369600,13.45994685344656,0.0,True,0.0,False,False,0.28393048791394815,9482.9741,5607.3444166825275,280.3672208341264
0x80281ed133d623a6c42273a6643fc92f50e34492,0x6a65ec9022916e8c3ec6bf1c4312966156326bc2,0xc6736cfd4d4d234d0a3a200f5a11d019d5d363190351040daaa272cc81da069e,base,1785423541,2026-07-30T14:59:01+00:00,4.408210629117253,500000000.0,8.816421258234506e-09,14,1.3767177824883887,0.4685693398613449,0.49485488881161105,,0.2589689232518352,2.9733137420959928,1785888000,2.9733137420959928,5.375682870370371,False,,False,False,0.2587089394784567,564.3781,427.1166002656456,21.355830013282283
0xb17aaf93d30020e575ca25565e399f5de2181fcc,0xc98d46ec0ffcd0ba6b09d96122cd643067212132,0x6d55a5f0a4ed8b39d41f7038ba837d2461c1a43dab3ad72b40e066704a4dbffc,base,1785452232,2026-07-30T22:57:12+00:00,2.7873298605688626,500000000.0,5.574659721137725e-09,2,1.4580276874520541,0.36155291269754347,0.3339533193556652,,0.3339533193556652,6.351788791001187,1785369600,6.351788791001187,0.0,True,0.0,False,False,0.36155291269754347,253.1069,199.92105656042892,9.996052828021448
0x19ffe4de79e5c8902beea304901fee7143613853,0x1f693760133e6d6635ab31efca289040e547ee73,0x2c7fc87f56dafe6017ed76c1440cb8f5d06984442f6e1c9d8b9993914cd3b938,base,1785456553,2026-07-31T00:09:13+00:00,7.4699487187078875,500000000.0,1.4939897437415775e-08,23,2.211119342653535,0.446602692764047,0.5233937624282672,,0.4047915670558219,3.4244383023356098,1785888000,3.4244383023356098,4.993599537037037,False,,False,False,0.4178322370563892,21681.558,10875.226940105704,543.7613470052852
0x208453956fc92c923a44fb8d21daccceafe42d98,0xb358766827d7c704d3c52a57b5cf181d1b0ffc6c,0x57296bbb888e68dda1c1fe6cd3b802e121132299b0e97445ad20f2038366f4bc,base,1785458399,2026-07-31T00:39:59+00:00,84.00328319744402,500000000.0,1.6800656639488802e-07,27,1.939297755290228,0.42944573662694363,1.4581555541103663,,0.3112809841316242,4.515964248730141,1785888000,4.515964248730141,4.972233796296297,False,,False,False,0.3090704177046509,188471.8148,98025.06831738309,4901.253415869155
0x683a966d655c108a18265c750b906086397cea28,0xc5c89c413de1ab8d2ee11c06f31cb25fe67a0ce3,0xb4dff99aa29e945f9ed5b81ef359d20e6b9898d5d1af4d7dcbddc87807c7d158,base,1785658086,2026-08-02T08:08:06+00:00,1.7245184990254787,666666666.6666666,2.586777748538218e-09,8,0.4829547152648674,0.12693856763584713,0.1465313536629159,,0.11656707107230979,0.4829547152648674,1785628800,0.4829547152648674,0.0,False,,False,False,0.1284591020379811,1134.503,537.2926570606123,26.864632853030617
0x391cfe4c377c5fd20747ebccbc421d0f1d7b434b,0xc0f62a98f3818bba8deaaf15ebdba1b73f99a02b,0x4b26036b21f8646d588fcb11e45c2c4935821da93369639646d733b9a2749e11,base,1785708116,2026-08-02T22:01:56+00:00,23.09160850425281,500000000.0,4.6183217008505624e-08,20,1.8467773496299664,0.4767001138889928,0.2919093968537754,,0.23542793838493836,1.8927197568693481,1785628800,1.8927197568693481,0.0,False,,False,False,0.23570043646737993,40624.6007,20436.902834981793,1021.8451417490896
0x2603353e8eab550709d072575a9b69c23898ecae,0x0f68bee9880a41cdf9713c24358ffdb4756d53c2,0x079dd44256a62dda9dfd8d738921dbe044c57f338fe102ec03c809dda49771c1,base,1785799882,2026-08-03T23:31:22+00:00,36.84255550291793,500000000.0,7.368511100583587e-08,24,1.1790610670179782,0.4289007930834655,0.5245521218987684,,0.30832302867027195,2.9743251229562273,1785888000,2.9743251229562273,1.0198842592592592,False,,False,False,0.3089811388095599,97287.8364,49459.7648601553,2472.988243007765
0x254174594733d3c12fea0475244649b2beb5a933,0x6235c7259ee3bcf2c42eb002e4da460f951faa5c,0x35ba8e9852146cf8d8263b6ae2ef4e907aac7b49224c0a1dd3eb49bdc8d2777b,base,1785818152,2026-08-04T04:35:52+00:00,1.3538347222328069,500000000.0,2.7076694444656135e-09,1,1.0494911962606661,3.2153584100537924,3.2153584100537924,,3.2153584100537924,3.2419777532924257,1785801600,3.2419777532924257,0.0,False,,False,False,3.129088530355201,25.9563,23.65778386821645,1.1828891934108225
0xd8d697088dcda8d965fb56d77f152117d397c80b,0xb42b0e5a9377e4e20fbf535fe9e115dee1142726,0x9c8eefd3ae474517d40106a7ee63212708e6eb43e90e7c2cfb4efd20a252d2cb,base,1785944788,2026-08-05T15:46:28+00:00,1.018000007840128,500000000.0,2.0360000156802557e-09,1,0.982870953476617,2.5105583613474964,2.5105583613474964,,2.5105583613474964,2.5105583613474964,1785888000,2.5105583613474964,0.0,False,,False,False,2.395413203671355,33.6487,21.159545559437696,1.0579772779718848
0x28855907da68b75fffeb3d62ed038fb041541902,0x6afde683d626bd3bb10d18963a7c5aae2508d528,0x410541850fd36c1e6c51b44d2c36e60175ef40b875eb1d4e8bedec16c77d3979,base,1785962776,2026-08-05T20:46:16+00:00,1.2625291565545562,240329802.99507615,5.253319150685705e-09,7,1.0678279014490686,0.9298336344109872,1.8901992743380707,,0.3760424666248396,3.2374300127067435,1785888000,3.2374300127067435,0.0,False,,False,False,0.2969035774430403,3499.7391,1907.2799462090486,95.36399731045243
0xe23e0663de7c9298ccbfd12411e969bd6b78d54d,0xb3adc540b924622de0ed121a2b81335e94d4df1c,0x8e71331fbfadc2a9e2795fee58ee66747fea2bcfd5222c86fcbd6d8d8c9a782e,base,1785965352,2026-08-05T21:29:12+00:00,56.345330785079895,500000000.0,1.126906615701598e-07,22,2.7522706084490616,1.0071097057475555,0.28080927037632375,,0.2592653961154793,4.119228511380349,1785888000,4.119228511380349,0.0,False,,False,False,0.2592748738086459,106283.8724,61496.69153238758,3074.8345766193793
0x31266cca87c73585c5e19b0b24337150a57fa114,0xdc29db7d4396ed738710a5373a30afc197e7268a,0x59b49dc7fffc03fbc46c37feb700366cfa27d11b35c007a6eaa79adb321477a4,base,1785966549,2026-08-05T21:49:09+00:00,16.136020653142786,500000000.0,3.2272041306285574e-08,21,2.0309373832987503,0.5567792100623373,0.42209642327854796,,0.3170425122360855,5.408648720490499,1785888000,5.408648720490499,0.0,True,0.0,False,False,0.31716599426708186,-12137.9399514818,0.0,0.0
0x7408123a015acbe25c32e9226f5f1696edccace9,0x81189f85f3ea8cbaf85597781f868f99cef399cb,0x400fa9e740178a6f06ecc541b0173c2a527b8cbc2f8a338489c473b06f663267,base,1785973708,2026-08-05T23:48:28+00:00,4.799219325698089,500000000.0,9.598438651396178e-09,7,1.3589483279028685,0.42338305015480115,0.26777018116377344,,0.26660370457963223,1.3790495861725909,1785888000,1.3790495861725909,0.0,False,,False,False,0.26777018116377344,8157.8351,4072.4560882073306,203.62280441036654
0xbdc965bbd7ede36ca5393059b19fac7f9cc17318,0xdea2e41c2f44c0801f82776964c35af49e0217f7,0xba8ae25e3245de54099725dc62114aa0373f3f47a790caf9e052a86de578a91e,base,1785973859,2026-08-05T23:50:59+00:00,10.21252728206659,500000000.0,2.0425054564133177e-08,9,1.4101936433455442,0.8073542799466314,0.30112164717843676,,0.3001962611788992,1.4134663826532854,1785888000,1.4134663826532854,0.0,False,,False,False,0.30103930959026826,23348.9157,11659.884084687217,582.9942042343608
0x0ffd7f268851971c4fc798685ee7b2f295f33e13,0x3bdeeb34309b05cf71444a75ca46125472721513,0xd5a4e3173bf24f18f70a2a46543011bf4e08a8a6039b15dac5777f482197ade4,base,1785975764,2026-08-06T00:22:44+00:00,6.481270393865168,500000000.0,1.2962540787730337e-08,9,1.3522530574139515,0.3907652045219196,0.3382528417368853,,0.334643572581368,1.3522530574139515,1785974400,1.3522530574139515,0.0,False,,False,False,0.3365922379875806,17554.8237,8760.9541757463,438.047708787315
0xfdea0be9a93253143be52c09efc895cf4b526781,0xd7020736a3b5e3ba7978b6bf922b42f8217db584,0xc841ab4651426d43c502f39cc6dbc9593e5f73f6075b496bb9e92fa7d209bd78,base,1785978243,2026-08-06T01:04:03+00:00,10.343274627231933,500000000.0,2.0686549254463868e-08,21,1.199200880170047,6.103714992142676,0.5964131900030204,,0.3572433891210494,10.547101144379656,1785974400,10.547101144379656,0.0,True,0.0,False,False,0.35737257778382664,32106.2915,17092.447936417135,854.6223968208568
0xaa56b0635c01424fe9b2ea838d98b1f1427abf4a,0x1333ebb165f1af1103d907cdacfb70acf9854f6a,0x6d51d2bf1b3641252c0567b9584dc8be9063525d750872d228038f9860553fa0,base,1785978404,2026-08-06T01:06:44+00:00,2.596520050100772,500000000.0,5.1930401002015435e-09,4,1.0719165823450683,0.36259316699826405,0.35346878987681235,,0.35139791001044807,1.6669854951423657,1785974400,1.6669854951423657,0.0,False,,False,False,0.35346878987681235,7257.1423,3624.2465167885553,181.21232583942776
0xe29a448be38f45ea3ea665d0c69093e6278f566e,0x1e59e25336f17e8a9b6cc2ffb370d1cd9c340dd2,0xcfedd9af1f85886b7241dbb0e478d58c23d751ad3accc68949f9ead66a97630f,base,1785979189,2026-08-06T01:19:49+00:00,17.29176310430869,500000000.0,3.458352620861738e-08,17,1.0480092814086697,0.41499777217898637,0.28987008114669577,,0.2731626555729142,2.4330549147383485,1785974400,2.4330549147383485,0.0,False,,False,False,0.27322387534340686,45863.446,23199.52331850614,1159.976165925307
0xcf297c3ebd72ec2207dfd216f20ef7e14b654acb,0x1df1f09c4dd65c76746d53467361d536cdfdc719,0xf5eecbfa6aaad42fc1db776221e88a7da12a5895d9404424f8e419eda9aba56d,base,1785981612,2026-08-06T02:00:12+00:00,70.03461957048762,500000000.0,1.4006923914097524e-07,21,2.2079820797326684,3.001239405770681,0.8827595283798163,,0.5548104399177272,23.21919706225539,1785974400,23.21919706225539,0.0,True,0.0,False,False,0.5561581684004477,236559.8116,139945.29935453733,6997.264967726867
0xa94f37d0cff2130202424473f49cc7988dcf6445,0x2ecefd2aa7c548a63dc08ace7ff3d10da9e88109,0x3eb13a6dec00e734dc4ffbe7228bf99ccee29bf157b07f27839f09f8c2569c45,base,1785984990,2026-08-06T02:56:30+00:00,6.527276078980605,500000000.0,1.305455215796121e-08,16,2.4596457839968524,1.7171158124987904,0.743591505235064,,0.7174023828048302,14.498807069569057,1785974400,14.498807069569057,0.0,True,0.0,False,False,0.721556215376408,18918.6871,9614.81048387059,480.7405241935295
0x972beccfa0dce1163cc0902fa7e9cd8fc5badc5c,0xad9e5fb798d12663911388a8d25eba21d6141401,0x3877fc9cedf347b5d281608108737870280834e11b867979a004cb13205fdf7e,base,1785987117,2026-08-06T03:31:57+00:00,18.868588787683038,500000000.0,3.773717757536608e-08,21,1.7438162033771634,1.321674656594025,0.2826257669964137,,0.31151013856523857,6.600639235935536,1785974400,6.600639235935536,0.0,True,0.0,False,False,0.31151013856523857,44438.9188,23338.45552790087,1166.9227763950437
0xbdc588c778c8b2859b346612e4e10826c65f9e39,0x6e9acbfbdd8b57649ffeacea4d26a81ae1395367,0x9339210baa69fc2391411f8fdcf3e501cb46d2446d665e678e5d8a19dac21e6e,base,1785987593,2026-08-06T03:39:53+00:00,146.2135891793475,500000000.0,2.92427178358695e-07,21,1.7114670327528152,0.32636751398916314,0.25892075711185,,0.25200815468873256,1.7240074965594447,1785974400,1.7240074965594447,0.0,False,,False,False,0.2533994029646187,288803.2735,144928.97629894374,7246.448814947187
0x7ed5a91f7f962316f47d8881a6dcdbe29d6ae7a6,0xc3e0116b789ec0cd42c5b2175eb94b090abdae4e,0x8b639c414959ef5546debebc106a88abc1b9438b103d5834ac40b8be4d75baa2,base,1785993530,2026-08-06T05:18:50+00:00,2.697521323044377,500000000.0,5.395042646088754e-09,3,1.0189121265138072,0.2524263793473832,0.25235859831192187,,0.25235859831192187,1.0236818714727736,1785974400,1.0236818714727736,0.0,False,,False,False,0.25235859831192187,6633.157,3303.219696012827,165.16098480064136
0x9b6a2240486b210cf412487ddc50b925db6abca3,0x11fcb5f8edd3a9be729e83558a2477be4a590c53,0x2e270cbf3bca53c2de4c3f72ac31559380ca11883dffe5d9d995b2ac325f528d,base,1785994088,2026-08-06T05:28:08+00:00,3.750691,500000000.0,7.501382e-09,5,1.0947973780699745,0.2494228730153284,0.2525863219028134,,0.2525863219028134,3.8456583148757257,1786147200,3.8456583148757257,1.7721296296296296,False,,False,False,0.2555639747449203,6723.3188,3345.602949877013,167.28014749385068
0x411010387dd646b3fcb08f1c4ad326de22b9720f,0xd858d967dfbb6b6eaf027b417f26d9af11e19da7,0x2298581723a827709a1e834f6d2fa5f236d2a410469e76b6e31ae0f836319188,base,1785994275,2026-08-06T05:31:15+00:00,21.584675406811147,500000000.0,4.3169350813622295e-08,12,1.4856465040491735,0.2687614019975337,0.25026196755072483,,0.24916661133648965,1.4856465040491735,1785974400,1.4856465040491735,0.0,False,,False,False,0.24919837354488886,44329.1937,22200.403500603636,1110.020175030182
0x12295ee2e2ded3bae813b1904caf27af97ce2d00,0x74aa4c87ecda1e84818f8bc702610996f03f133b,0xe5bdb637d556f7e2dd66fcff1d2d1808279be485e02b78778ebdd45eaa4d0568,base,1785996004,2026-08-06T06:00:04+00:00,50.17074966922977,500000000.0,1.0034149933845954e-07,20,1.229088812709128,0.32926950924021964,0.36495126773787445,,0.3011162653850151,1.5431133562057766,1785974400,1.5431133562057766,0.0,False,,False,False,0.30286553502046915,126504.2811,63276.942189193986,3163.8471094596994
0x64277e6303058549a57f0efc2105280b45e587a7,0x350bbb991f822d3f6c622b6987d7a585c8387850,0x0036290902a8bde44352b46f554072a592dc6a65c721c648274564851e800e0e,base,1785997399,2026-08-06T06:23:19+00:00,4.479015773462823,500000000.0,8.958031546925645e-09,4,1.2474107298404282,0.2743738043997827,0.2625781535955127,,0.2625781535955127,1.286148592958179,1785974400,1.286148592958179,0.0,False,,False,False,0.26707702327986216,7777.889,3837.408557193642,191.8704278596821
0xd10dc5f79f95e953e710f1edebdde0bad2e8fed8,0x9338f732cfed81ec029c4cb95e2fbcab9c637544,0x7b78f7f6cea6ce8c16ba2196cc3f99cf4992123fe235629cd55b13e8b225d234,base,1785998646,2026-08-06T06:44:06+00:00,47.92266871674166,500000000.0,9.584533743348333e-08,19,1.2476185724010875,0.2895695611548199,0.27700603189826756,,0.2703785279854044,1.2647379491555357,1785974400,1.2647379491555357,0.0,False,,False,False,0.27211306277421327,113066.8564,56479.106886059024,2823.9553443029513
0x305b272147bdb734cadd57ca8fc2f52e26dc8034,0x77ee2db3c7c1cb5e2feab79068c72b17bf2da19f,0xae7a79ebc00e2e734244379d7c4514769a78b17f731e4e44322b7818193bd4ad,base,1786000344,2026-08-06T07:12:24+00:00,3.810020224356824,500000000.0,7.620040448713648e-09,6,1.686197501303821,0.24288863042917574,0.2383324761213885,,0.2364753536210166,1.686197501303821,1785974400,1.686197501303821,0.0,False,,False,False,0.2383324761213885,5492.322,2730.9798918755478,136.5489945937774
0xc314f8f4d75b7f03dbd5d48ba341264c3ad2eae7,0x4ef0a5aebcdea805a7c5c3d65c8fdf3968e0c76f,0x4b19befec6a1e8b58e0d538c61ac22f442193288e8af79575b70561ed85636ed,base,1786003285,2026-08-06T08:01:25+00:00,2.779764029318488,500000000.0,5.5595280586369765e-09,4,1.0027938242718235,0.2609843272623662,0.26075956173075265,,0.25585628245119935,1.0027938242718235,1785974400,1.0027938242718235,0.0,False,,False,False,0.2563145659455117,7005.492,3502.255298467453,175.11276492337265
0x7019f8e2d1b9464c85c88aac5fa240ba223d6417,0x129900fbfb11bf5406d9be670baf896621f5aef2,0x64424572081ab41d07ea22056d66d4c0c7d18416bca4be5aa809e3c471fd542b,base,1786003582,2026-08-06T08:06:22+00:00,2.7634541842202047,500000000.0,5.5269083684404096e-09,8,1.020374621000271,0.28817449497272996,0.2808265963728859,,0.2538233039934332,1.023289089343875,1785974400,1.023289089343875,0.0,False,,False,False,0.2539470527722126,6192.0559,3097.424206324134,154.8712103162067
0x687a79f6a33ac28cfea7295b3457776a8abc441d,0x49ae2b07541943879fd17f72965de24ee066357b,0x6f94809cb727988453e7fd1e02aaf76dd6d729f847be8721172f83d477d58be3,base,1786003606,2026-08-06T08:06:46+00:00,22.71816878666924,500000000.0,4.543633757333847e-08,20,1.7641325646824684,0.2929114632225302,0.26028522316963554,,0.2542108371049882,1.7641325646824684,1785974400,1.7641325646824684,0.0,False,,False,False,0.2655737273989597,44435.9373,21643.593556310414,1082.1796778155208
0x56fd24f16ee17fac3ab77815b7c3034b5ffb1b3c,0x4a5f4504a0945d973c29aeae077887122ea218af,0x902e5f7158a6fd3b877d59437c521fef680359893e3916cb3bf708cb0bdc4c0f,base,1786009081,2026-08-06T09:38:01+00:00,12.758329476572138,500000000.0,2.5516658953144278e-08,14,1.5093515111390192,0.27824935429756437,0.25430351512753435,,0.24969664446730766,1.5093515111390192,1785974400,1.5093515111390192,0.0,False,,False,False,0.2498206866724883,25991.583,13000.286257315212,650.0143128657606
0x029307e33d447447bb687c2686701f7f0412f5c4,0x3350666adc0f5b29f5d238e6da953bc0cec2fac6,0xcc723f2c4512b6d77f64d50979bd93ef1dc37dfc2d7fb863029a1406a0bef410,base,1786015364,2026-08-06T11:22:44+00:00,5.38685829227532,500000000.0,1.0773716584550639e-08,10,1.0609090224708033,0.38267093238917216,0.2918416337036819,,0.2862705658978692,1.0609090224708033,1785974400,1.0609090224708033,0.0,False,,False,False,0.29107394263210773,12739.4519,6273.2413134931385,313.66206567465696
0x9a36f2f37d1e865d86f23d07d0bb119e6658caee,0x86ea9babe39b6712faf6860a7e2153f4b269beb1,0x7c6ff9fb16b8233a28c9a47511210604cae26f4ca3fe2313dddaebb80721a202,base,1786015446,2026-08-06T11:24:06+00:00,16.149057028415005,500000000.0,3.229811405683001e-08,15,1.1607850586141368,0.3106861009115921,0.2963457380550549,,0.2749075769734865,1.3626401534477417,1785974400,1.3626401534477417,0.0,False,,False,False,0.2766291164029864,39994.2981,19985.217473188626,999.2608736594314
0x220f5bf6b670e1a6743a3c2c1a1de576f2fdcfe9,0x06a9884a7a130ce20737217caafd283e149d1344,0xe678045573a4893b37c219ba1b15fd0eb9f342e0bba7edd8b4cfecba9c286dc3,base,1786017898,2026-08-06T12:04:58+00:00,4.033152914329217,500000000.0,8.066305828658434e-09,7,1.0420422016851398,0.2593248983346025,0.25418680888124573,,0.25213675295098725,1.0975191829903905,1785974400,1.0975191829903905,0.0,False,,False,False,0.25418680888124573,7570.0608,3770.7589915022118,188.5379495751106
0x93120acae95b0fe465d8c03d8dcc898c9e2aa005,0xb496ba4c62b885452469846ccf732934778eb11b,0x7352111be59dd2a84e6e35c55d71a714b4300def67f89b23768cd1e962c63685,base,1786021575,2026-08-06T13:06:15+00:00,3.9713323547793764,500000000.0,7.942664709558753e-09,8,1.0736729133059848,0.2684407146007865,0.25957603567353366,,0.2581414140431372,1.0736729133059848,1785974400,1.0736729133059848,0.0,False,,False,False,0.25957603567353366,7382.533,3677.6965778159765,183.88482889079884
0x6bb0ec00110b930b24e1ee058e672d761bab1e56,0xe8d8e682687092194a75e3a0a7fef6e10173bc6a,0x49e1733806dc30efa3f62889b5e9958cd510d98948a52c03c1c042d6439705d3,base,1786026422,2026-08-06T14:27:02+00:00,4.026406769588142,500000000.0,8.052813539176284e-09,10,1.0878557922115075,0.31674937163838907,0.2963894368921636,,0.2927292391433536,1.0878557922115075,1785974400,1.0878557922115075,0.0,False,,False,False,0.2936125527768427,10544.5709,5265.884350022592,263.2942175011296
0x474b967bbd9fdd5a33da9464ab3a7174614e3e0e,0x9a5d03de82f2bbe649871837c1ba7f9d879def60,0xf1447c527ec2e2856edebc6a5f1f8e208e66bec8c108750052e1b56700edd8fb,base,1786032184,2026-08-06T16:03:04+00:00,2.6698566426010855,500000000.0,5.339713285202171e-09,19,1.0186939345120456,2.422282462831932,15.296135987694827,,1.006672621732575,78.01098770006102,1786233600,78.01098770006102,2.3312037037037037,True,2.3312037037037037,False,False,1.0115571104292957,19899.9271,8106.584613704358,405.3292306852179
0x46500141f06adfba0ab1e3b94920684a443e65ff,0xf754c5f416397bf208300abf12ca26bdd9975388,0xb318ad5df0d619869877165569ec0d504034c48a7be8a97a486c66d688935f8a,base,1786039525,2026-08-06T18:05:25+00:00,5.365748787306967,500000000.0,1.0731497574613935e-08,8,1.2944463635096746,0.4301938555828843,0.2651750853634149,,0.26140990404300507,3.2134555508601044,1785974400,3.2134555508601044,0.0,False,,False,False,0.263087954091617,12364.2248,6188.634193672597,309.43170968362983
0x7aea6613c3006b21a26dac112fe31279b0fb1c78,0x6ea2b8af6b16c20096065b616873d56c627d2d3b,0x02319d1406fb310bda0becbefe21edbc3b9f8afd22291575dcf70c20aeec38a9,base,1786040711,2026-08-06T18:25:11+00:00,4.678622069815598,500000000.0,9.357244139631195e-09,7,1.0742797971763618,0.2740653778021257,0.2586767283059691,,0.25522441501343557,1.0857954411973638,1785974400,1.0857954411973638,0.0,False,,False,False,0.25653216772550624,11628.5454,5798.785960457816,289.9392980228908
0x9697abab1cecbe6d4f3eec9d11ab1c2a91c4a832,0x4ba3c54e8803a287edd810b15868e7b08268836c,0xc71d09b7be48d7fdc6d09a3b8600b1f84265ce8dc048b285d874fcb469e38d5d,base,1786044482,2026-08-06T19:28:02+00:00,6.264907036153646,500000000.0,1.2529814072307292e-08,6,1.0763237904892555,0.33976698879635153,0.3046231907209677,,0.2776690654283034,1.0864177345749089,1785974400,1.0864177345749089,0.0,False,,False,False,0.2794551136159625,16186.1995,8334.914236378867,416.7457118189434
0x9d908e12c463e6ae0f074bf3af56deded0ca1949,0xe2c24a2394415ea928653f27c74684c95057b13b,0x55fc0e96a45ee4a5c972ab742bbc590a9e3ae1f8b0d6abececa0c47a6c366ce4,base,1786048742,2026-08-06T20:39:02+00:00,51.13679482118437,500000000.0,1.0227358964236874e-07,21,1.149516282811212,0.39139269470771154,0.2839060645174466,,0.2762919903040839,3.024930240805624,1785974400,3.024930240805624,0.0,False,,False,False,0.2763176665705764,130407.9423,66204.78574448303,3310.2392872241517
0xa275975c77dfa4565aa7c53712afba8e099e8625,0xf12c1885c9799ed0a6ffe373f0c3b97adf0497f0,0xed9b6829ee558e5cd9fd536dfa45b6ac07fe55c650d0f6789b20a629bf2a0698,base,1786064852,2026-08-07T01:07:32+00:00,6.1699903872585,500000000.0,1.2339980774517001e-08,9,1.1044160795309044,0.28476108638488856,0.25782126980733466,,0.25694686262114336,1.1044160795309044,1786060800,1.1044160795309044,0.0,False,,False,False,0.2571016288141616,14711.6903,7375.3316764133315,368.7665838206666
0x80f2801635208a69d23d785ea104ff35f6e2d84e,0x7da66d9d7429e8a2bdb65fa2f77058fec8226636,0x5d5b713ae3f93001125195b868fbc6c4761a46dccd72b69c7c7a0017c8c6ae50,base,1786078114,2026-08-07T04:48:34+00:00,3.763579506019619,500000000.0,7.527159012039238e-09,7,1.0104615020068093,0.260992209789395,0.2579905722676046,,0.2577366784068062,2.0816716827744517,1786060800,2.0816716827744517,0.0,False,,False,False,0.25779939512546923,9231.4993,4626.257185650973,231.31285928254866
0xa944a8695eec120ab46beecb7ec336e1cb9e55e1,0xb60e6fa5bd79f7ab99fcaa7bf3a639cd16bda3b7,0xc4f008a88ca27220ad30a91d354cd22f40c15b9339d8103bfb9c97a9e033128f,base,1786133259,2026-08-07T20:07:39+00:00,45.2088027416354,500000000.0,9.04176054832708e-08,21,1.3372021770876061,0.4894404586824072,0.3072325036710583,,0.2828219547667327,2.566680670755902,1786060800,2.566680670755902,0.0,False,,False,False,0.2845090807770817,108192.2281,54742.058647004174,2737.102932350209
0x8a1c8144070ebb3f06a9587be26efea18e83ae43,0x49c62047965eafd1c0e09c4747242e9d3cbd6eb8,0x197cbed112ba96898f323f8ae71fe8de568c9d0efd1a5a62e93c727b16860896,base,1786134558,2026-08-07T20:29:18+00:00,20.23046526106391,500000000.0,4.0460930522127816e-08,14,1.5183023967156213,0.5561705102205314,0.29229244556293893,,0.2558880444539741,1.8602712995830795,1786060800,1.8602712995830795,0.0,False,,False,False,0.25596860924101517,42252.7035,21255.741115247056,1062.7870557623528
0xf07f2a5d0acf20eb904bd417eee733934a35c9d5,0xbda2f6bfbab68a4bdab56dbdf2521809ef9ed7b8,0x717b78506afa0e3c2723ef2512591a5a8e190480295c04185e820be3ea289882,base,1786152523,2026-08-08T01:28:43+00:00,10.109359824793506,500000000.0,2.0218719649587013e-08,8,1.3776281466162938,0.25154105615866895,0.24990104202442887,,0.24691192664756798,1.3776281466162938,1786147200,1.3776281466162938,0.0,False,,False,False,0.24693202629342603,20895.9508,10463.052965814115,523.1526482907058
0x9783d267a6a041d5fec95979df5113bc108ace51,0x024289f1cf86c82a204ace250883963f0dcbe74b,0xacbb561f77dc804738208ff4564c0ac73193c077a957cd7673251ddaf7e9fea3,base,1786159408,2026-08-08T03:23:28+00:00,33.355263113299465,500000000.0,6.671052622659892e-08,14,1.2236714861921485,0.31036833012217696,0.30066641881768574,,0.29197226872855264,1.267403775290956,1786147200,1.267403775290956,0.0,False,,False,False,0.2952226915394769,80548.8751,40121.52381717803,2006.0761908589016
0xf8ec3447f9a3d9cf0057e60d703a3d6ba2500be9,0xd3af6612119362d31d7a6c93ad5e6d01443c855d,0x5679ad24fb114dea80978f70f455f105e17dae68a2b90814cc7cbbc819da5aab,base,1786167284,2026-08-08T05:34:44+00:00,3.042905280212324,500000000.0,6.0858105604246486e-09,9,1.1543035247326885,2.114550555564,1.2338554985245738,,1.1632877847171883,8.355343249741956,1786147200,8.355343249741956,0.0,True,0.0,False,False,1.1843660536575165,20034.5578,7319.175061466484,365.95875307332426
0x7daee544ffa8a638327f2464cdd3093dc0b2c58e,0xb0d7a14bbb9474a4897449027d035c3df7d68abe,0xceaf6e3bf714bc944fab7091f02a84cfecf14da39fe836723b8ef22c238d2b81,base,1786212088,2026-08-08T18:01:28+00:00,3.9967780969432445,500000000.0,7.99355619388649e-09,8,1.2606443385388046,0.4889058979686502,0.2545803316530307,,0.25462665881072344,1.8301998741388403,1786147200,1.8301998741388403,0.0,False,,False,False,0.2560218804934345,6899.6961,3454.7837108199255,172.7391855409963
0xef157c1d06bae3e8641d5af2524109f673e9d041,0x5284539e26a89a1faa60fa23e47dd5a0cea1c1b6,0x643f2501c5263aaa3f15beb7697f1e69adc5291ca5e5e68ee9ea00d555dc00eb,base,1786225473,2026-08-08T21:44:33+00:00,40.24932862513391,540000000.0,7.453579375024799e-08,16,2.24341240559844,0.6241547440932165,0.10105347266434055,,0.0991567070978279,2.24341240559844,1786147200,2.24341240559844,0.0,False,,False,False,0.09807656976514989,40604.4816,22327.34953780847,1116.3674768904236
0xa153887b7449f831a7917641bc18315b3c4f1cf1,0x1ee45c01e5d70c8760a9024e8ac3052e63b680a9,0xb46ffdc8e3f7374eb3b367611dc589062ba74aec97fdc98baed743dfa53ba5a6,base,1786377636,2026-08-10T16:00:36+00:00,13.924420780967317,500000000.0,2.7848841561934633e-08,13,1.2092829948041466,0.3325248879948124,0.2903052873186502,,0.2870600907427132,1.2092829948041466,1786320000,1.2092829948041466,0.0,False,,False,False,0.28741754176250384,34144.6947,16933.32173048554,846.666086524277
0x57851c8805955be3346f075d1afbeee756e5473b,0x256819b2893bbd5f4b441f478ea966e023be6763,0x558d86ff6299e0f250d8bd3aa38a6b924b1d6ac53f9711327b45c5cce2947ff5,base,1786389104,2026-08-10T19:11:44+00:00,1.0400957142857143,500000000.0,2.0801914285714285e-09,1,0.9927710513427913,1.6312946731015525,1.6312946731015525,,1.6312946731015525,4.119509026397149,1786320000,4.119509026397149,0.0,False,,False,False,1.7722552502460043,5304.3354,2514.4871888614516,125.72435944307259
0xf0fe3127d3771e18500331911d26317a56bcba3d,0x1be1803caeab02ad57f03a4a721d0dabe07ed57d,0xa95ae4e5761465c12bbaac14133b51f396dee6f1faf92120a7ce4a0c492b8cb8,base,1786391320,2026-08-10T19:48:40+00:00,1.0400957142857143,650000000.0,1.6001472527472528e-09,1,0.9938008151515481,1.2160363565558674,1.2160363565558674,,1.2160363565558674,5.140589574826274,1786320000,5.140589574826274,0.0,True,0.0,False,False,1.2319032322459265,29.0983,19.949531751418522,0.9974765875709262
0xf13f0fc4b206d1d5864c0ff7e118ede51f573327,0x156a8e1ba73d187f16c32e94603729e02414b08e,0x5fbfb79452bd5759b1fe7104350e06fa576697b0a3f76ca33bdc4e0009251c29,base,1786395604,2026-08-10T21:00:04+00:00,1.6095414959404541,500000000.0,3.219082991880908e-09,1,0.9924498877314818,0.9924498877314818,0.9924498877314818,,0.9924498877314818,0.9924498877314818,1786320000,0.9924498877314818,0.0,False,,False,False,0.9924498877314818,0.0002668647304,1.5020959996692251e-13,7.510479998346126e-15
0xbc2bfe7ab9d533ecea2e6014b9b897172069d2ff,0x4ebeb5a8d78623ede63b7ee79ce6f4834b56723b,0x656ac6798a3a659668ec2e55efe9a93cbd9e7402bb6df59bd1e8db022d34c6c8,base,1786408425,2026-08-11T00:33:45+00:00,10.323017813331992,500000000.0,2.064603562666398e-08,7,1.008000125565404,0.2570923827098963,0.2540629388509812,,0.25399769334594535,1.008000125565404,1786406400,1.008000125565404,0.0,False,,False,False,0.2540369947025216,24977.6923,12396.745893098807,619.8372946549404
0xccf1412db073cb444d7f1b5cfcf7775bb887bb7c,0xff129bcbdca24eafc280357658c003fd61af33c6,0xab5c37f815a5c5c72445b6063221326f73400e835c8204c5e7d4db9448c5e3c4,base,1786411446,2026-08-11T01:24:06+00:00,5.656813274998999,500000000.0,1.1313626549997999e-08,4,1.0554631427175234,0.3479482652243976,0.2949586644936128,,0.2949586644936128,1.0554631427175234,1786406400,1.0554631427175234,0.0,False,,False,False,0.2952453701771667,11207.8291,5562.732787690124,278.13663938450617
0xbd8e97040fbd32c128bf4024bf2d50be8e337fc5,0xe37e4a8b3d14274a3fde3d841de65e83e2a943ac,0x724c52d22bdea025fc0c1097eb6be51a45ef25ba894710e6b5be036f18e93a27,base,1786462941,2026-08-11T15:42:21+00:00,19.10289000322568,500000000.0,3.820578000645136e-08,16,1.3960081761211458,1.7247912737260527,0.43150360072799754,,0.29212331419038184,3.0794474067748485,1786406400,3.0794474067748485,0.0,False,,False,False,0.29383011789288155,45670.0044,22971.463567742692,1148.5731783871347
0xa0266f6b55e610a6e5ff563fbc00a63d9b9626d0,0x8295cf34769a9a02402162e64181b32d08c04f3b,0xf7728f1b3e4e5ba9d080fab8e7c36c37445b38a3e229d0250b7a43029c2e371e,base,1786641900,2026-08-13T17:25:00+00:00,4.745804836499141,500000.0,9.491609672998282e-06,14,1.7722034804012683,0.4337466409374939,0.30751634638790193,,0.29394098933788776,41.55284507042743,1786579200,41.55284507042743,0.0,True,0.0,False,False,0.29272089385633787,15465.4136,10124.759355213058,506.23796776065296
0x35ca92004899d911d77b193070ac2812802d65cb,0xcc6ce478243f4147c1a42ab858fe21e3e56a32dc,0x791e25d6dadea7f9589b056dcd26650db7b0ee4e2671b6a68100e1eb83d1c885,base,1786662232,2026-08-13T23:03:52+00:00,12.435790696405789,500000000.0,2.4871581392811577e-08,12,1.0366017483916736,0.4620248678319719,0.2675710598180916,,0.26166974494497414,1.0502961446665298,1786579200,1.0502961446665298,0.0,False,,False,False,0.26169897541696374,30828.3743,15326.583689734583,766.3291844867292
0x873c5c95f36293fbd77b31ee16bfbb6c4c3359a0,0x55d85b60a35e31931e8b795d504268edb536dba2,0xbb16af7ea73038a10d842c2a001a820141f9427f955da8e711a8c955a3e377fc,base,1786664925,2026-08-13T23:48:45+00:00,2.664092870992058,500000000.0,5.328185741984116e-09,7,1.0728214701667265,0.5405579305332456,0.2568657474948234,,0.25441158513669004,1.0728214701667265,1786579200,1.0728214701667265,0.0,False,,False,False,0.2549306593711311,6078.6306,3010.28674022176,150.514337011088
0x9c6ef3e1a611abd8d3ae4fe64dad9115ed53730b,0xb851cebcbcf1dc5f07d9f0a8276cae8d953b3713,0x57210a17c7116990f590d033ee309f4b72ca44100e767d2ad91c284444bd36fd,base,1786739988,2026-08-14T20:39:48+00:00,81.05138497177289,500000000.0,1.6210276994354578e-07,13,1.147508421246242,0.6086202146849988,0.5037200584597452,,0.4292920525411327,1.8982314063772703,1786665600,1.8982314063772703,0.0,False,,False,False,0.43277836215375265,254312.1888,126598.36739163393,6329.918369581697
0x9c0eca2dcfba5d59c9714712408959fe1087cbde,0xd663101f6fb7480eb1c7f9ad03fea27a2c334ecb,0x4603c0c0d08c17357f7d9ac005bb64740d76b165c667a4dd7c359d46db68a232,base,1786996316,2026-08-17T19:51:56+00:00,2.001009491214342,500000000.0,4.002018982428683e-09,1,1.1445884130947919,0.7519693917262693,0.7519693917262693,,0.7519693917262693,1.4246130502680139,1786924800,1.4246130502680139,0.0,False,,False,False,0.717263599731677,21.0422,8.510578434707563,0.42552892173537815
0x167ce8feac3f1498834c0315a506b5fc04f5be0c,0x08867937065593aeba357fe850c95f74d23e732f,0xc5dbb8d3567d2c402d5d14952dacf4c88179a4b1908efb75895f2a66e184605c,base,1787001909,2026-08-17T21:25:09+00:00,1.112700858593349,500000000.0,2.225401717186698e-09,2,1.0258068578643655,2.3226525982801176,2.3220910525950855,,2.3220910525950855,2.3624815516801814,1786924800,2.3624815516801814,0.0,False,,False,False,2.3226525982801176,27.2707,19.194715896787354,0.9597357948393678
0x11df3c186d664eeeef42f7d76414ec9eaeab94e3,0x08c38cd88cb4170837de8c9865a53441fe083eb8,0x538196c40bb051aec18c2eec80ebb5c74803d059df4fcf187a50c57b8a3b2cc7,base,1787068856,2026-08-18T16:00:56+00:00,1.075,500000000.0,2.15e-09,1,1.0220108418090001,3.3175661802307537,3.3175661802307537,,3.3175661802307537,3.3175661802307537,1787011200,3.3175661802307537,0.0,False,,False,False,3.2425056161849026,30.7751,24.71986608128991,1.2359933040644957
0x0ef2564d04213e0ef26f49b04f17b30fcb459826,0xa74ecc679a1e0c0dd106b1151652745ea6616571,0x34f52f7c85adc31fafc46fc0be3bb4ebb4af458a8b489547a7fd8789f9afdeaa,base,1787087106,2026-08-18T21:05:06+00:00,2.6181657042286233,500000000.0,5.236331408457246e-09,6,0.7707650128641094,0.26102624771167593,0.2572993206639588,,0.2562791335045017,0.877311803806468,1787011200,0.877311803806468,0.0,False,,False,False,0.2572993206639588,6618.9258,3271.8438655917744,163.59219327958874
0x490bd798ed933c2cf33f970158c76f48861a3b1a,0xd7f12b67dd2a979b83ed4062852e2b7e0d732ddf,0x8ff57c175fbae39f5c509eddb86ca2857d0a18115cee558bd3e4fe92db140310,base,1787686222,2026-08-25T19:30:22+00:00,5.014752402357,558000000.0,8.987011473758064e-09,2,1.531785633070751,0.19587487012986085,0.17766813398068487,,0.17766813398068487,6.1826908531663145,1787616000,6.1826908531663145,0.0,True,0.0,False,False,0.17933441721321067,10653.0209,6304.058121496708,315.2029060748354
0xcde14842a6655ab9b17c773c3b3b88c4438554ec,0x0f5c38d1860fb3146bedb66d030bdb6a7bb54966,0xce373808885e343495db877d8b02eb70066b1f364a1bd1bb849e87807bc02b19,base,1787783866,2026-08-26T22:37:46+00:00,1.05,500000000.0,2.1e-09,1,1.0190409636042,2.253958397070571,2.253958397070571,,2.253958397070571,2.5880417551497237,1787702400,2.5880417551497237,0.0,False,,False,False,2.4205095919456663,8192.2339,3979.391481426153,198.96957407130765
