token,pool_id,raised_eth,issue_vwap_eth_per_token,daily_max_30d_x,hourly_max_30d_x,hourly_vs_daily_max_ratio,peak_hour_timestamp,peak_hour_days_after_migration,hours_high_ge_5x,hours_close_ge_5x,hours_low_ge_5x,longest_consecutive_hour_close_ge_5x,longest_consecutive_hour_low_ge_5x,peak_hour_volume_eth,peak_hour_candles_observed,peak_minute_high_x,minutes_high_ge_5x_in_peak_hour,minutes_close_ge_5x_in_peak_hour,minutes_low_ge_5x_in_peak_hour,longest_consecutive_minute_close_ge_5x,longest_consecutive_minute_low_ge_5x,max_minute_volume_eth_in_peak_hour,peak_hour_volume_ge_0_2_eth,triage_persistent_5x
0xddb55e8e4990293d59e948b0b15bb5d3b096ea79,0x08395d90abab0bfb8a7281e5f2f56e3efd957d96726efaabcb2cccf7cb109021,2.1645846303644047,4.329169260728809e-09,33.92519023515565,33.92519023515565,1.0,1784908800,0.0,1,0,0,0,0,250.73965354607094,38,33.92519023515565,19,17,16,17,16,23.685972173770274,True,True
0x85be654b61303dd91897a754972e5f8600ac0416,0x17677bb6507416bc4741135d8220d252c2515ba957e17a942ee76173de5a925a,2.9018224552219065,5.803644910443813e-09,13.33108193764742,13.33108193764742,1.0,1784491200,6.0832291666666665,36,29,22,23,15,2.3835923005182833,16,13.33108193764742,16,16,16,7,7,0.5742,True,True
0x4a6eec8a30b49d289b9fc865fd374b4d61eab8fb,0x1f00bab0dfb60102287e2508b7d41a0a97a9dec2c9317bc9c81a4fb91a731be3,2.1049486488490956,4.209897297698192e-09,687.0916540153303,687.0916540153303,1.0,1785909600,12.293136574074074,572,566,559,555,553,194.48516617867915,60,687.0916540153303,60,60,60,60,60,23.334237003494493,True,True
0xf5e5f4d3c34a14b2fdfd59584fe555cd5e21f196,0x3f66e1430c12a7a64839f43050165db6d1bf1ae5bd7df11e47a37a8e73bc00ef,2.7118376804273705,6.9732968925275235e-09,8.365867409994495,8.365867409994495,1.0,1784325600,0.37296296296296294,79,77,75,28,28,0.4399343154346305,10,8.365867409994495,10,10,10,2,2,0.099,True,False
0xbe4f4bc2ecdca72a6e0d9c963ad71a5869a9fa65,0x4dfca89eb922ce39226d9f004fa737b8ce0959d68c509f7ddb711477350f53a1,2.8397581002236896,5.67951620044738e-09,217.05917849203638,217.05917849203638,1.0,1783958400,0.007291666666666667,246,230,225,217,215,1942.8752050604626,60,217.05917849203638,60,60,60,60,60,88.96115316270115,True,True
0x688db8ab311e39a9e3343e861ff5420b1b7bdde8,0x529d1c9db233b932c9e06328dc579bfd51671e19b7dda6a811cc7a78d9e4f171,2.530785525851164,5.061571051702328e-09,15.346725808454185,15.346725808454185,1.0,1783958400,0.0,2,1,0,1,0,212.09772537800882,17,15.346725808454185,17,15,10,13,8,18.717617232975407,True,True
0xe2b7cd9dbc5a93626700575a1d96a74e1dcc238d,0x6d49b75dfdd71871877528e6d74b076df6ab90ea2aa3d0caa3becb1ba8793181,2.9649863367796243,5.929972673559248e-09,7.93581093937984,7.93581093937984,1.0,1784908800,0.0,1,0,0,0,0,56.474508997143545,10,7.93581093937984,7,4,0,3,0,9.634001988502654,True,False
0xb72808e26208a6fa75466e02b36780f90da84400,0x74a5d2182421b83ca2f62cd5b4d80ee812c377a3fb78ad1bcec6853675043652,3.506644112388114,7.013288224776228e-09,7.737551581793026,7.737551581793026,1.0,1783965600,0.0,1,0,0,0,0,51.44577913082441,27,7.737551581793026,2,1,0,1,0,21.097028443693905,True,False
0x8af8a4b49cc3e7b68e13f37dc3e4651d7ebee0eb,0x86ebe85fdd917cc2528d69d4b0a99e9fbf23750ab4d4e83469afb8b58392d70a,1.0094360664053266,2.0188721328106532e-10,10.715584976581512,10.715584976581507,0.9999999999999996,1783962000,0.0,1,0,0,0,0,28.81294831676592,43,10.715584976581507,3,1,0,1,0,8.502397766351294,True,False
0x38673a2ea3a527214422c9dc0c83ac3bbd83bc72,0xb9c092777fe7fe978ab4dc7bac7b4f637c487a7aee97a51d2e36069099f53aec,1.221890872055557,2.4437817441111144e-09,39.51781856277489,39.51781856277489,1.0,1783990800,0.34792824074074075,302,274,236,52,51,58.75706215288232,59,39.51781856277489,59,59,59,58,58,5.325110933026104,True,True
0xff0a037e3ecd3560b93e6b2163fea48b81feefd1,0xc38ad275369425047272f9b96f87c564005f2e1935ea89dfbce361b325fda901,1.0838318870966164,2.167663774193233e-09,139.14198774555857,139.14198774555857,1.0,1785949200,23.057430555555555,301,290,276,172,171,53.73293191950799,58,139.14198774555857,58,58,58,47,47,5.468077070677368,True,True
0x8ad265268d66a551cf282cc1fdd0af2231accb0c,0xcf58708b8003d0ed4d493b02b3607d7a5facb854244808b2e080fd9201a004e2,1.0037389496780564,2.007477899356113e-09,123.69664090284564,123.69664090284564,1.0,1785452400,17.23638888888889,142,127,111,74,73,189.8587097317622,60,123.69664090284564,60,60,60,60,60,24.126639740250887,True,True
0x577be142874bf666baf422b41a6099725cb12949,0xcf711c4f9a41b9e8656116f42c1f7414dedd97e34d112063c12343afac6ac318,1.1039593202797315,2.2079186405594633e-09,6.381657724874272,6.381657724874272,1.0,1783962000,0.0,1,0,0,0,0,14.851934223450197,18,6.381657724874272,2,0,0,0,0,5.964240242738933,True,False
0x7d7285afa84703021eb63ce75910b155b824c9c2,0xddcfc96c1929a96302f9a6eef7a8ff621927228b7b15def509bded85f3b4b226,1.34,2.68e-09,132.8847894967429,132.8847894967429,1.0,1784883600,2.631400462962963,122,121,120,40,39,10.276364297816345,40,132.8847894967429,40,40,40,8,8,2.64030330612514,True,True
0x93137ff8f11801b24f97d655a7097c1910857bf5,0xe764e515249dd959799850965d0b42fb39409861771f33c559ec2081122059bc,1.4373840641007072,5.749536256402828e-09,6.4739241216664345,6.4739241216664345,1.0,1783972800,0.0,1,0,0,0,0,14.758388437157622,45,6.4739241216664345,1,0,0,0,0,4.416431839041165,True,False
