city,pubdate,action,level_cn,level_en,response_level,title,act_id
邢台市,2020-01-12,lift,红色,red,I,邢台市大气污染防治工作领导小组办公室关于解除重污染天气红色预警的通知,10182
邢台市,2020-01-14,raise,橙色,orange,II,邢台市大气污染防治工作领导小组办公室关于启动重污染天气橙色预警的通知,10208
邢台市,2020-01-17,upgrade,红色,red,I,邢台市大气污染防治工作领导小组办公室关于重污染天气橙色预警升级为红色预警的通知,10225
邢台市,2020-01-26,upgrade,红色,red,I,邢台市大气污染防治工作领导小组办公室关于重污染天气橙色预警升级为红色预警的通知,10271
邢台市,2020-02-15,lift,红色,red,I,邢台市大气污染防治工作领导小组办公室关于解除重污染天气红色预警的通知,10487
邢台市,2020-02-19,raise,橙色,orange,II,邢台市大气污染防治工作领导小组办公室关于启动重污染天气橙色预警的通知,10376
邢台市,2020-03-01,lift,橙色,orange,II,邢台市大气污染防治工作领导小组办公室关于解除重污染天气橙色预警的通知,10509
邢台市,2020-10-21,raise,橙色,orange,II,关于启动重污染天气橙色预警的通知,31122
邢台市,2020-10-27,lift,橙色,orange,II,邢台市大气污染防治工作领导小组办公室关于解除重污染天气橙色预警的通知,15847
邢台市,2020-11-08,raise,橙色,orange,II,邢台市大气污染防治工作领导小组办公室关于启动重污染天气橙色预警的通知,16088
邢台市,2020-11-18,lift,橙色,orange,II,邢台市大气污染防治工作领导小组办公室关于解除重污染天气橙色预警的通知,16230
邢台市,2020-11-23,raise,橙色,orange,II,邢台市大气污染防治工作领导小组办公室关于启动重污染天气橙色预警的通知,16347
邢台市,2020-11-26,lift,橙色,orange,II,关于解除重污染天气橙色预警的通知,16460
邢台市,2020-11-30,raise,橙色,orange,II,关于启动重污染天气橙色预警的通知,16548
邢台市,2020-12-12,lift,橙色,orange,II,关于解除重污染天气橙色预警的通知,16820
邢台市,2020-12-18,raise,橙色,orange,II,关于启动重污染天气橙色预警的通知,17271
邢台市,2020-12-28,lift,橙色,orange,II,关于解除重污染天气橙色预警的通知,17107
邢台市,2021-01-20,raise,橙色,orange,II,关于启动重污染天气橙色预警的通知,17493
邢台市,2021-01-27,lift,橙色,orange,II,关于解除重污染天气橙色预警的通知,17545
邢台市,2021-02-08,raise,橙色,orange,II,关于启动重污染天气橙色预警的通知,17745
邢台市,2021-02-15,lift,橙色,orange,II,关于解除重污染天气橙色预警的通知,17791
邢台市,2021-02-24,raise,橙色,orange,II,关于启动重污染天气橙色预警的通知,17847
邢台市,2021-03-02,raise,橙色,orange,II,关于启动重污染天气橙色预警的通知,17908
邢台市,2021-03-15,lift,橙色,orange,II,关于解除重污染天气橙色预警的通知,18153
邢台市,2021-10-28,raise,橙色,orange,II,关于启动重污染天气橙色预警的通知,22973
邢台市,2021-11-07,lift,橙色,orange,II,关于解除重污染天气橙色预警的通知,23125
邢台市,2021-11-16,raise,橙色,orange,II,关于启动重污染天气橙色预警的通知,23258
邢台市,2021-11-19,lift,橙色,orange,II,关于解除重污染天气橙色预警的通知,23349
邢台市,2021-11-24,raise,橙色,orange,II,关于发布重污染天气预警启动Ⅱ级（橙色）应急响应的通知,23407
邢台市,2021-11-30,lift,橙色,orange,II,关于解除重污染天气橙色预警的通知,23481
邢台市,2021-12-03,raise,橙色,orange,II,关于发布重污染天气预警启动Ⅱ级（橙色） 应急响应的通知,23566
邢台市,2021-12-06,lift,橙色,orange,II,关于解除重污染天气橙色预警的通知,23587
邢台市,2021-12-08,raise,橙色,orange,II,关于发布重污染天气预警启动Ⅱ级（橙色） 应急响应的通知,23622
邢台市,2021-12-16,lift,橙色,orange,II,关于解除重污染天气橙色预警的通知,23756
邢台市,2021-12-19,raise,橙色,orange,II,关于发布重污染天气预警启动Ⅱ级（橙色） 应急响应的通知,23808
邢台市,2021-12-24,lift,橙色,orange,II,关于解除重污染天气橙色预警的通知,23885
邢台市,2021-12-25,raise,橙色,orange,II,关于发布重污染天气预警启动Ⅱ级（橙色）应急响应的通知,23898
邢台市,2021-12-30,lift,橙色,orange,II,关于解除重污染天气橙色预警的通知,24000
邢台市,2022-01-04,raise,橙色,orange,II,关于发布重污染天气预警启动Ⅱ级（橙色） 应急响应的通知,24043
邢台市,2022-01-30,lift,橙色,orange,II,关于解除重污染天气橙色预警的通知,24394
邢台市,2022-11-03,raise,橙色,orange,II,关于发布重污染天气预警启动Ⅱ级（橙色）应急响应的通知,27616
邢台市,2022-11-12,lift,橙色,orange,II,关于解除重污染天气橙色预警的通知,27656
邢台市,2022-11-16,raise,橙色,orange,II,关于发布重污染天气预警启动Ⅱ级（橙色） 应急响应的通知,27720
邢台市,2022-11-20,lift,橙色,orange,II,关于解除重污染天气橙色预警的通知,27730
邢台市,2022-11-23,raise,橙色,orange,II,关于发布重污染天气预警启动Ⅱ级（橙色） 应急响应的通知,27750
邢台市,2022-11-28,lift,橙色,orange,II,关于解除重污染天气橙色预警的通知,27763
邢台市,2022-12-05,raise,橙色,orange,II,关于发布重污染天气预警启动Ⅱ级（橙色）应急响应的通知,27962
邢台市,2022-12-12,lift,橙色,orange,II,关于解除重污染天气橙色预警的通知,27963
邢台市,2022-12-23,raise,橙色,orange,II,关于发布重污染天气预警启动Ⅱ级（橙色）应急响应的通知,28176
邢台市,2023-01-06,lift,橙色,orange,II,关于解除重污染天气橙色预警的通知,28177
邢台市,2023-01-09,raise,橙色,orange,II,关于发布重污染天气预警启动Ⅱ级（橙色）应急响应的通知,28217
邢台市,2023-01-14,lift,橙色,orange,II,关于解除重污染天气橙色预警的通知,28428
邢台市,2023-02-03,raise,橙色,orange,II,关于发布重污染天气预警启动Ⅱ级（橙色） 应急响应的通知,28441
邢台市,2023-02-08,lift,橙色,orange,II,关于解除重污染天气橙色预警的通知,28481
邢台市,2023-02-16,raise,橙色,orange,II,关于发布重污染天气预警启动Ⅱ级（橙色）应急响应的通知,28581
邢台市,2023-02-19,lift,橙色,orange,II,关于解除重污染天气橙色预警的通知,28597
邢台市,2023-02-24,raise,橙色,orange,II,关于启动重污染天气橙色预警的通知,28655
邢台市,2023-03-01,lift,橙色,orange,II,关于解除重污染天气橙色预警的通知,28733
邢台市,2023-03-04,raise,橙色,orange,II,关于发布重污染天气预警启动Ⅱ级（橙色） 应急响应的通知,28747
邢台市,2023-03-10,lift,橙色,orange,II,关于解除重污染天气橙色预警的通知,28840
邢台市,2023-03-17,raise,橙色,orange,II,关于发布重污染天气预警启动Ⅱ级（橙色） 应急响应的通知,28999
邢台市,2023-03-22,lift,橙色,orange,II,关于解除重污染天气橙色预警的通知,29039
邢台市,2023-10-26,raise,橙色,orange,II,关于发布重污染天气预警启动Ⅱ级（橙色）应急响应的通知,31123
邢台市,2023-11-03,lift,橙色,orange,II,关于解除重污染天气橙色预警的通知,31208
邢台市,2023-11-10,raise,橙色,orange,II,关于发布重污染天气预警启动Ⅱ级（橙色） 应急响应的通知,31247
邢台市,2023-11-16,lift,橙色,orange,II,关于解除重污染天气橙色预警的通知,31278
邢台市,2023-11-18,raise,橙色,orange,II,关于发布重污染天气预警启动Ⅱ级（橙色） 应急响应的通知,31395
邢台市,2023-11-22,lift,橙色,orange,II,关于解除重污染天气橙色预警的通知,31396
邢台市,2023-12-01,raise,橙色,orange,II,关于发布重污染天气预警启动Ⅱ级（橙色） 应急响应的通知,31400
邢台市,2023-12-06,lift,橙色,orange,II,关于解除重污染天气橙色预警的通知,31421
邢台市,2023-12-18,raise,橙色,orange,II,关于发布重污染天气预警启动Ⅱ级（橙色）应急响应的通知,31490
邢台市,2023-12-22,upgrade,,,,关于重污染天气预警升级的通知,31550
邢台市,2023-12-31,lift,橙色,orange,II,关于解除重污染天气橙色预警的通知,31635
邢台市,2024-01-10,raise,橙色,orange,II,关于发布重污染天气预警启动Ⅱ级（橙色） 应急响应的通知,31737
邢台市,2024-01-14,lift,橙色,orange,II,关于解除重污染天气橙色预警的通知,31745
邢台市,2024-01-24,raise,橙色,orange,II,关于发布重污染天气预警启动Ⅱ级（橙色） 应急响应的通知,31824
邢台市,2024-01-31,lift,橙色,orange,II,关于解除重污染天气橙色预警的通知,31987
邢台市,2024-02-21,raise,橙色,orange,II,关于发布重污染天气预警启动Ⅱ级（橙色） 应急响应的通知,32082
邢台市,2024-02-29,lift,橙色,orange,II,关于解除重污染天气橙色预警的通知,32161
邢台市,2024-03-12,raise,橙色,orange,II,关于发布重污染天气预警启动Ⅱ级（橙色）应急响应的通知,32260
邢台市,2024-03-19,lift,橙色,orange,II,关于解除重污染天气橙色预警的通知,32277
邢台市,2024-10-02,raise,橙色,orange,II,关于发布重污染天气预警启动Ⅱ级（橙色） 应急响应的通知,33762
邢台市,2024-10-15,lift,橙色,orange,II,关于解除重污染天气橙色预警的通知,33838
邢台市,2024-10-21,raise,橙色,orange,II,关于发布重污染天气预警启动Ⅱ级（橙色） 应急响应的通知,33839
邢台市,2024-11-02,lift,橙色,orange,II,关于解除重污染天气橙色预警的通知,33924
邢台市,2024-11-06,raise,橙色,orange,II,关于发布重污染天气预警启动Ⅱ级（橙色） 应急响应的通知,33942
邢台市,2024-11-14,lift,橙色,orange,II,关于解除重污染天气橙色预警的通知,34012
邢台市,2024-11-19,raise,橙色,orange,II,关于发布重污染天气预警启动Ⅱ级（橙色） 应急响应的通知,34040
邢台市,2024-11-25,lift,橙色,orange,II,关于解除重污染天气橙色预警的通知,34073
邢台市,2024-12-22,raise,橙色,orange,II,关于发布重污染天气预警启动Ⅱ级（橙色） 应急响应的通知,34339
邢台市,2024-12-26,lift,橙色,orange,II,关于解除重污染天气橙色预警的通知,34381
邢台市,2025-01-16,raise,橙色,orange,II,关于发布重污染天气预警启动Ⅱ级（橙色） 应急响应的通知,34572
邢台市,2025-01-22,lift,橙色,orange,II,关于解除重污染天气橙色预警的通知,34626
邢台市,2025-03-05,raise,橙色,orange,II,关于发布重污染天气预警启动Ⅱ级（橙色） 应急响应的通知,34846
邢台市,2025-03-12,lift,橙色,orange,II,关于解除重污染天气橙色预警的通知,34895
邢台市,2025-10-26,raise,橙色,orange,II,关于发布重污染天气预警启动Ⅱ级（橙色） 应急响应的通知,36764
邢台市,2025-11-16,lift,橙色,orange,II,关于解除重污染天气橙色预警的通知,36922
邢台市,2025-12-07,raise,橙色,orange,II,关于发布重污染天气预警启动Ⅱ级（橙色） 应急响应的通知,37180
邢台市,2025-12-11,lift,橙色,orange,II,关于解除重污染天气橙色预警的通知,37228
邢台市,2025-12-13,raise,橙色,orange,II,关于发布重污染天气预警启动Ⅱ级（橙色） 应急响应的通知,37313
邢台市,2025-12-20,lift,橙色,orange,II,关于解除重污染天气橙色预警的通知,37343
邢台市,2025-12-25,raise,红色,red,I,关于发布重污染天气预警启动Ⅰ级（红色） 应急响应的通知,37387
邢台市,2025-12-31,lift,红色,red,I,关于解除重污染天气红色预警的通知,37436
邢台市,2026-01-01,raise,橙色,orange,II,关于发布重污染天气预警启动Ⅱ级（橙色） 应急响应的通知,37438
邢台市,2026-01-06,lift,橙色,orange,II,关于解除重污染天气橙色预警的通知,37465
邢台市,2026-01-11,raise,橙色,orange,II,关于发布重污染天气预警启动Ⅱ级（橙色） 应急响应的通知,37523
邢台市,2026-01-16,lift,橙色,orange,II,关于解除重污染天气橙色预警的通知,37526
邢台市,2026-01-21,raise,橙色,orange,II,关于发布重污染天气预警启动Ⅱ级（橙色） 应急响应的通知,37573
邢台市,2026-01-24,upgrade,橙色,orange,II,关于将重污染天气橙色预警升级的通知,37574
邢台市,2026-03-15,lift,橙色,orange,II,关于解除重污染天气橙色预警的通知,37881
邢台市,2026-03-25,raise,橙色,orange,II,关于发布重污染天气预警启动Ⅱ级（橙色） 应急响应的通知,37954
邢台市,2026-03-29,lift,橙色,orange,II,关于解除重污染天气橙色预警的通知,37966
邢台市,2026-04-16,raise,橙色,orange,II,关于发布重污染天气预警启动Ⅱ级（橙色） 应急响应的通知,38220
邢台市,2026-04-20,lift,橙色,orange,II,关于解除重污染天气橙色预警的通知,38222
