enterprise,match_level,numbered_line_ports,shared_ports,platform_name,platform_id,industry,city,county,lines,float_lines,design_tpd,float_tpd,platform_ports,gas_ports,port_names
石家庄玉晶玻璃有限公司,exact,0,0,石家庄玉晶玻璃有限公司,87dee99505a64f47b8600da06e9b6190,玻璃,石家庄市,行唐县,2,0,2000,0,3,2,1号熔窑烟气排放口|2号熔窑烟气排放口|污水排放口
秦皇岛奥华玻璃有限公司,exact,0,0,秦皇岛奥华玻璃有限公司,858154b9a83e4a659abf083778342f73,玻璃,秦皇岛市,昌黎县,1,0,920,0,2,1,污水排放口|熔窑烟气排口
中国耀华玻璃集团有限公司,alias,0,0,耀华（秦皇岛）玻璃有限公司,dea2768c78b24632ad4a699c8de2da91,玻璃,秦皇岛市,经济技术开发区,3,3,2110,2110,2,2,熔窑烟气排口|玻璃熔窑燃烧废气排放口
秦皇岛北方玻璃有限公司,exact,0,1,秦皇岛北方玻璃有限公司,d3bdfc88bc6644d2bbbb71db7d541a1f,玻璃,秦皇岛市,经济技术开发区,2,0,3600,0,2,2,熔窑排气筒|镀膜、丝印废气排放筒
唐山市蓝欣玻璃有限公司,exact,3,1,唐山市蓝欣玻璃有限公司,8ded0e524f30414192e506120d692076,玻璃,唐山市,汉沽管理区,3,3,1800,1800,4,4,备用线烟气治理设施出口|高架源浮法一线脱硫塔出口|高架源浮法三线脱硫塔出口|高架源浮法二线脱硫塔出口
河北润安建材有限公司,exact,0,0,河北润安建材有限公司,087fb695a0cb4103bde0919aa8557253,玻璃,唐山市,迁安市,2,2,1400,1400,1,1,高架源脱硫后
唐山金信新能源科技有限公司,exact,0,0,唐山金信新能源科技有限公司,fc9e2f7864e84832aee2338b84d53b02,玻璃,唐山市,迁西县,1,0,2100,0,2,2,三期窑炉烟气排放口|二期窑炉烟气出口
唐山金信太阳能玻璃有限公司,exact,0,0,唐山金信太阳能玻璃有限公司,143c5fa0ccae488fae7c18edcd055a70,玻璃,唐山市,迁西县,1,0,500,0,2,2,1号窑炉出口|高架源2号窑炉
唐山飞远科技有限公司,none,0,0,,,,,,1,0,2000,0,0,0,
廊坊金彪玻璃有限公司,exact,0,0,廊坊金彪玻璃有限公司,1e37ba36d9b747079990efc78f5fba54,玻璃,廊坊市,霸州市,2,1,1200,600,2,2,排气口1|排气口2
河北南玻玻璃有限公司,exact,0,0,河北南玻玻璃有限公司,b389eb718fe049c6ad4c2b67df700f78,玻璃,廊坊市,永清县,2,1,1500,600,2,2,一口600t排气|二口900t排气
南和县长红玻璃有限公司,exact,2,1,南和县长红玻璃有限公司,6bf0397113bb4f44ae6f0d9c5d582960,玻璃,邢台市,南和区,2,2,1200,1200,3,3,1线脱硫出口|2线脱硫出口|备用设备排放口
河北鑫利玻璃有限公司,exact,4,1,河北鑫利玻璃有限公司,fdfb856bdd1b401bb0e68e68faa2ff41,玻璃,邢台市,沙河市,4,4,2700,2700,5,5,备用设备排放口|玻璃一线烟气排口|玻璃三线烟气排气|玻璃二线烟气排口|玻璃四线烟气排口
沙河市海生玻璃有限公司,none,0,0,,,,,,2,2,1200,1200,0,0,
河北正大玻璃有限公司,exact,2,1,河北正大玻璃有限公司,9dfc64d77ea04c729f700936637c84e6,玻璃,邢台市,沙河市,3,3,1700,1700,4,4,一线脱硫总排口|二线脱硫总排口|备用设备烟气排放口|新一线玻璃熔窑废气排放口
河北金宏阳太阳能科技股份有限公司,exact,0,1,河北金宏阳太阳能科技股份有限公司,c07be645c8b040cfa6ece262e9157987,玻璃,邢台市,沙河市,4,3,2700,1800,3,3,1#熔窑备用烟气排放口|1#熔窑烟气排放口|2#熔窑烟气排放口
河北德金玻璃有限公司,exact,6,2,河北德金玻璃有限公司,345866ca2dfd402e8611bfc8aeccefb0,玻璃,邢台市,沙河市,6,6,4400,4400,8,8,一线、二线备用设备排放口|五线、六线备用设备排放口|玻璃一线脱硫出口|玻璃三线脱硫出口|玻璃二线脱硫出口|玻璃五线脱硫出口|玻璃六线脱硫出口|玻璃四线脱硫出口
沙河市鸿昇玻璃有限公司,exact,0,1,沙河市鸿昇玻璃有限公司,ff8c009ad08d4b93a9bfeab9e82e6231,玻璃,邢台市,沙河市,1,1,230,230,2,2,备用设备脱硫出口|锅炉烟囱
沙河市长城玻璃有限公司,exact,6,1,沙河市长城玻璃有限公司,87a0c8ae22854f70b2a6622b23ead963,玻璃,邢台市,沙河市,8,8,5600,5600,8,8,玻璃熔窑1--4线备用排放口|玻璃熔窑3线烟气排口|玻璃熔窑4线脱硫出口|玻璃熔窑7线、8线备用排放口|玻璃熔窑8线脱硝出口|玻璃窑炉1线脱硫出口|玻璃窑炉2线脱硫出口|玻璃窑炉7线脱硫出口
沙河市安全实业有限公司,exact,7,3,沙河市安全实业有限公司,3ae5dcdbb5cd477996d267c2887a5afc,玻璃,邢台市,沙河市,8,8,5400,5400,10,10,一线、二线玻璃熔窑备用排放口|七线玻璃熔窑|三线、四线玻璃熔窑备用排放口|三线玻璃熔窑|二线玻璃熔窑|五线--八线玻璃熔窑备用排放口|五线玻璃熔窑|八线玻璃熔窑|六线玻璃熔窑|四线玻璃熔窑
沙河市金东玻璃有限公司,exact,0,1,沙河市金东玻璃有限公司,91f28312b65147aab22c851981ecb4f0,玻璃,邢台市,沙河市,1,1,600,600,2,2,熔窑烟气备用排放口|熔窑烟气排放口
河北耀威玻璃有限公司,exact,0,0,河北耀威玻璃有限公司,d5c06e691ddc46b3b2373d6f4aeddc49,玻璃,邯郸市,永年区,2,0,360,0,2,2,DA005_2号玻璃窑北排口（3号脱硫塔排口）|DA006_1号玻璃炉窑北排口
邯郸市永年区嘉宇玻璃制品有限公司,none,0,0,,,,,,1,0,150,0,0,0,
