seq,enterprise,address,line_name,commissioned,capacity_tpd,product_class
1,石家庄玉晶玻璃有限公司,石家庄市行唐经济开发区,1000t/d一窑两线汽车玻璃原片及光伏背板玻璃基片 特种玻璃生产线,2024.05,1000,pv_rolled
1,石家庄玉晶玻璃有限公司,石家庄市行唐经济开发区,1000t/d一窑三线电子玻璃和汽车玻璃原片及光伏背 板玻璃基片特种玻璃生产线,2024.09,1000,pv_rolled
2,秦皇岛奥华玻璃有限公司,秦皇岛市昌黎县循环经济产业园党 各庄村东南,920t/d节能玻璃生产线,2023.09,920,unclassified
3,中国耀华玻璃集团有限公司,秦皇岛市海港区西港北路 55号,560t/d在线 LOW-E节能玻璃智能制造生产线,2018.07,560,float
3,中国耀华玻璃集团有限公司,秦皇岛经济技术开发区东区,950t/d优质浮法玻璃生产线,2023.07,950,float
3,中国耀华玻璃集团有限公司,秦皇岛经济技术开发区东区,600t/d高档颜色浮法玻璃生产线,2023.11,600,float
4,秦皇岛北方玻璃有限公司,,太阳能光伏电池封装材料生产线（1条 1200t/d 超白 压延光伏铝硅酸盐玻璃生产线）,在建,1200,pv_rolled
4,秦皇岛北方玻璃有限公司,秦皇岛市山海关临港经济开发区,年产 11200万㎡光伏电池封装材料生产线（2条）,在建,2400,pv_rolled
5,唐山市蓝欣玻璃有限公司,唐山市汉沽管理区果园一队,600t/d在线镀膜浮法玻璃生产线（一线）,2008.09,600,float
5,唐山市蓝欣玻璃有限公司,唐山市汉沽管理区果园一队,600t/d在线镀膜浮法玻璃生产线（二线）,2010.01,600,float
5,唐山市蓝欣玻璃有限公司,唐山市汉沽管理区果园一队,600t/d在线镀膜浮法玻璃生产线（三线）,2016.06,600,float
6,河北润安建材有限公司,迁安市太平庄镇西蛇探峪村西,700t/d在线低辐射镀膜优质浮法玻璃生产线,2013.05,700,float
6,河北润安建材有限公司,迁安市太平庄镇西蛇探峪村西,700t/d在线低辐射镀膜优质浮法玻璃生产线,2013.05,700,float
7,唐山金信新能源科技有限公司,迁西经济开发区东区,超白压延光伏玻璃生产线（3 条）,2018.3,2100,pv_rolled
8,唐山金信太阳能玻璃有限公司,迁西经济开发区东区,太阳能基片及 LOW-E玻璃生产线（2 条）,2010.09,500,pv_rolled
9,唐山飞远科技有限公司,迁西经济开发区东区,超白超薄太阳能压延玻璃生产线（2条 1000t/d 光伏 压延玻璃生产线）,在建,2000,pv_rolled
10,廊坊金彪玻璃有限公司,霸州市胜芳镇廊大路东侧,600t/d优质浮法玻璃生产线,2004.01,600,float
10,廊坊金彪玻璃有限公司,霸州市胜芳镇廊大路东侧,防紫外线玻璃生产线,2007.04,600,unclassified
11,河北南玻玻璃有限公司,号,600t/d特种浮法玻璃生产线,2008.10,600,float
11,河北南玻玻璃有限公司,号,900t/d太阳能超白玻璃生产线,2009.03,900,pv_rolled
12,南和县长红玻璃有限公司,1 号,600t/d在线低辐射镀膜浮法玻璃生产线,2011.02,600,float
12,南和县长红玻璃有限公司,1 号,600t/d在线低辐射镀膜浮法玻璃生产线,2011.08,600,float
13,河北鑫利玻璃有限公司,沙河市东环路北段路西,650t/d在线 LOW-E镀膜浮法玻璃生产线,2009.06,650,float
13,河北鑫利玻璃有限公司,沙河市东环路北段路西,650t/d在线 LOW-E镀膜浮法玻璃生产线,2009.12,650,float
13,河北鑫利玻璃有限公司,沙河市东环路北段路西,700t/d超厚浮法玻璃生产线,2011.07,700,float
13,河北鑫利玻璃有限公司,沙河市东环路北段路西,700t/d超厚浮法玻璃生产线,2011.09,700,float
14,沙河市海生玻璃有限公司,沙河市东环路北段路西,600t/d在线低辐射镀膜优质浮法玻璃生产线,2012.09,600,float
14,沙河市海生玻璃有限公司,沙河市东环路北段路西,600t/d在线低辐射镀膜优质浮法玻璃生产线,2012.11,600,float
15,河北正大玻璃有限公司,沙河市赞南路西杜村,600t/d超白超薄浮法玻璃生产线,2010.12,600,float
15,河北正大玻璃有限公司,沙河市赞南路西杜村,600t/d超白超薄浮法玻璃生产线,2012.03,600,float
15,河北正大玻璃有限公司,沙河市赞南路西杜村,500t/d优质浮法玻璃生产线,2009.10,500,float
16,河北金宏阳太阳能科技股份有限公司,沙河市西杜村村南,600t/d在线镀膜浮法玻璃生产线,2006.09,600,float
16,河北金宏阳太阳能科技股份有限公司,沙河市经济开发区纬一路北侧,600t/d超白玻璃生产线,2010.07,600,float
16,河北金宏阳太阳能科技股份有限公司,沙河市经济开发区纬一路北侧,600t/d超白玻璃生产线,2010.09,600,float
16,河北金宏阳太阳能科技股份有限公司,邢台市沙河市S329 省道 116号,900t/d一窑两线汽车玻璃生产线,2020.09,900,auto_electronic
17,河北德金玻璃有限公司,沙河市纬三路 26号,600t/d超白超薄浮法玻璃生产线（1#）,2008.12,600,float
17,河北德金玻璃有限公司,沙河市纬三路 26号,600t/d超白超薄浮法玻璃生产线（2#）,2008.12,600,float
17,河北德金玻璃有限公司,沙河市纬三路 26号,800t/d一窑两线电子及汽车优质浮法玻璃原片生产 线（3#）,2023.06,800,float
17,河北德金玻璃有限公司,沙河市纬三路 26号,800t/d超白及在线 LOW-E镀膜浮法玻璃生产线（4#）,2011.12,800,float
17,河北德金玻璃有限公司,沙河市经济开发区 329省道南侧,800t/d超白及在线 LOW-E镀膜浮法玻璃生产线（5#）,2012.04,800,float
17,河北德金玻璃有限公司,沙河市经济开发区 329省道南侧,800t/d超白及在线 LOW-E镀膜浮法玻璃生产线（6#）,2012.04,800,float
18,沙河市鸿昇玻璃有限公司,沙河市纬三路 27号,80+150t/d横火焰池窑一窑两线浮法玻璃生产线,2005.01,230,float
19,沙河市长城玻璃有限公司,沙河市经济开发区安全路 6号,500t/d浮法玻璃生产线（1#）,2007.08,500,float
19,沙河市长城玻璃有限公司,沙河市经济开发区安全路 6号,500t/d超白薄在线镀膜浮法玻璃生产线（2#）,2007.11,500,float
19,沙河市长城玻璃有限公司,沙河市经济开发区安全路 6号,900t/d超厚在线低辐射镀膜浮法玻璃生产线（1#）,2009.08,900,float
19,沙河市长城玻璃有限公司,沙河市经济开发区安全路 6号,900t/d超厚在线低辐射镀膜浮法玻璃生产线（2#）,2010.05,900,float
19,沙河市长城玻璃有限公司,沙河市经济开发区安全路 6号,700t/d超白及在线 LOW-E镀膜浮法玻璃生产线（1#）,2011.12,700,float
19,沙河市长城玻璃有限公司,沙河市经济开发区安全路 6号,700t/d超白及在线 LOW-E镀膜浮法玻璃生产线（2#）,2012.10,700,float
19,沙河市长城玻璃有限公司,沙河市经济开发区安全路 6号,700t/d超白及在线 LOW-E镀膜浮法玻璃生产线（3#）,2013.07,700,float
19,沙河市长城玻璃有限公司,沙河市经济开发区安全路 6号,700t/d超白及在线 LOW-E镀膜浮法玻璃生产线（4#）,2013.09,700,float
20,沙河市安全实业有限公司,1 号,500t/d浮法玻璃生产线（1#）,2007.08,500,float
20,沙河市安全实业有限公司,1 号,500t/d浮法在线镀膜玻璃生产线（2#）,2006.10,500,float
20,沙河市安全实业有限公司,1 号,600t/d在线自洁净浮法玻璃生产线（3#）,2008.10,600,float
20,沙河市安全实业有限公司,1 号,600t/d在线自洁净浮法玻璃生产线（4#）,2008.09,600,float
20,沙河市安全实业有限公司,1 号,800t/d在线 LOW-E镀膜浮法玻璃生产线（5#）,2009.12,800,float
20,沙河市安全实业有限公司,1 号,800t/d在线 LOW-E镀膜浮法玻璃生产线（6#）,2010.03,800,float
20,沙河市安全实业有限公司,1 号,800t/d超白浮法玻璃生产线（7#）,2011.05,800,float
20,沙河市安全实业有限公司,1 号,800t/d超白浮法玻璃生产线（8#）,2013.04,800,float
21,沙河市金东玻璃有限公司,沙河市经济开发区纬三路 19号,600t/d浮法玻璃生产线,2009.07,600,float
22,河北耀威玻璃有限公司,邯郸市永年区刘汉乡武庄村北,太阳能光伏超白电子玻璃基板压延玻璃生产线,2010.05,120,pv_rolled
22,河北耀威玻璃有限公司,邯郸市永年区刘汉乡武庄村北,年产 2×300万平方米超白太阳能光伏玻璃,2015.02,240,pv_rolled
23,邯郸市永年区嘉宇玻璃制品有限公司,邯郸市永年区刘汉乡武庄村北,超白太阳能光伏玻璃生产线,2013.10,150,pv_rolled
