date,name,symbol,amount_usd,n_bars,alert_utc,hack_tx_utc,anchor,entry_utc,entry,short_3h,net_3h,funding_3h,qvol_3h,btc_3h,mae_3h,mfe_3h,short_9h,net_9h,funding_9h,qvol_9h,btc_9h,mae_9h,mfe_9h
2024-06-09,Loopring,LRCUSDT,5000000,5760,2024-06-09 13:13:21,,alert,2024-06-09 13:19,0.2227,-0.009878760664571162,-0.011778760664571163,0.0001,3476360.126599999,0.000658590070820031,-0.010327795240233417,0.009429726088908907,-0.01302200269420739,-0.014922002694207391,0.0001,6028204.019499996,0.0027048207930402413,-0.01526717557251911,0.009429726088908907
2024-07-02,Bittensor,TAOUSDT,8000000,5760,2024-07-03 19:40:51,2024-07-02 19:06,alert,2024-07-03 19:46,231.06,-0.019691854929455577,-0.02166879492945558,2.306e-05,8639244.432369996,0.00596058612430217,-0.03475287804033589,0.008006578377910523,-0.018133818055916295,-0.020010758055916296,0.00012306,30260360.334249996,-0.01775007875774448,-0.03691681814247372,0.010949536916818103
2024-07-02,Bittensor,TAOUSDT,8000000,5760,2024-07-03 19:40:51,2024-07-02 19:06,hack,2024-07-02 19:06,265.09,0.08585763325662965,0.08390763325662964,5e-05,35552135.89553,-0.0036338108265714375,0.0005281225244255783,0.10343656871251272,0.1335018295673167,0.1312101195673167,-0.00029171,71957574.66576006,-0.021889613759002224,0.0005281225244255783,0.14523369421705823
2024-09-19,Banana Gun,BANANAUSDT,3000000,5760,2024-09-19 09:29:46,,alert,2024-09-19 09:35,39.969,-0.013185218544371935,-0.015135218544371935,5e-05,32021727.296199996,0.013423153532044596,-0.027696464760189166,0.01831419349996244,-0.008531611999299527,-0.010431611999299527,0.0001,55357579.02340001,0.023705710672557334,-0.027696464760189166,0.01831419349996244
2024-10-16,Radiant V2,RDNTUSDT,50000000,5760,2024-10-16 17:38:28,2024-10-16 17:11:00,alert,2024-10-16 17:44,0.07045,0.0523775727466288,0.050377572746628796,0,68656319.15053998,-0.00214185331318395,0.013626685592618926,0.07508871540099371,0.061320085166785,0.050257535166784995,-0.00906255,95597580.63456993,-0.00848068068892105,0.013626685592618926,0.07508871540099371
2024-10-16,Radiant V2,RDNTUSDT,50000000,5760,2024-10-16 17:38:28,2024-10-16 17:11:00,hack,2024-10-16 17:11,0.07179,0.06059339740910996,0.05859339740910996,0,68718452.20645998,0.0018105383068296454,-0.0034823791614431165,0.09235269536147106,0.07048335422760843,0.059420804227608426,-0.00906255,98488114.53088988,-0.0008130453195296372,-0.0034823791614431165,0.09235269536147106
2025-03-07,1inch Swap,1INCHUSDT,5000000,5760,2025-03-07 09:41:48,2025-03-05 17:54:35,alert,2025-03-07 09:47,0.2334,0.01371036846615259,0.01171036846615259,0,911590.1629000005,-0.0021875439336426217,-0.003427592116538092,0.016709511568123392,0.003856041131105381,0.001919241131105381,6.32e-05,4447192.835300004,-0.0072048362153803724,-0.006855184233076184,0.028706083976006824
2025-03-07,1inch Swap,1INCHUSDT,5000000,5760,2025-03-07 09:41:48,2025-03-05 17:54:35,hack,no-bar,,,,,,,,,,,,,,,
2025-03-25,Abracadabra Spell,SPELLUSDT,13000000,5760,2025-03-25 11:44:49,2025-03-25 08:34:13,alert,2025-03-25 11:50,0.00067,-0.0010447761194030125,-0.0030447761194030126,0,8840785.323024902,0.008043963592649916,-0.004328358208955274,0.034477611940298636,-0.0010447761194030125,-0.0032432761194030124,-0.0001985,11712699.696593102,0.006966626595683811,-0.006567164179104523,0.034477611940298636
2025-03-25,Abracadabra Spell,SPELLUSDT,13000000,5760,2025-03-25 11:44:49,2025-03-25 08:34:13,hack,2025-03-25 08:35,0.0006868,0.005532906231799584,0.0035329062317995836,0,849820.1395663995,0.008129386775027614,-0.006697728596388952,0.006697728596389063,0.026354105998835142,0.02415560599883514,-0.0001985,13767781.624121895,0.015844338751385356,-0.006697728596388952,0.05809551543389635
2025-05-22,Cetus CLMM,CETUSUSDT,223000000,5760,2025-05-22 10:43:56,,alert,2025-05-22 10:49,0.22542,0.2900363765415669,0.2866680765415669,-0.0013683,287667053.41630995,0.003153949981298476,0.00035489308845704226,0.342560553633218,0.2586283382131134,0.25386481821311335,-0.00276352,448995646.04657996,0.0028594247180779853,0.00035489308845704226,0.342560553633218
2025-07-09,GMX V1 Perps,GMXUSDT,42000000,5760,2025-07-09 14:04:02,2025-07-09 12:30:11,alert,2025-07-09 14:10,12.196,0.08642177763201053,0.07932594763201054,-0.00509583,69054470.60310006,0.001908309529088159,-0.017464742538537248,0.16226631682518855,0.06272548376516895,0.05562965376516895,-0.00509583,90728207.80956015,0.019984572283979984,-0.017464742538537248,0.16226631682518855
2025-07-09,GMX V1 Perps,GMXUSDT,42000000,5760,2025-07-09 14:04:02,2025-07-09 12:30:11,hack,2025-07-09 12:31,14.522,0.24900151494284528,0.24700151494284528,0,78265750.74467002,-0.004478593747144877,-0.0031676077675251157,0.26773171739429824,0.18695771932240735,0.17986188932240735,-0.00509583,128453575.26663013,0.014581468013960208,-0.0031676077675251157,0.29644677041729783
2025-07-24,WOO X,WOOUSDT,14000000,5760,2025-07-24 15:09:47,,alert,2025-07-24 15:15,0.08277,0.01691434094478672,0.01501434094478672,0.0001,6828032.1917499965,0.0002583030162748301,0.0012081672103418928,0.04977648906608678,0.07551045064636941,0.07371045064636941,0.0002,9329099.686279986,-0.009474185632649457,0.0012081672103418928,0.07901413555636083
2025-09-14,Yala,YALAUSDT,7640000,5760,,,none,,,,,,,,,,,,,,,,
2025-09-22,UXLINK,UXLINKUSDT,11300000,5760,2025-09-22 16:08:16,2025-09-22 14:46:35,alert,2025-09-22 16:14,0.2149,0.4327594229874361,0.4307594229874361,0,246881476.68170002,-0.0023903654794341644,-0.026058631921824116,0.4969753373662169,0.5849232201023732,0.5806290301023732,-0.0022941899999999998,361021846.7530999,-0.004371106013950299,-0.026058631921824116,0.6021405304792926
2025-09-22,UXLINK,UXLINKUSDT,11300000,5760,2025-09-22 16:08:16,2025-09-22 14:46:35,hack,2025-09-22 14:47,0.3013,0.4941918353800199,0.49214894538001985,-4.289e-05,162421638.1161999,-0.0039689991142604075,-0.0,0.5701958181214737,0.5761699303020246,0.5733165803020246,-0.00085335,346979701.3733998,-0.0025624446412755297,-0.0,0.6412213740458015
2025-10-04,Abracadabra Spell,SPELLUSDT,1700000,5760,2025-10-04 14:12:05,2025-10-04 12:54:23,alert,2025-10-04 14:18,0.000455,0.018681318681318615,0.016781318681318613,0.0001,507250.85583429993,-0.005424737587818029,0.0006593406593407014,0.023296703296703303,0.007912087912087862,0.006012087912087862,0.0001,1077401.1682427006,-0.0017036568565447219,0.0006593406593407014,0.023296703296703303
2025-10-04,Abracadabra Spell,SPELLUSDT,1700000,5760,2025-10-04 14:12:05,2025-10-04 12:54:23,hack,2025-10-04 12:55,0.0004523,0.013707716117621005,0.011707716117621005,0,3179872.7445428027,-0.0006250261452865891,-0.006632765863365142,0.024983418085341547,0.00331638293168246,0.00141638293168246,0.0001,3891408.771135704,0.0018348864658874753,-0.006632765863365142,0.024983418085341547
2025-11-03,Balancer V2,BALUSDT,128000000,5760,2025-11-03 08:11:02,2025-11-03 07:46:47,alert,2025-11-03 08:17,0.829,-0.0,-0.002,0,0.0,0.0011661005096808008,-0.0,-0.0,-0.0,-0.002,0,0.0,-0.007137948574409525,-0.0,-0.0
2025-11-03,Balancer V2,BALUSDT,128000000,5760,2025-11-03 08:11:02,2025-11-03 07:46:47,hack,2025-11-03 07:47,0.829,-0.0,-0.002,0,0.0,-0.0026770048448575556,-0.0,-0.0,-0.0,-0.002,0,0.0,-0.008019844834246337,-0.0,-0.0
2025-11-30,Yearn Ether,YFIUSDT,9000000,5760,2025-12-01 01:59:51,2025-11-30 21:11,alert,2025-12-01 02:05,4060.0,0.02758620689655178,0.025586206896551777,0,1285253.5229999986,-0.01737861820746922,0.0024630541871921707,0.03004926108374384,0.05541871921182262,0.05336189921182262,-5.682e-05,3848969.3199999956,-0.009130187333167727,0.0024630541871921707,0.05689655172413788
2025-11-30,Yearn Ether,YFIUSDT,9000000,5760,2025-12-01 01:59:51,2025-11-30 21:11,hack,2025-11-30 21:11,4121.0,0.008978403300169857,0.007028103300169857,4.97e-05,3542965.347000001,-0.02363519293061256,-0.014316913370541196,0.019655423440912423,0.05726765348216456,0.05531735348216456,4.97e-05,7065328.529000002,-0.05573087887991979,-0.014316913370541196,0.05726765348216456
2025-12-25,Trust Wallet Wallet,TWTUSDT,8500000,5760,2025-12-25 20:02:34,,alert,2025-12-25 20:08,0.8027,0.016070761181014137,0.014070761181014137,0,7631157.893300001,-0.005682495529505283,-0.0018686931605831347,0.04646816992649805,-0.007723931730409861,-0.009694441730409861,2.9489999999999997e-05,11405336.058500007,0.009265703499758748,-0.023171795191229583,0.04646816992649805
2025-12-27,Flow,FLOWUSDT,3900000,5760,2025-12-27 21:02:58,,alert,2025-12-27 21:08,0.113,-0.05309734513274322,-0.06898127513274323,-0.01388393,31922837.25590001,0.002577828844499974,-0.08849557522123885,0.008849557522123908,-0.1415929203539823,-0.1842758703539823,-0.040682949999999996,113779556.40430006,0.001082756643591587,-0.18584070796460184,0.008849557522123908
2026-01-17,Meteora DAMM V2,METUSDT,1500000,5760,,,none,,,,,,,,,,,,,,,,
2026-01-21,Saga,SAGAUSDT,7000000,5760,2026-01-21 16:00:40,,alert,2026-01-21 16:06,0.05568,0.04148706896551724,0.039487068965517236,0,1939301.4081169995,-0.01803747468678374,0.0053879310344827624,0.05890804597701149,0.020653735632183867,0.018308815632183867,-0.00034492,3198490.281912998,0.0007944455571131659,-0.007902298850574807,0.05890804597701149
2026-02-21,IoTeX,IOTXUSDT,4400000,5760,2026-02-21 09:20:39,2026-02-21 01:07:35,alert,2026-02-21 09:26,0.00497,0.014084507042253502,0.012084507042253502,0,5739947.600429997,-0.003990644042758396,-0.04426559356136828,0.03420523138832998,0.010060362173038184,0.007266492173038184,-0.00079387,7673814.010440002,0.0036491750519531685,-0.04426559356136828,0.03420523138832998
2026-02-21,IoTeX,IOTXUSDT,4400000,5760,2026-02-21 09:20:39,2026-02-21 01:07:35,hack,2026-02-21 01:08,0.00538,-0.0037174721189590088,-0.005717472118959009,0,52539.16579999998,-0.0028549446403093315,-0.0074349442379182396,0.0018587360594796154,0.048327137546468335,0.046427137546468336,0.0001,4081710.6655099997,0.005369418340034793,-0.0074349442379182396,0.12081784386617112
2026-03-06,SolvBTC,SOLVUSDT,2700000,5760,2026-03-05 15:09:00,2026-03-05 15:09:35,alert,2026-03-05 15:14,0.003921,-0.011221627135934664,-0.013171627135934665,5e-05,1589635.1347039996,-0.011292788264745002,-0.036980362152512214,0.027033919918388216,-0.009946442234123998,-0.011908482234123998,3.796e-05,2328387.6198600014,-0.011479353870400999,-0.036980362152512214,0.027033919918388216
2026-03-06,SolvBTC,SOLVUSDT,2700000,5760,2026-03-05 15:09:00,2026-03-05 15:09:35,hack,2026-03-05 15:10,0.003953,-0.011383759170250363,-0.013333759170250363,5e-05,1578538.6386169998,-0.012272749427304275,-0.02858588413862906,0.034910194788768,-0.00505944852011142,-0.00702148852011142,3.796e-05,2341452.187875002,-0.013173744421002831,-0.02858588413862906,0.034910194788768
2026-03-15,Venus Core Pool,XVSUSDT,3700000,5760,2026-03-15 13:07:17,2026-03-15 11:55:18,alert,2026-03-15 13:13,2.986,-0.030140656396516974,-0.032132046396516976,8.61e-06,2250541.594199998,0.002315343636519085,-0.06095110515740121,0.0016744809109177083,-0.04521098459477546,-0.04720237459477546,8.61e-06,2644748.7087999964,0.006161168659889693,-0.06095110515740121,0.0016744809109177083
2026-03-15,Venus Core Pool,XVSUSDT,3700000,5760,2026-03-15 13:07:17,2026-03-15 11:55:18,hack,2026-03-15 11:56,2.983,-0.04894401609118337,-0.050944016091183375,0,3976069.5802000016,-0.0040615427457532105,-0.04927924907810932,0.07341602413677517,-0.041233657391887224,-0.04322504739188723,8.61e-06,4998902.278900001,-0.0017028682818156504,-0.06201810258129403,0.07341602413677517
2026-03-21,Resolv USR,RESOLVUSDT,24500000,5760,2026-03-22 02:41:28,2026-03-22 02:21:35,alert,2026-03-22 02:47,0.05671,0.030682419326397592,0.02618598932639759,-0.00249643,12680797.121900005,-5.6378260542833125e-05,-0.024863339798977258,0.05448774466584383,0.06753658966672549,0.058449759666725484,-0.00708683,26712157.761570033,-0.01265764229005606,-0.024863339798977258,0.11109151825074937
2026-03-21,Resolv USR,RESOLVUSDT,24500000,5760,2026-03-22 02:41:28,2026-03-22 02:21:35,hack,2026-03-22 02:22,0.05821,0.07249613468476201,0.06799970468476202,-0.00249643,14517897.898780013,0.00351585106367569,-0.010651090877856095,0.07885243085380511,0.09225219034530152,0.08316536034530152,-0.00708683,28775551.39436001,-0.004587721499342057,-0.010651090877856095,0.133997594914963
2026-04-01,Drift Trade,DRIFTUSDT,295000000,5760,2026-04-01 17:15:30,2026-04-01 16:05:18,alert,2026-04-01 17:21,0.05997,0.21527430381857604,0.19327430381857605,-0.02,69499725.90881999,-0.008857477258714996,-0.038019009504752344,0.272469568117392,0.3154910788727697,0.26806686887276976,-0.04542420999999999,90362255.66683003,-0.026659884242085763,-0.038019009504752344,0.3154910788727697
2026-04-01,Drift Trade,DRIFTUSDT,295000000,5760,2026-04-01 17:15:30,2026-04-01 16:05:18,hack,2026-04-01 16:06,0.07135,0.33693062368605464,0.33493062368605464,0,59242036.846130006,-0.008627436148826662,-0.009810791871058155,0.38850735809390324,0.386124737210932,0.341647937210932,-0.042476799999999995,87907046.11129998,-0.014697625164010186,-0.009810791871058155,0.38850735809390324
2026-04-18,Kelp,KERNELUSDT,293000000,5760,2026-04-18 18:41:56,2026-04-18 17:35:35,alert,2026-04-18 18:47,0.07441,-0.03332885364870308,-0.04548790364870309,-0.01015905,12412076.268140001,0.0010074461108877664,-0.06800161268646687,0.05510012095148509,0.028625184786991054,0.011954564786991053,-0.014670619999999999,20303215.351,-0.0008316057791974973,-0.103749496035479,0.05510012095148509
2026-04-18,Kelp,KERNELUSDT,293000000,5760,2026-04-18 18:41:56,2026-04-18 17:35:35,hack,2026-04-18 17:36,0.08277,0.09121662438081435,0.07905757438081434,-0.01015905,15777494.395219997,-0.0017102289359659517,-0.008457170472393472,0.15053763440860213,0.07961821916153189,0.06294759916153189,-0.014670619999999999,23488407.201930027,-0.0055684632201883355,-0.008457170472393472,0.15053763440860213
2026-05-15,THORChain DEX,RUNEUSDT,10700000,5760,2026-05-15 10:21:05,2026-05-15 07:29:23,alert,2026-05-15 10:27,0.5009,-0.03234178478738259,-0.03434178478738259,0,8322380.6637999965,-0.0057780996113568905,-0.07147135156717899,-0.0023956877620283645,-0.02056298662407663,-0.02266833662407663,-0.00010535,16046758.2474,-0.01754545036758992,-0.07147135156717899,0.007386703932920846
2026-05-15,THORChain DEX,RUNEUSDT,10700000,5760,2026-05-15 10:21:05,2026-05-15 07:29:23,hack,2026-05-15 07:30,0.5857,0.1411985658186785,0.1392648158186785,6.625e-05,16344901.987,-0.004927923705600801,0.0008536793580330437,0.14478401912241756,0.1161003926925046,0.1140612926925046,-3.91e-05,29706933.097199988,-0.019596689325634964,0.0008536793580330437,0.15110124637186273
2026-06-08,Humanity,HUSDT,32000000,5760,2026-06-08 22:04:54,2026-06-08 17:32:23,alert,2026-06-08 22:10,0.1415,0.5398586572438162,0.4978586572438162,-0.04,133652111.65387999,-0.012473405891156975,-0.03031802120141358,0.6195759717314486,0.24812720848056535,0.17735140848056535,-0.06877580000000001,385632145.5633098,1.5771154243449104e-05,-0.03031802120141358,0.6195759717314486
2026-06-08,Humanity,HUSDT,32000000,5760,2026-06-08 22:04:54,2026-06-08 17:32:23,hack,2026-06-08 17:33,0.62297,0.6777051864455752,0.6723056264455752,-0.00339956,179870887.30140004,-0.0030890380934059936,0.00781739088559652,0.6777051864455752,0.8643273351846799,0.7989277751846798,-0.06339956000000001,523551891.4397697,-0.01081872912652293,0.00781739088559652,0.9135913446875451
2026-06-10,Raydium AMM,RAYUSDT,1340000,5760,2026-06-10 15:19:57,,alert,2026-06-10 15:25,0.248,-0.0,-0.002,0,0.0,-0.005422295154616563,-0.0,-0.0,-0.0,-0.002,0,0.0,-0.007101809733156328,-0.0,-0.0
2026-06-21,Taiko Bridge,TAIKOUSDT,1700000,5760,2026-06-22 01:38:19,,alert,2026-06-22 01:44,0.088,0.0454545454545453,0.0401397654545453,-0.00331478,2332805.5624000006,-0.007394395157097944,-0.006818181818181834,0.054545454545454564,0.17954545454545445,0.17169123454545446,-0.00585422,6936990.788300009,-0.005935689711626391,-0.006818181818181834,0.1886363636363635
2026-07-17,Across,ACXUSDT,4500000,5760,,2026-07-17 05:30,hack,2026-07-17 05:30,0.04094,-0.001221299462628167,-0.003171299462628167,5e-05,45791.28510499997,-0.0064011143384011815,-0.002931118710307823,0.0017098192476795449,-0.009770395701026002,-0.011670395701026003,0.0001,298104.45323799975,0.0006331468188329747,-0.01636541279921855,0.003663898387884612
