snapshot_at,version,launch_account,token_mint,started_at,closed_at,accepted_usd,market_query_ok,market_query_error,has_market_pair,dex_id,pair_address,token_name,token_symbol,price_usd,liquidity_usd,quote_reserve_usd,capacity_5pct_quote_approx_usd,volume_h24_usd,pair_created_at_ms,screen_issue_price_if_10m_public_tokens,screen_spot_multiple_if_10m_public_tokens,screening_warning
2026-08-27T09:19:32.281529+00:00,v0.4.1,a3wqnp5LSi84ShMFwfPgULA3rVaNcL67UwTyccbMDNo,mtnc7NNSpAJuvYNmayXU63WhWZGgFzwQ2yeYWqemeta,1743598805,,5758964.0,True,,False,,,,,,,,,,,0.5758964,,"The 10m-token multiple is a triage assumption, not an audited issue price. It must not enter final ROI statistics until project terms confirm public tokens."
2026-08-27T09:19:32.281529+00:00,v0.5.0,DHW6DToYjhwknzVCDvZ6r7hSv7ZpGw9adEN8NvZuUpVh,omfgRBnxHsNJh6YeGbGAmWenNkenzsXyBXm3WDhmeta,1753113496,,1118102.0,True,,True,metadao,s45fTDhkzKPMFbNmUXA3bJNdF92z5cbVvHdY8LpznWQ,Omnipair,OMFG,0.2143,630449.28,314434,15721.7,69016.92,1771526178000,0.1118102,1.9166408789180236,"The 10m-token multiple is a triage assumption, not an audited issue price. It must not enter final ROI statistics until project terms confirm public tokens."
2026-08-27T09:19:32.281529+00:00,v0.6.x,13YpYe4k5GPaD2vZvvY7v7if31S1Wu8yWShkQs8MzLNh,PAYZP1W3UmdEsNLJwmH61TNqACYJTvhXy8SCN4Tmeta,1761238801,1761584405,750000.0,True,,True,metadao,6FRXzTe3HajL8Fwmmkupp8g3y3wn3g3QEjj8sABndre3,Paystream,PAYS,0.02401,42440.85,21167,1058.3500000000001,163.95,1761588032000,0.075,0.3201333333333333,"The 10m-token multiple is a triage assumption, not an audited issue price. It must not enter final ROI statistics until project terms confirm public tokens."
2026-08-27T09:19:32.281529+00:00,v0.6.x,2rYvdtK8ovuSziJuy5gTTPtviY5CfTnW6Pps4pk7ehEq,BANKJmvhT8tiJRsBSS1n2HryMBPvT5Ze4HU95DUAmeta,1760457599,1760803231,3500000.0,True,,True,meteora,5gB4NPgFB3MHFHSeKN4sbaY6t9MB8ikCe9HyiKYid4Td,Avici,AVICI,0.4316,384989.19,34861,1743.0500000000002,47137.73,1760806818000,0.35,1.233142857142857,"The 10m-token multiple is a triage assumption, not an audited issue price. It must not enter final ROI statistics until project terms confirm public tokens."
2026-08-27T09:19:32.281529+00:00,v0.6.x,4h248CdXdeWtxWnHxEPqa5ruYZaEwXRZPyDFYnndbzpR,ZKFHiLAfAFMTcDAuCtjNW54VzpERvoe7PBF9mYgmeta,1760936403,1761282004,969420.0,True,,True,meteora,MefEdd5fFcmFMm6Y2rWcP4F1wW3qbkdqqW9je1b1bXn,ZKFG,ZKFG,0.1452,193.92,0.5927,0.029635,60.35,1761285642000,0.096942,1.4978028099275855,"The 10m-token multiple is a triage assumption, not an audited issue price. It must not enter final ROI statistics until project terms confirm public tokens."
2026-08-27T09:19:32.281529+00:00,v0.6.x,634r63NH2qbTrSVyLieC3Ab3YKaEfoGnCLM8idZMEycE,SoLo9oxzLDpcq1dpqAgMwgce5WqkRDtNXK7EPnbmeta,1763145002,1763490608,8000000.0,True,,True,metadao,DzYtzoNvPbyFCzwZA6cSm9eDEEmxEB9f8AGkJXUXgnSA,Solomon,SOLO,0.7202,3036305.91,1514348,75717.40000000001,29311.29,1763494224000,0.8,0.9002499999999999,"The 10m-token multiple is a triage assumption, not an audited issue price. It must not enter final ROI statistics until project terms confirm public tokens."
2026-08-27T09:19:32.281529+00:00,v0.6.x,9kx7UDFzFt7e2V4pFtawnupKKvRR3EhV7P1Pxmc5XCQj,PRVT6TB7uss3FrUd2D9xs2zqDBsa3GbMJMwCQsgmeta,1759759063,1760104804,3000000.0,True,,True,meteora,9uuneA2PrNhDUi2nVEqKK3nTF3q5BiRw6mBm1X9QV1Dv,Umbra,UMBRA,0.2206,326104.69,163051,8152.55,13842.29,1777962828000,0.3,0.7353333333333333,"The 10m-token multiple is a triage assumption, not an audited issue price. It must not enter final ROI statistics until project terms confirm public tokens."
2026-08-27T09:19:32.281529+00:00,v0.6.x,E7kXdSdZrjVFDkLb6V7S8VihKookPviRJ7tXVik9qbdu,LYLikzBQtpa9ZgVrJsqYGQpR3cC1WMJrBHaXGrQmeta,1760824807,1761170409,2500000.0,True,,True,metadao,GxpJkPEsPmuRCCTNnfZaDKg4X3gf4ZPgmqgFqtibaPtK,Loyal,LOYAL,0.1173,342586.2,170923,8546.15,518.59,1761174032000,0.25,0.4692,"The 10m-token multiple is a triage assumption, not an audited issue price. It must not enter final ROI statistics until project terms confirm public tokens."
2026-08-27T09:19:32.281529+00:00,v0.6.x,GMjjUC8Z6qjVRX9CXgYz6BNrYcnzUyKpgkkmcsbCCUix,4Ueb677S8FVCH5ot5rrB6MFq5XsFgpQBgri1oNCnx6HW,1759544591,1759550655,10000.0,True,,False,,,,,,,,,,,0.001,,"The 10m-token multiple is a triage assumption, not an audited issue price. It must not enter final ROI statistics until project terms confirm public tokens."
2026-08-27T09:19:32.281529+00:00,v0.7.0,3EZBeQPQNHYkxnbrMRXG56DK1QRG8DR7VhYAUyvUFBzK,Cbjr1Nvcay3QWDriyRKtokJ7V4PMknesGxeK8z7Zmeta,1772564006,1772650439,50000.0,True,,True,metadao,CkEUCAooQi64UFhPFS5MWpZw6LQqjsDQBj3Z5uiXS1eN,Futardio cult,FUTARDIO,0.00981,28021.73,13979,698.95,4675.46,1772654190000,0.005,1.9619999999999997,"The 10m-token multiple is a triage assumption, not an audited issue price. It must not enter final ROI statistics until project terms confirm public tokens."
2026-08-27T09:19:32.281529+00:00,v0.7.0,3UU7HP5NwWTznkZ5CqNBpSnKu7Jyzt1YqB2RpreDjWcp,LASocYgQAo8GfypSjedNQgLft8y8DVGg1kSqR3smeta,1782838823,1783184424,1000000.0,True,,True,metadao,Ffi7Ba7w2fhiCZ9H4ZRixuoi1peCVsL3YBc1Ay2JnD4A,Laso Finance,LASO,0.1052,410448.21,205037,10251.85,6519.47,1783192028000,0.1,1.052,"The 10m-token multiple is a triage assumption, not an audited issue price. It must not enter final ROI statistics until project terms confirm public tokens."
2026-08-27T09:19:32.281529+00:00,v0.7.0,5BV8dmpaYz7Rj54EFisJiw2EjfgupqAELbjy5mV5sCrE,5TbDn1dFEcUTJp69Fxnu5wbwNec6LmoK42Sr5mmNmeta,1772639427,1772725841,50000.0,True,,False,,,,,,,,,,,0.005,,"The 10m-token multiple is a triage assumption, not an audited issue price. It must not enter final ROI statistics until project terms confirm public tokens."
2026-08-27T09:19:32.281529+00:00,v0.7.0,6GAk85NBtButdHm7ASZ6fykGsc6bB7dUUVky5QFZgm5h,CREDBHvVqREBCAxMihzr8D1nepHMr2gmQoZWpmgGmeta,1783962001,1784307603,4000000.0,True,,True,metadao,6yv1EcBitVUdf3YS4GTHdLmwrGGiPYT2jrh2xDjCxYQQ,Credible Finance,CRED,0.6432,2029004.64,1011966,50598.3,203168.21,1784314799000,0.4,1.6079999999999999,"The 10m-token multiple is a triage assumption, not an audited issue price. It must not enter final ROI statistics until project terms confirm public tokens."
2026-08-27T09:19:32.281529+00:00,v0.7.0,8Nmd13rpULJjY7h6oxCfuTWy8WkZxcuDrDWiSdnViVuo,RNGRtJMbCveqCp7AC6U95KmrdKecFckaJZiWbPGmeta,1767715203,1768060810,8000000.0,True,,True,meteora,FB42gMaN856Xvpc5zNmNEidrXPinX4u1LLW69SYo34yQ,Ranger,RNGR,0.004129,3.45,567994,28399.7,1.66,1768103200000,0.8,0.005161249999999999,"The 10m-token multiple is a triage assumption, not an audited issue price. It must not enter final ROI statistics until project terms confirm public tokens."
2026-08-27T09:19:32.281529+00:00,v0.7.0,8uMemVUT1ToSuda2jBVhcaPmJWq5C3bKe7DhrM5wkqZP,CARSsxWPkpQWvfyRBwfGMGvysJBHdHGfE46X5MNgmeta,1784653170,1784998801,250000.0,True,,True,metadao,3szfyfczcGxe6zpTQQBfnkF24SMakWChxp3aU68HNYij,Rip Cars,CARS,0.05394,146901.17,73631,3681.55,13365.93,1785002401000,0.025,2.1576,"The 10m-token multiple is a triage assumption, not an audited issue price. It must not enter final ROI statistics until project terms confirm public tokens."
2026-08-27T09:19:32.281529+00:00,v0.7.0,9qEQo5P6kwcWg1YhyPB5CEX6MAzufsT3a25HuxQg7WhC,DwCBrWrAGokHmysLL2XbY7TCZpbRH9QUAZxHnyWxmeta,1780437612,1781042441,28000.0,True,,True,metadao,CWxhqXkav3cum8nqjprZCr24qTacskDMRcSrFSQD6TeM,GeSIM,GSIM,0.001742,8834.61,4406.7146,220.33573,35.07,1781042554000,0.0028,0.6221428571428572,"The 10m-token multiple is a triage assumption, not an audited issue price. It must not enter final ROI statistics until project terms confirm public tokens."
2026-08-27T09:19:32.281529+00:00,v0.7.0,AtBwB8fYsxLLSt3mwK9Ma4joCpG9yuPzxBEcSsEaiSAT,2rNBaMg5VAr1aMNCwAPdDZVgzzdTaNDebUnNqPFNmeta,1785340819,1785945646,10000.0,True,,True,metadao,GEZF81Us2ZMD9cozjEra6NXxi1tC2AdjvZXxKWcdVEgm,Basket,BASKET,0.0007028,2515.08,1260.5844,63.02922,160.06,1785945912000,0.001,0.7028,"The 10m-token multiple is a triage assumption, not an audited issue price. It must not enter final ROI statistics until project terms confirm public tokens."
2026-08-27T09:19:32.281529+00:00,v0.7.0,DGRgqaGL2sQnGM6WzBmvXTT5XhnEkTdKecGmF1mswtL5,6JSXRGMH6wNiukuLi4x6rSHazJMQL51WGbzirXxsmeta,1782323985,1782327616,10000.0,True,,True,metadao,5BhKSFDV3mNzUxCaAyMZtbakhkbApwzLBD4gnQmNoz3Z,Areal Finance,ARL,0.001125,4242.79,2118.1629,105.90814499999999,4.17,1782330538000,0.001,1.125,"The 10m-token multiple is a triage assumption, not an audited issue price. It must not enter final ROI statistics until project terms confirm public tokens."
2026-08-27T09:19:32.281529+00:00,v0.7.0,F5A6BchpqGbbBABtgRycJZGkqy2i5AgVJP1VKW5AGotG,4K1m7gAMDKzrxQn68yuZAd767w57Fw7Ykw69dG3umeta,1778241609,1778846445,200000.0,True,,True,metadao,6wmteHRgbJRSVPg8jaieZziKf7n1itADmWjJWQjCHcG1,Jurassic,RAWR,0.02439,88356.58,44067,2203.35,7580.99,1778846862000,0.02,1.2194999999999998,"The 10m-token multiple is a triage assumption, not an audited issue price. It must not enter final ROI statistics until project terms confirm public tokens."
2026-08-27T09:19:32.281529+00:00,v0.7.0,FwCDgK9C8mjWr7wULPFzEv4QBt6koTnMQrKTC45TxWAk,BGLJaGukwopAFUaVC9iJNqMYEeKwRf3LK65NttPVmeta,1785600001,1785945615,60000.0,True,,True,metadao,6sQHygsfhAYrkQiGnyFHQ6s1s8ycJoajnNaVVuS3duzv,Kimia,KIMIA,0.00391,19375.72,9711.9982,485.59991,120.19,1785945752000,0.006,0.6516666666666667,"The 10m-token multiple is a triage assumption, not an audited issue price. It must not enter final ROI statistics until project terms confirm public tokens."
2026-08-27T09:19:32.281529+00:00,v0.7.0,H5ng9t1tPRvGx8QoLFjjuXKdkUjicNXiADFdqB6t8ifJ,P2PXup1ZvMpCDkJn3PQxtBYgxeCSfH39SFeurGSmeta,1774483204,1775001656,6000000.0,True,,True,metadao,CFYmVUEYikV8DaKDNs6WSHC5uAxG6T7KqFBCsAebACFu,P2P Protocol,P2P,0.45,2078583.45,1036744,51837.200000000004,10282.53,1775052076000,0.6,0.75,"The 10m-token multiple is a triage assumption, not an audited issue price. It must not enter final ROI statistics until project terms confirm public tokens."
2026-08-27T09:19:32.281529+00:00,v0.7.0,HwvxqXHcRNKikH8RsqRRaV6NCpzxg1g5tHgnMfsdaaEj,FgVcn25UXf4MoNf4coaz2o5xDGPK1goMbUBfyUgrmeta,1785168015,1785513628,150000.0,True,,True,metadao,8MzXyimv29ivabhdzLN3Xa39jMrgteahWE3rNPKcEKpA,ORDR,ORDR,0.008473,45095.18,22491,1124.55,145.98,1785513795000,0.015,0.5648666666666666,"The 10m-token multiple is a triage assumption, not an audited issue price. It must not enter final ROI statistics until project terms confirm public tokens."
