ticker,crisis_first_signal_UTC,instrument_type,exists_at_signal,evidence,source
LUNA,2022-05-07T21:44:00Z,Option Put Deribit,No,Deribit alt options introduced 18 months after 2023 for SOL/MATIC/XRP - no LUNA in May 2022 archive,Deribit blog 2024-03-11 alt options SOL XRP MATIC
LUNA,2022-05-07T21:44:00Z,Perp Binance,Yes,Binance delisting LUNA futures May 12 2022 proves existed May 7,Binance delisting announcement May 12 2022
UST,2022-05-07T21:44:00Z,Option Put,No,No UST option ever listed on Deribit/Binance/OKX,"Search null, official product tables lack UST"
FTT,2022-11-02T00:00:00Z,Option Put,No,"Deribit only BTC/ETH in Nov 2022, FTT option never listed","Deribit archive, absence in historical instruments"
FTT,2022-11-02T00:00:00Z,Perp Binance,Yes,"OI doubled $87.56M to $203M Nov 6-7, volume $58M to $3B",CoinDesk/CoinGlass Nov 2022
CEL,2022-06-13T00:00:00Z,Option Put,No,No CEL option on Deribit/Binance,Official product lists
stETH,2022-05-12T00:00:00Z,Option Put stETH native,No,No stETH native put in 2022,Deribit no stETH product
stETH,2022-05-12T00:00:00Z,ETH Put proxy Deribit,Yes,"Deribit ETH OI $8.1B Aug 2022, $5.4B June settlement, 1 contract=1 ETH",Deribit stats
CRV,2023-07-30T13:10:00Z,Option Put Deribit,No,"Deribit alt options first SOL XRP MATIC March 11 2024, no CRV in July 2023",Deribit announcement 2024-03-11
CRV,2023-07-30T13:10:00Z,Perp Binance,Yes,"CRV spot Dec 2020, CRVUSDT perp still maintained 2026 tick size adjustment proves existed 2023",Binance perp maintenance 2026
