base,perp,perp_t0,spot_t0,ann_day,days_perp_to_ann,days_ann_to_spot,pre_week,ann_jump,ann_to_spot,spot_to_d1,d1_to_d31
1000CAT,1000CATUSDT,2024-10-21,2024-12-17,2024-12-16,56,1,0.7886012292791954,1.4863013698630136,0.727633878913078,0.8877484166848657,0.723739237392374
1000CHEEMS,1000CHEEMSUSDT,2024-11-25,2025-02-09,2025-02-09,76,0,1.027139132495852,0.85750548055844,1.0,1.3011302475780409,0.9481902792140642
AIGENSYN,AIGENSYNUSDT,2026-04-29,2026-05-14,2026-05-14,15,0,0.9362588084561178,1.362641122134793,1.0,0.9312076324378609,0.7546508492855217
AIXBT,AIXBTUSDT,2024-12-20,2025-01-10,2025-01-10,21,0,0.77075137494373,1.2853986795327579,1.0,0.9821608486931783,0.5132552900474696
ASTER,ASTERUSDT,2025-09-19,2025-10-06,2025-10-06,17,0,1.0078095545860937,1.1029286019666524,1.0,0.9912782246341698,0.4970182813569264
AVNT,AVNTUSDT,2025-09-09,2025-09-15,2025-09-15,6,0,,1.5179900062308342,1.0,0.8193063928079904,0.5403838975225447
BABY,BABYUSDT,2025-04-05,2025-04-10,2025-04-09,4,1,,1.0532455056950734,1.0878175895765472,1.3394418493232723,0.8817848520075114
BANANAS31,BANANAS31USDT,2025-03-22,2025-03-27,2025-03-27,5,0,,0.9918478260869567,1.0,0.7964992389649923,0.9157271163768393
BANK,BANKUSDT,2025-04-18,2025-11-13,2025-11-13,209,0,0.8710070984915705,0.691328154845282,1.0,0.910849143488672,0.7985844287158745
BIGTIME,BIGTIMEUSDT,2023-10-12,2025-04-11,2025-04-11,547,0,1.0671715508725717,1.1473310706572046,1.0,0.9748554524673926,1.2048275862068967
BLUR,BLURUSDT,2023-04-28,2023-11-24,2023-11-24,210,0,1.5178997613365157,1.2763364779874213,1.0,0.9285494302433015,0.8800995024875621
BONK,1000BONKUSDT,2023-11-22,2023-12-15,2023-12-15,23,0,2.4216017488076313,0.9747650896557384,1.0,0.9166526351237583,0.6249081557678178
BREV,BREVUSDT,2025-12-30,2026-01-06,2026-01-05,6,1,,1.0425735469983257,0.8006423491626519,1.239541547277937,0.33726306056403144
BROCCOLI714,BROCCOLI714USDT,2025-03-21,2025-03-27,2025-03-27,6,0,,1.4025552626242141,1.0,0.7994505494505495,0.6498462651474045
C,CUSDT,2025-07-15,2025-07-18,2025-07-18,3,0,,2.1540384748940897,1.0,0.8513347949445448,0.8317742851732626
CHIP,CHIPUSDT,2026-04-16,2026-04-21,2026-04-21,5,0,,1.9029548989113532,1.0,1.838182412553122,0.417303930286324
DOLO,DOLOUSDT,2025-05-01,2025-08-27,2025-08-27,118,0,1.2665645809616877,0.8769676192900265,1.0,1.0859688902997597,0.4373045137743405
ESP,ESPUSDT,2026-02-10,2026-02-12,2026-02-12,2,0,,0.9211002066115703,1.0,0.8589653722136548,1.6104129263913824
F,FUSDT,2025-06-18,2025-10-25,2025-10-25,129,0,2.309948717948718,0.9377497557943344,1.0,0.9932291666666666,0.4534013443295038
FOGO,FOGOUSDT,2026-01-10,2026-01-15,2026-01-12,2,3,,1.0596882748848742,0.8102958382082568,0.8081683168316831,0.565339458907606
GIGGLE,GIGGLEUSDT,2025-10-09,2025-10-25,2025-10-25,16,0,0.7691317776252574,2.609481316229782,1.0,0.7974694366076772,0.5980381646655231
GPS,GPSUSDT,2025-02-17,2025-03-04,2025-03-04,15,0,1.0076628352490422,0.5163498098859316,1.0,0.9057437407952872,0.37398373983739835
HAEDAL,HAEDALUSDT,2025-05-01,2025-05-21,2025-05-21,20,0,0.8302492252066117,1.3822255402872718,1.0,0.9792167166463185,0.65500301646126
HOME,HOMEUSDT,2025-06-10,2025-06-12,2025-06-12,2,0,,0.9175367970813939,1.0,0.9025844930417496,0.9209327054534406
INIT,INITUSDT,2025-04-16,2025-04-24,2025-04-17,1,7,,1.0617486338797815,0.9714359238291302,1.1103311258278146,1.1885959680305378
KAT,KATUSDT,2026-03-02,2026-03-18,2026-03-13,11,5,0.9042272126816381,1.1614317019722424,0.7163522012578617,0.8718173836698858,0.9748237663645518
KITE,KITEUSDT,2025-10-29,2025-11-03,2025-10-31,2,3,,0.9133325126184908,0.5057959293705351,0.9149900066622251,1.4625018202999855
KMNO,KMNOUSDT,2024-12-20,2025-05-06,2025-05-06,137,0,1.2619499841722064,1.0166812993854257,1.0,0.8277818899580559,0.7938897168405364
LINEA,LINEAUSDT,2025-09-01,2025-09-10,2025-09-08,7,2,,0.9519071310116086,0.8080139372822299,1.0060370849504097,0.7471067295327904
MEGA,MEGAUSDT,2026-01-30,2026-04-30,2026-04-30,90,0,0.9460971268751589,0.8966406879871003,1.0,0.9569595971706031,0.3822976697569531
MET,METUSDT,2025-10-11,2025-11-13,2025-11-13,33,0,1.260881392818281,0.9070118662351672,1.0,1.0899143672692673,0.520733304233959
MITO,MITOUSDT,2025-08-28,2025-08-29,2025-08-29,1,0,,1.0221923023352988,1.0,1.0656765226870146,0.5937433405787835
MUBARAK,MUBARAKUSDT,2025-03-17,2025-03-27,2025-03-27,10,0,0.9910979228486646,0.7956586826347306,1.0,0.8269049858889934,0.4054607508532423
NEWT,NEWTUSDT,2025-06-19,2025-06-24,2025-06-23,4,1,,0.9692259869443582,1.6978832584990378,0.8165848129958444,1.000231320842008
NIGHT,NIGHTUSDT,2025-12-10,2026-03-11,2026-03-11,91,0,0.8824704511403363,0.9085078287115639,1.0,1.0197259136212624,0.8250865404194665
ONDO,ONDOUSDT,2024-01-20,2025-04-11,2025-04-11,447,0,0.9976664210267747,1.0992244244737166,1.0,1.012991376413932,1.13852957435047
OPG,OPGUSDT,2026-04-22,2026-05-22,2026-05-22,30,0,0.906807426283218,0.8727418707346448,1.0,1.0091996320147194,0.7388331814038286
OPN,OPNUSDT,2026-02-21,2026-03-05,2026-03-02,9,3,0.622444722569879,1.2882037533512065,0.6371834894207423,0.864452912357104,0.5872166246851386
PLUME,PLUMEUSDT,2025-03-21,2025-08-18,2025-08-18,150,0,0.9727822580645162,0.9519170984455958,1.0,0.8781841933376878,1.4708069914466344
PUMP,PUMPUSDT,2025-04-12,2025-09-11,2025-09-11,152,0,1.386469864698647,1.0461320085166785,1.0,1.0551221166892808,0.6945828644912394
PYTH,PYTHUSDT,2023-11-22,2024-02-02,2024-02-02,72,0,1.1418002466091246,1.0386609071274298,1.0,0.9810771470160117,1.3821534548537515
RESOLV,RESOLVUSDT,2025-06-10,2025-06-11,2025-06-11,1,0,,0.9747949419002051,1.0,0.7832413007274958,0.6415622202327664
ROBO,ROBOUSDT,2026-02-27,2026-03-04,2026-03-04,5,0,,0.8417644678267907,1.0,0.9716346153846154,0.45794161306284015
SAPIEN,SAPIENUSDT,2025-08-20,2025-11-06,2025-11-06,78,0,0.6547487211939039,2.787451675257732,1.0,0.7883209569765091,0.577502474068101
SENT,SENTUSDT,2025-11-14,2026-01-22,2026-01-22,69,0,0.40899403239556686,1.551849921834289,1.0,0.9194089993284084,0.783418553688824
SHELL,SHELLUSDT,2025-02-17,2025-02-27,2025-02-27,10,0,1.214993954050786,1.1916799363057327,1.0,0.812928010689828,0.4493527840558866
SOMI,SOMIUSDT,2025-08-25,2025-09-02,2025-09-01,7,1,,0.6362484157160962,0.4899402390438247,0.9152266720878227,1.842292314526877
STO,STOUSDT,2025-04-12,2025-05-02,2025-05-02,20,0,0.9853758169934641,1.6257358427991047,1.0,0.8798449612403101,0.5665430095061441
SXT,SXTUSDT,2025-05-02,2025-05-08,2025-05-05,3,3,,1.1260523066561903,0.4827884104199894,0.8884377150722643,0.7593152064451157
TON,TONUSDT,2024-03-01,2024-08-08,2024-08-08,160,0,0.8064807680910331,1.141298157300068,1.0,1.064968932101349,0.7396233259772061
TRUMP,TRUMPUSDT,2025-01-18,2025-01-19,2025-01-19,1,0,,1.6387668295426583,1.0,0.7839461152344588,0.4657144420730039
VIRTUAL,VIRTUALUSDT,2024-12-10,2025-04-11,2025-04-11,122,0,0.8025659301496793,1.1714031971580816,1.0,1.158453373768006,3.2645615183246077
WAL,WALUSDT,2025-03-27,2025-10-10,2025-10-10,197,0,0.9065625762381069,0.6410118406889128,1.0,0.9294710327455921,1.019873532068654
XPL,XPLUSDT,2025-08-22,2025-09-25,2025-09-24,33,1,0.9869866975130133,1.1527981248168768,1.623967467276655,0.9557085843962752,0.31515598133136824
YB,YBUSDT,2025-10-10,2025-10-15,2025-10-14,4,1,,0.7984175109073431,0.620079651755117,0.8413741598207618,0.7747203976566661
ZAMA,ZAMAUSDT,2026-01-09,2026-02-02,2026-02-02,24,0,0.8601532567049809,0.7861915367483295,1.0,0.7818696883852692,0.725
ZKP,ZKPUSDT,2025-12-21,2026-01-07,2026-01-07,17,0,0.9586314152410577,1.6621512005191434,1.0,0.7840027329071299,0.4908185496420791
币安人生,币安人生USDT,2025-10-20,2026-01-07,2026-01-07,79,0,1.0934221482098252,1.0986140724946696,1.0,0.9451722464822901,0.6657377530067468
