k,wallet,n_sig,status,calls
0,BLimgBQPAGzC32E1txVtEVrTDEzn28HMux8ZR6ny1voQ,779,ok,2
1,FS9NcUi3ExoUWJmeiTFFfppaUEB6hfj2wvZnKejkgJ1x,1930,ok,3
2,3w8vWtsAeaN3JyePUu9HwPwcmG6VDuKE4FQ67hon3LZQ,32,ok,2
3,AmcNekukkoa41uEFxU4HJYEjvmXR5BzdFrA8Qhq6N7iY,3847,ok,5
4,CbY5inaMyeUzAbA28J4pV62Co3kpZ2gFiBZJYXyFn7me,2491,ok,30
5,C61yCWc7HDcuwCK9b49E3iARb5bGzZGE5pNDA7ZhHBs5,6148,ok,71
6,FCPVbVpLg9U58XdyHQdKMWiCNcADva2XhT32gp1XZpQd,1388,ok,18
7,BrPvAKYzhTLixxFTdZGUTGqTSduuvJQ3jbk7t6YUXnjr,109,ok,5
8,DnDULUK5nhHZbnUknRHDYabrGi1xdkiMkc2ed3CWXmoc,95,ok,4
9,D79guzAKGNCtndqYKbVZTwmr9mqM9daU9fYLMxxfqVCe,34,ok,4
10,Dxt8syYZD5QnFbtrerrGGrX8FDzMERePYGZidH2B2UZj,131,ok,5
11,3zYVewKhux94eDQioK7opVWPF9H9TwzuaA2bXn2PLWWp,197,ok,5
12,FUCKNiggAS8VdjcGbpAgoPZtfmpA32Q5CGbVbxHeuAgt,1182,ok,16
13,ALi2JTnJkqA6yuZzXgBPaJuyswG5oqv3SwBcZ1mTTwWB,644,ok,10
14,9RhM9QfGaszojVpzghSb75jqmMcFCdDv1ZvFbwkC52Hm,16,ok,4
15,6UFfv9hYEc882QPGw2ococTZX6bjsUzkP1Ngf4ZzUCTn,21,ok,4
16,7a1crJnsQ4AqqGdaMxUaiyQRRdjovofUxeB8mCPKraqx,5303,ok,62
17,AVwzHt8CUPtmU4L6RXb2ymyw4yASqWXfNV3dRDCHmsPs,121,ok,5
18,991azNS8PGBswfJsmJCzpsE4RpU5BW6QQdo2dqNR56dd,37,ok,4
19,827L2BZ4gdNG5GyUdfjTwtBhLSh1qjVQLx4obS6HAiQK,43,ok,4
20,7YKBiaNxoNxapEqeFE3zfGaSHHzLu4J8FL1FYva3obkz,1039,ok,15
21,F49ipuTnzzGAm8maR57jePcSx1fyQ2E6XTTiuVajg7zU,14352,ok,161
22,hWJCRPNTt9fUBohpCdGsotGerPGu3BKx3sDmSd43qbk,3171,ok,38
23,4XHCiLn2rNqPBYQ2RA721j5ar4cU1H13Wui6Z3NE2o13,4328,ok,51
24,AgAaEion8EwAMtaiNCmyJSF3sECSRWmNi71hcys44afv,10235,ok,116
25,2uaLzCzAf9hPeJqXV8BUDw99yho19uW2t6FFj7hKKKY9,10,ok,4
26,5LwYjCKu495nkpoCTikLfdNiedwDewqjbwGivhuRkMTT,475,ok,8
27,DE4Y1i3LZD6fXNh7gcCekMyReBV23kRgbinnXp1iahYw,2217,ok,28
28,8fG5zMaQjpQNgVgE8yWn8mge3HmfKBpwUY36VLvrNyxX,5076,ok,59
29,Fx8wFmPc6LarYr2ucwEDrUxbLnGzLUT2NUdxmmjzLTTD,1412,ok,19
