k,wallet,draw_slot,draw_sig
0,BLimgBQPAGzC32E1txVtEVrTDEzn28HMux8ZR6ny1voQ,424871617,8Hp8Fnq7xyhynM4K6gbtRmboN5zhStzw2dpDCwJ466kZ8EdJ7Jkaxun3f3sjoGvWAMkNqB3nLnjxmy22RmDRraq
1,FS9NcUi3ExoUWJmeiTFFfppaUEB6hfj2wvZnKejkgJ1x,424857863,4bYAo4iNmki52eoDrURywjW7XoPrxt2j1ar5jtEHgDXvj8vQEUCkRGSMm1AtD6Ed42Bk4vpVYkPfAPG3m6jQ1kEM
2,3w8vWtsAeaN3JyePUu9HwPwcmG6VDuKE4FQ67hon3LZQ,424834472,3T5SRjEhcEHJ6nhQktkYxLgVJsahDqpQyL3P1uS66haPTB1zX5dRVwHpFAecbQVgjLuGCBzXVN94Y8soKUNSPDZq
3,AmcNekukkoa41uEFxU4HJYEjvmXR5BzdFrA8Qhq6N7iY,424991936,taekGAratCJq4FoNopk3PHFdPoAYpstkERz8zuKBEm1ykJX1oocV242rZC6Bf4QEWMLA7WXv4Yb7aboQFSsTdrC
4,CbY5inaMyeUzAbA28J4pV62Co3kpZ2gFiBZJYXyFn7me,424789669,KSQyt1gX7x3G4FkoHwQknHWUDTJG9wPBEAZHpqTRqxBNJ3XxNNP2Kx4c5HjwKsA1Ufkt6Gx7PdpDnFqbzoH74tU
5,C61yCWc7HDcuwCK9b49E3iARb5bGzZGE5pNDA7ZhHBs5,424991954,4D9QCwawWeJu9EKCKe9VucNQ4QkoTNpjcbFx1xiifnuRgBiUVJVTopxBtWHV7YY4EmQ1zWFJ717CeSLnFioTA2uL
6,FCPVbVpLg9U58XdyHQdKMWiCNcADva2XhT32gp1XZpQd,424953540,63m7YKCCj4bGEsmjjBzZo4FpQxnS4GrovXccYMrQUaeyzyPtuwQ1RLErTVhZcuTx8cPsCmPBuoFZFeVxfViJ2UZV
7,BrPvAKYzhTLixxFTdZGUTGqTSduuvJQ3jbk7t6YUXnjr,424797196,3B8UAn9MLTX5FyNTAb4fRDRcobZ3MkVXFvDFY94CcwTTZEwSCWx8QiJCpGYCJPLgdUw3Y7GzSjY2RrtAfG4CbmAf
8,DnDULUK5nhHZbnUknRHDYabrGi1xdkiMkc2ed3CWXmoc,424840109,53nV3mMAWwATXaxDMPn5oBjyVmhTCLrFzJ2nmosCS9XCW8cF2USHnaoTye37tCKwjA3CCWhGqLunXCBi16f3iX6i
9,D79guzAKGNCtndqYKbVZTwmr9mqM9daU9fYLMxxfqVCe,424989980,2rtA26qqh5pLnc1AEVdvQ5ygwqn12mpPN6tkHNgzpomGQS9kwAG4mv4n8osPozjw3ys3bFFyQc7rkAhKe8G416C3
10,Dxt8syYZD5QnFbtrerrGGrX8FDzMERePYGZidH2B2UZj,424877829,yXhVY9FTq9rZqyT2JayEvroKEEaiRJiSyEA864ABzjxtSaNAKYuMUo4EoUPqXLnkT5WynTX1gQTcsFLgT1Tdtac
11,3zYVewKhux94eDQioK7opVWPF9H9TwzuaA2bXn2PLWWp,424926997,QwG9ZAnwc2kYNkPyybVYnaJpUKvyXTWUaDVygMaCXjGh8eikskErVbFkM4onziL2gofVWpdr2KXuQ4N3ozaxAE9
12,FUCKNiggAS8VdjcGbpAgoPZtfmpA32Q5CGbVbxHeuAgt,424948028,4cjqGJHp5jNVL87R6RXgnUw1YyDGYRxiPHDutxzMVjhnohWhsHEKv8ciCG4f3LZ9C4DFU2928cxLyzdc2eCxVTJV
13,ALi2JTnJkqA6yuZzXgBPaJuyswG5oqv3SwBcZ1mTTwWB,424929151,1xm8qpbvyJG3HoSVzQLNfz43qEbY5vdEMWnaSFmd3i4SzChyQqkFE7XG6jXULz4k5wZynGcrc3NvY244Gc5p4ke
14,9RhM9QfGaszojVpzghSb75jqmMcFCdDv1ZvFbwkC52Hm,424973646,5AAGRCVnQnUnob5sVHmRqsoZ3voor5DFK5K62TAaNuwcbC5oUuiT3mMFSmaoT6GbFQfKPVWZSu7d6veFdnqaGddf
15,6UFfv9hYEc882QPGw2ococTZX6bjsUzkP1Ngf4ZzUCTn,424809727,4uX3ZFEKTABsnZnnSaEhMmunyniPeqESX9kSybydAYUs3DG1eCiE4Gt9QYsMbVkss2znfkymTpvTTpzS59ZX69Kf
16,7a1crJnsQ4AqqGdaMxUaiyQRRdjovofUxeB8mCPKraqx,424914167,5s4UbgWBJLEgbtRcKRWBNnbA1oJVEmABHNpa9mAeSXrbMhSfrhUE6mT1vVkZgVNMuDGh7JRA6BthdvmRg6SGZuZa
17,AVwzHt8CUPtmU4L6RXb2ymyw4yASqWXfNV3dRDCHmsPs,424871061,4DiTLHrFK5vf1KMdwVbakNrTegejohvq29QQsVxMfTB7JS4cEAfi6J8FhPEHzFye2r9m5Ser1caQ93VbXnJ9jLie
18,991azNS8PGBswfJsmJCzpsE4RpU5BW6QQdo2dqNR56dd,424826613,42U1FGKMn5TQz4pDnfVXeqBfXS2sBWnKUwLAbG5ayx8KoSsivDo4VFnwgr3S1SradDL5AotWvugE2vQ7r3N9yoAc
19,827L2BZ4gdNG5GyUdfjTwtBhLSh1qjVQLx4obS6HAiQK,424898494,3G9FzA6WwadtAbgsNdQm52HszhVXxb1eF6crdss9RfysyWu3TaJauQPM4pArXtAzYKUae2foH8aePQusQXxbaMof
20,7YKBiaNxoNxapEqeFE3zfGaSHHzLu4J8FL1FYva3obkz,424846968,2KypassMu1CAbbQX3F7MdCbGkCureiHhePFweZwGrR6Bh34aWp9hnRiZBPKKFZD6PsXgN7GKECxvMeiCYoKwyLJd
21,F49ipuTnzzGAm8maR57jePcSx1fyQ2E6XTTiuVajg7zU,424844235,5wVWTT3U5WfF1o49cGHoWtyZbwzWPhRaN1BnfDpeGiBZxFBxeyfhFLsH9qKjJiohAMQ2mQbJ7g3CT4RKMJP5w77f
22,hWJCRPNTt9fUBohpCdGsotGerPGu3BKx3sDmSd43qbk,424802401,2h4YC1MhefjcxFeAYGEUUBYGW2Y9fDs24MzQjw8UBQTzt3CBmwHD3nK61QR5xqkqKz7PB6UdURY1VeZNG2AeeaJC
23,4XHCiLn2rNqPBYQ2RA721j5ar4cU1H13Wui6Z3NE2o13,424978380,48A8n9i44pVLqpkrwaj3xoxHizSAWQiby8ctHaQBVuU5wgWwiXRHk6cyuxpPxroFDmFoiTYEcvmG9pbmbdvJfxdC
24,AgAaEion8EwAMtaiNCmyJSF3sECSRWmNi71hcys44afv,424976259,5WypnoT3mc4C1r5Pywbvv7BY8QU7tNJSMCzX6EtZtgf3pBEifmDg2BwQqvo8vp9yAgkZ7sViuiH7UnB3g2xo7jhX
25,2uaLzCzAf9hPeJqXV8BUDw99yho19uW2t6FFj7hKKKY9,424865974,3swYofrgHeacLW4L5wjuNh6tFNe1v1LPdovNrRW4TiTb2nRwNDHxZhbdDboZ7kWraBiC5F26wcmz31RyTB5aKGJz
26,5LwYjCKu495nkpoCTikLfdNiedwDewqjbwGivhuRkMTT,424916997,2yTpFBAMP3cqU6rXwTm82o7jMumUpkZLUmcRjw2usczcUQEsHfekRscVetoyhCSw97yCQD3YuVFXWCjwos4oiBqM
27,DE4Y1i3LZD6fXNh7gcCekMyReBV23kRgbinnXp1iahYw,424980615,4z3tViocMkng1fspFmY3b1fwsNaUJkJbcsVEaahixdPoDyo1fmiUU9SXjfvWuNxZ3YufdqUPg8G7PKqGHNNKd6dC
28,8fG5zMaQjpQNgVgE8yWn8mge3HmfKBpwUY36VLvrNyxX,424951308,56sNUENyJvpm5dnVriaZPsMLhafeSAEspYbjeN5i4fWahe1S2V1JNA854Wh4WgYVGsAbnDJjS9EgttYqg7nHwFVm
29,Fx8wFmPc6LarYr2ucwEDrUxbLnGzLUT2NUdxmmjzLTTD,424996935,5Urffjy6FpozaufxdbbpNzqvB49Vb5YVUfNDnmVp4QSsf37VCByt3pFqyqMx6KLUjCBgerJVGpXT1p3YV9T7wWkX
