address,first_ts
12r8y1zXD9oRQXczPhYPj2ZoN2TfxKfkykViFchd6ZKT,1780375272
25YT1KpygvwdmPq8d4K54Tvbk869JjSg1xwPdRXrYx7T,1779951804
29eFN4xhpfbJ6wV49pC2ZDrGPFq9Hc4MogxZriC3YpyF,1780905823
2DSXx1tG1wZNys9VExaB4BH9erJnYA7tAaxt58o39fwo,1780357222
2DukyJiGvCgdWFKo4YgTpeptGedU3MnSgCvHEFCC2HGY,1780927280
2EyvrLk8uUPqoUsaAeQe5ZiYvp9tM8Wje9bMSd2k5qJo,1780260886
2Hgx1GjKRuH9H21Fzz7uGiqh1Fcz3wMP5PmgpDbyDDYp,1780331098
2KCYSG6WLz1Sqb1BABkmqhWBGeKrKBDxxiigaMQCVpLx,1780730229
2NnSP26qK8ND1RavntMXrYtaQx7sm7VgJNkAaVrMSJ8j,1780852008
2RxaPmTaXeP57CpHgGtwGkpTxg8QC8981JHsd3r3UFmj,1780698062
2SPgryy8wQMvr3dAWJMWUQverBCjNT1ZQs7KExEWVpik,1781355702
2U4q9c8ZkVytMRMr8VLSuUSKjmMsrLVe2SwEWeSqekVy,1779951804
2UL8hbNaoErAYNePqgQYPP9yDCDRZGWbzKW4krLqkhNL,1780265846
2XeBJjRmx2H3zMmDSYJ7XH4hjHEiBvPfzvwqPCB2C2gs,1781459802
2r9xxWfUHH5AUBSjncnLNASa8r6nCGhbP54MY7Gg79Kv,1780573910
2ucD8nYHHy7S6NGkHcwMHgAberNkm92Pw5KCznutfQMM,1780369261
2xREcoGwqoXNpwqL4cXHhxLJutAcif8Vwa89WY3WNF4n,1780841889
2xpKBkzBoAretBBsJYmhzouZR1WZuZFuT6jwoRSFz8Ed,1781156327
2xxaEn5sHX19G3V1bcTHSFDJtk9YbMiEkJWkqmZJBVBz,1780635599
35uXFS2fDxarAtmLUcFpE6uhGVWFU17zNu9Wfih8dfrW,1780338351
36A6mEN5rYJdVTb6fMqVvG6ez8g2mTYdr1omWcQ1kDKG,1780571857
36pfB9fX5X5hATjRj2Eat2KqZgKN2Q3AUQMgyYqqnWwg,1780683527
3CwqGbX9ntH1mPFfF3vBqXzuzDcfcSUSWGyvhnEng9K2,1780513287
3TJsN5VaESVeSGFHWpk4aJgA89UiHoQN2Y9MyBXHUiMb,1781384346
3UWMaBHL5jE7hGmEDSmDPWFwQK3YJ39nBRFcxdGPSN5C,1780771695
3VpKZVMpXWCAv7KqFNvQDL8UvBUMXsNDsvTrbAdw5WRv,1781406523
3Y2Srf8LN1KQpQBbvK3vTuhhZbd1U3DDKttM3Mem3Syv,1780563838
3bSjPh3Jo8F2yipk1R1hS6d4SUuAcFUbzTGe4QCDu8ak,1781297018
3kwxoY3Y2MHSRkkd7pQaMn4kDLNv3vXcBkdvgvTPjuws,1780508462
3s4nM7QwLhpGiGFzogcNrS9JwuviKgGyX9pHEXCBmGGY,1780354819
3x8rkj1PZgMh62DyeCmW1NxVgi2AX9LCEPF2q1WpYraV,1780837900
3xBwXG2P9j4v6hig9ebjU8MH2EwjfmofqemUigpkYNAi,1780395392
3zcSg7FU3VVE2BsWng2dfPcCAF4yqKuoDofohvhzV3ZT,1780163147
41Ld2VDsnWSCF6Bg8zxvnyNdfUSyUnNqP6KfBRMBJ44t,1779945911
42iW6EyXmnxPpxaKyh4Bwwf8GY48QcBLGoAepBU5UhPc,1780757789
4Vxf9xGPKUkqDX95RFcbU5bTQ3ZADeVHXcBhazvNBZ8Y,1781204255
4gKjjye5GDXR15s1VgB3ZMKVBf97H4DUfAZcst4KSRdW,1780464511
4mvhY1P3DszLsnbPaumA12XqiC5tVuYeUzYeRTarBv2H,1780366924
4raqd4tCEnm2yGeUocVqPgN2MPB1W6A3EZfC8LoMChvf,1780583317
4tUAH4PaRMt47JbMoK1cmfWQPKdaPd4nuLhAuDLUtFx9,1780403347
4uCT4g7YHH4xxfmfNfKUDenwGrRNGoZ9Ay1XFxfUGhQG,1780411808
52pdBERwHvtKjUcLGMu8ot1Fo2oBXoSpsWNnSiJkxRHa,1780730229
54cpx1qwLtr8PPwTi4TS7qFRVsKbLtUhdqdcAp2icg1N,1780085270
5F1seMKUqSNhv45f6FhB2cFmgJbk8U1avJw7M6TexUq1,1780251242
5F2XmNvEfTmpXw8riK3YRWWvcZbLd1pfYtbvi9j2ty8f,1780635697
5FoM5cGBrL4zFRVbJnyQnsQqpTboX7STK9iUXs1c8Axq,1779951804
5FqUo9aBjsp7QeeyN6Vi2ZmF2fjS4H5EU7wnAQwPy17z,1781018718
5GvZaRHh7NbhS5gFkcNBY5Tpq1F17C1RFL5vQQzavtgv,1780349624
5HQZd9ovzAF1TLnHRAq1zcSnXC9HAp3EwhoxMHvo8rxB,1780183079
5QDtfFdBxaUP3vT7bK5F1MHRUnkpTFW1Wj4GqCU7kk9X,1780661246
5TjSh51DeZfDF2mWTYPDWzJhYkNkMQk3ZHfq13JaKHkf,1779802871
5iuDDh6HhW5QdTRN1YfLz2hpv2ktzuRAT2BBTJB1fD8k,1781263266
5ndLnEYqSFiA5yUFHo6LVZ1eWc6Rhh11K5CfJNkoHEPs,1780138241
5rHqMEqAxDaV21zFP5TDYB1mTbC4tyzWru8pknXW8DEv,1781434675
5uFDgyoWh4xQhwbFi5aDmub9DVyotwugaCkMGjcL6Vfv,1780592762
5z4A27o8BcMJN5KBrBxXhajTifbEPhQY5s7pjKLzQ4M,1781105244
69SNcRC8NqjHBSXEcugCN5oFKRQoKmddmWzZYc3tqtxk,1780262223
6HxCPEGbm2Ui2YNnLHSUcS1s8ui7kv98Lwk3VCHGy8nb,1780392771
6KcUjwtoHD76hD3tEjZXcZwNxm7SGJA1jruL6E8tCmbf,1780323832
6UFryWjD4HmPHeuGqwV2xPeZMpzpPz35XchvhMxyrazX,1780473545
6UWsi9WKQbE5jLxLcycfr5NZ1DQGVNKUCkW1pzUaRVCE,1780888600
6Yd4LpaRMGRPrsYe3hdnCeqPrWzMRsRdaFpoGgMsGFw8,1780395392
6z51o3BNbYLJTL7SeGeHJQNpoc7rcWt8f6mzUg533uYe,1780082976
76iXe9yKFDjGv3HicUVVy8AYxHLC71L1wYa12zaZzHHp,1780037920
7ABz8qEFZTHPkovMDsmQkm64DZWN5wRtU7LEtD2ShkQ6,1781110385
7AMYfcGnanKPSha8WzzeEfxxkvHDfwtND3ShXiaey31M,1780766618
7BVsMqCRoeEtvVeasYGrRhy83gHr5ZSJBnpV7QeCFQs4,1780058674
7HeD6sLLqAnKVRuSfc1Ko3BSPMNKWgGTiWLKXJF31vKM,1780343716
7PgDCHkNS8kLg34rytQyVLmeLANZcNN4isJqRjx3687z,1780645219
7j7AA3HZR2zEjwAQEKPFh2qucLY4fqZpB9iodf39w8xW,1781024252
7nUzfT62NNRDUpDHetsD7PeG4A4B5f3pGQYNmFEu55Ez,1781407601
7naFFwuEJWeWwWYQUkgAWHsxYKg3KctEuUj42JdAMidP,1780337214
7u1nizUTEaQiqY1BFs3S3FnPFBHZeqivFCUv49yV7SkE,1780301934
7zrfWFJrjPkqUEPs7dH65a9ys9iBZCQreBoazDaqzgvv,1780941246
8CjPBgEtjwkxX7VDo3yc1Gt8kMqRoHfMWAYUr47WLgnK,1780032769
8Ltv5royXzxVG3tAhVhRnfXrzapS5Dwqt1ocxprgu6YP,1781095338
8QCVZ7KL65pBhUxbvfwbyyg4ronxNAEXbDrGLYLrRNn5,1779767825
8TUksmP1Z51468CPNUmE921tBvCfjCHEb2LQZCoJsf9e,1780027339
8ZN71XTdVo8yRovnGLmNgW3Tgniw6A4J3JGLvPD686FP,1781312985
8d9FNC7AgKLTCPKNd3MMkLLXZYLmiYFYR3vfXMBNJVNx,1780406247
8dsegjn5FkiABuRqfSaFkJ1SNrmcdLpa6UU1s9fjNR7s,1781118524
8iXGLeP1k123nrFFbWa1swgbT1bMV4QA2FsTmGQhyaU2,1780760199
8innm2WjKqDNZwiwXsgWD4ouMpF67XriNhKxeZ44YpHc,1780634787
8khy29tk5y6U6Fdjsoe9ySFFm84hR7shhdRHHPUWkZYW,1780650799
8ntH2kp6JYpgbDNppncSjNkNnjofLunELbM42PwaaLBx,1781016515
91TNXncJEDc9f895wNAPHTsoT3yhfFCSfmzPcKHeKVDA,1780547452
922VvmmYDHV9KMTJJ71Y5Yd3Vn7cfJuFasLNSsZPygrG,1781065268
92wtWR236votBakxzej8eCMimK7za9NAqqfyY5ZmqHkx,1780478070
95ipm63sgxs1oHtn9rHfuvPKRRA6ZGeL7yBni8aynDW5,1780358451
9Eu6RAmW9xak7Rt5yrzymuG9efShZPnJJtDa3bx9Li9,1780679232
9K1cPs6FQkjSEU8qCRCE2yQEucGqoiZNWvBjhqfuKdmC,1781312769
9WcXdkmCPsMoDVMAai23SyiYLpYmqvzTPUhRjgFTCjPy,1779951804
9jA4MUtsPAXy3ZhsiQUhkSXMop2ogrCWYv7rE9xovsWp,1780244375
9obNtb5GyUegcs3a1CbBkLuc5hEWynWfJC6gjz5uWQkE,1779973322
9ssZasGGVBSLkEY6ufsmEmMMKf4w54jQ3ZheVXNxCk8v,1780126022
AGCBg36mHeYEWXPFptgGvBc87emibzazVBsEnXjN7aWe,1779951804
AJmbna9ftuv9GtS8SAgBbJpWJpURrUJueLqwnCq2D8iC,1780412554
APPgbxAPv6XD3gTrQmp5QMxbYzm98ggrJtyX54Dupdm4,1780633933
APQYU3ySjB9Lh5dAwBHEKN4Za59mXxgznXRUEQ7aUk5L,1780348826
AYEHKbGooTCishm755ArC88YZPJ29Rfh3b4q2hpyJPAQ,1780458352
Abx2tnNPw1BEBnmYz3fmeHGzJwu99CvcLHm2nYjWmMtt,1781034026
Aes35rP7kHZepsXrLkLkFGvqporpkHMDe9DsVoMTwJST,1780582949
AkHnjaCgLdE8Rko25hju7qeSWf1Caf9tXpBzgCtij5Ld,1780815096
AonGzDPrqwe6Kkv8eXqU46ud7RZNQcJz1taemXPLHNNj,1781458362
AyWXky9gkaTEniFEHnN3cgqu6bCBppDsPhbMG4egEnSz,1780126022
B4tWmhfCBLvRYugPcu6bgP36DVweLc457pywc1a3QJju,1780472375
B8MLLQJhh96kqRdnSx7LY2nQPrfe72ieTV4UnmkcbyP6,1780581144
BF4f54PJbeWdgTXDAgSo9oKYuDuneQvDCuKuzCYFT7i5,1781397069
BT9PhhxAYF8XUhHZUACDAgwLpe7PDCaLAEtF9J2wzNwd,1780679265
BWBbq5UXWn7d47SNWs7bfZLXjtp8eYbHBSTwD9BAm8UU,1780685369
BckyaAwmSR34LG2gVfW5UBai6V7DhPAotw3tm6SNsxx5,1780407700
BeiwKfM82CannyPLAcqgKZ7xXFwyXGnWVTAa6En2UXuJ,1780401492
Bg9K3FyCi58Y8MymSN4iNZdtfUCEEnU2KhHcSXy4ywiR,1780994999
BiXGuxuTfdj7vWiFSsXHaVqCkJjfnrvS8k89SP2REtZL,1779944897
CBqCmW245aZRFcgtGHGiJz68RCTxxL1JSjPNpmxxYX4X,1781104395
CKMM67PfiH82C7T3ywP1rGv3Zzr9EiA7Bv145iCwum6U,1780593554
CUHBzSPSaNS3tArEtM3maSV6pNdJhHJFYZpurPPK9P7H,1780603299
CUPZsnwieacis8yRh7KDJCpo9uKFzhnocZMJkMgayXgB,1780459413
CffMSvWytDxp6hbR1o4NZs2EEPrjALVwxfWPofqCdcLB,1780746315
CnRqswEexSLy5vszb5stsPuJaAjeFAvw5k3exbfrGH5V,1781079590
Conx914UM6pTX5ieKqd1L8nH9AKMWfFoPfZHhTveAQMk,1780728355
CreQJ2t94QK5dsxUZGXfPJ8Nx7wA9LHr5chxjSMkbNft,1780313232
CtRBRtF6VNPSJbqyoqK6NZUci9d2fXEaVGDBSYcGpdnA,1780356760
D1h5cHaKXjUHucVoPqV55eNXDUNYUGbaNc9zDu9h8uwg,1780039877
D2cPnREVBveKSjVcqrNZ2aRroq6t9FUiquU2eyLdTXSE,1780318493
D49uJ3QiKchMYEMyXV1N4U4caNQ3RZCgfCc2kZ3pN6fU,1780286081
D89hHJT5Aqyx1trP6EnGY9jJUB3whgnq3aUvvCqedvzf,1780200956
D8cJRpXaCWVK8c3doDq7Ymoz2XE4WyhFhbgNytWwqptA,1780345711
D9gQ6RhKEpnobPBUdWY5bPQt2p3zGk3iVz6ChpUi2ArA,1780961729
DHYVdjc9UqJv9zuieHfxq52XZRXX3s4TJtUGXDA54s4U,1780247526
DJEhHZFgeNepb2PkXZcPbUUeo4k2LgvK6pZ9d6Hww5CL,1781351209
DJuih94g8eb9dSGYKwJoLqoC541peLbutm58JPFVsFmz,1780358472
DUU6pYC2p7uvnxeGJdimBXWGbPmz5eoEQe3nncy3AVDZ,1780313727
DUywbTZo4L1sn1wZAtQ6LvpsgCshhsF6jdPjrPUm3xcr,1780507832
DWHEZ8JnfGtud25Gjhn3MndpTMshNEd12WMu2ciCa7ri,1780521919
DYmsQudNqJyyDvq86XmzAvrU9T7xwfQEwh6gPQw9TPNF,1779994380
DuUJAEivmJb7bJEvyTVLREZUAw9svFT5SNNBNRMnBiJp,1781459501
DwdrYTtTWHfnfJBiN2RH6EgPbquDQLjZTfTwpykPEq1g,1779759040
DxGLh1AzNZSiwQvausx3pHyq3xuLp2smJ3Xrz8TqZtQJ,1780412264
E3mKygmrAheqaz87E5dNvLyawTH4sipGaMJWAKVLGdJs,1781104388
E472dkk5tChDTRd9yyXzR9pTWbphL2wo74kBgo61fMxW,1779951804
ECAvD6QAKG13pWWnV2JcuC237vMi1jdxHGbbEg5cPXB8,1779951804
EHfsm6DLmozh82nG5EYirnA4CxP2JbWKK4vo8abdWt1b,1780730229
EHmWN6EAByxC4Rqsx9Yk9c6iPCS3m6XiFQnA3Zf4kX6N,1781076593
ELhEWH8WftXUYaTpDwMyJQHZGswKUoaRkTJTQX8gyCDn,1780957535
EMSTRS8MiBYfnk9pUHyd7wcLVsVcATsHxura2emnjDny,1780853689
EMXJqHznGSnSzeMyigBGQNEFw4EeaNDbj1UwaFTpp3sg,1779911670
EUoBzBS4FasdskpqkpHdGJLy8LAKK9dB2JDEWP39knHz,1780435417
EdZoZgqYzripD4MxXcUSHHU11M8EDkqN68DnadZ6QxtY,1780319060
Eh1WJiVyrsLYyUHC7DGag73me6rtqtvhqPXXv3NwevWu,1780355274
EkPueshJy4m6AMcnMCUYupiLLy8DffXr8FXPm1uLHcjb,1780398069
EmJW9ohLKBqm7gZAeuRwMGd31rHximJe6f3QePmHtd6R,1781271946
EtbcbhHjcc7RsM4SxqsRKezJyZiwpeBguSXcYUJ6Brq4,1780539756
ExsX51TQbabuHnup9bVkH84tZda1mrPAYQPXHcWPv7Cy,1780803734
F2rK3tbMuWHTtWmyYMTm1VP3SY6rsXgXJjs7aG6T4C15,1780880158
F5XqYtdUWUT7bbuuKEjckDs8Hwk7j7mhdwGe3YKn5Xf7,1779913934
F7p3dFrjRTbtRp8FRF6qHLomXbKRBzpvBLjtQcfcgmNe,1780238246
FM1YCKED2KaqB8Uat8aB1nsffR1vezr7s6FAEieXJgke,1780867158
FPY3vco6DZT9rcBNfdahYpj6NxviWho8Doh8o4hUcXv2,1780027340
FVCYStDKf4aoaR6Becm9t8vJYW7tbMV5UqPuKSn8Dkk2,1780412684
FWtAMQnyYgRR4J7Hrfn7SZzo2KCPEx1JfYeVF7kSJ23r,1780323646
FZWnSEiqrXPePvgV7mj9KymCfht9vNRBpvC9QtC2Kuwb,1781174497
FbGsufsGXtuUZh8z95EbYiu5mWazPoYHLhsLD25PHuUR,1781350392
FdSCAZV3mWtJtQTSj8b1GRz8PZo2KBR5Wba4wLmsuQN1,1781381120
Fes6HM6hkSBvDcxnJ7eLi3CSRR6fF2sorsFt2XUbV6wy,1780960867
FfxU1AEhdz2q16TAmzgG6wdYP3NKsFz5gkYt4DprYBsH,1780292067
FiNXaErPxN7M8cxCDerRaMc9dAVJuyevTdoaBFpHewna,1780892953
FiwwHe2obYsFoxprUXRWdAgHxMfKwK7ca9YB3g8bmX13,1780448608
FkCcgvCoR6p6BRucCnU1t1DXP97Y3rJeMYBiU1o31nuv,1780361863
FkaNytoDS75fxjhrmBsffGWpZPseoYhPWUixkfsippJ4,1780310582
FncazAs6omJJjtLVzquzT9KoyXn6tFixr9kGjr42ktLj,1780328338
FpwQQhQQoEaVu3WU2qZMfF1hx48YyfwsLoRgXG83E99Q,1780072524
FtGWiQYZR8h1yVoSApwY2JPVrWXc7BJyvyiS3Xr1yZ7C,1780328560
FwvqRm64fpYaqkQJ72a87xvqXEeioSuAqFyhteN3ekt8,1780040653
G9BFdDhdzXETNr87S6tJRcDCdt6pJZ2ePpFEGHyvJxF9,1781305125
G9X7F4JzLzbSGMCndiBdWNi5YzZZakmtkdwq7xS3Q3FE,1779910682
GAxYFXnsTHfjKtjqpcEr1EVtdJ5fNFwXUCAturxYBx4L,1781397313
GJvewfRjqTUPtx6WsBSUnaFbdgXwgXnWfpDyLm65T4YA,1780431585
GNcK2NuEcPci3q2V3GGF2GCp9pWbv77ip9oLUXxD6koc,1780401493
GQFDRoKmkMiXcH8v5XH8LYuMKZXpSNZhu2AmdYxjqTDt,1780780445
GScxxh9jTGv6Q2cFLo9B4rjwTXLzA61SdP1kd6E6Ex1t,1780958596
GTLHSpaRUf2eckKpuy6caqAQ7P1YbwsLsY8GH8GJbxLS,1781121648
GVczPwnN39gEApcNzra4j2fyk2Tzep4vd4qecUuqS6qb,1780595399
GWJhfomLHAHKXJCDvf1QTLFmj4rJiK7K5xRNiCMTEVFA,1780857943
GatisGcKo7iHm7PrvbfiqeFRgjBRxBzWcq8Rinni4RNm,1780304347
GbpjHGUiHhChoFQ9cQJkG5GXoQxTh5sBoPQho13RZffm,1780861151
GigmM8pZVWe5ppbjDbEPj96axZU8snebE27MBr2FJiYd,1780436626
GmGoiVkRsvsTvyb8bSGsgpHJxsh2Cof5Ds9mQGWFcFX4,1780537361
Grr9WnZdcetQywtFXog81UhqmnJyvFhb4AT3ipw44mZP,1780284937
GwyFkQiUgR54nJf6kYV6e1zVj5zvwmPUUG2TzvhBPEiv,1780263371
GxxWfVCijFU5thvBiPxZ1ZBG6q5MqZwS3DXHSVFZUv7w,1780365193
GxyySjUdouS7c66BTPP3yxkRcoHiV62nE85DzhVtomun,1780126022
H8bgyLT1k92p3hkWSRphxryCmD1VRHNccprWU4mxQExz,1779951804
HAG98D37YVMuP1Se8Z5ju9uiBN85L45DbXUcXxzBNcKF,1780579123
HAGpqBKDaNjNcbPFeRGh2on8SisWJjurJdfJiQLDD1xi,1780360411
HBQ2TC2gmX9qeNuCsY9gRTk9hiZLRZaKhvHGj2ZbVoWB,1780682817
HXqM8CQhco8UCfgM6s9bxvhV4XxTmz9Kpg4rdXaSpPFA,1781104377
HYkyzabqDL6ZKzmDvRrFkTbKBSgW7EYPdAcNznX6347L,1781147086
HjuvLWkeoRVuiDCVjZeWrj3cYzG2KV9CExqEJqJQJqJA,1781322498
HnH8HWQrj3UG8vLCY7MxwMo5HqWmZP9DKaLCzbVPxNGH,1780502063
HpTixsgvJzqSLdFdktHtvb7FZkVDCEgWTAWhKQjQhtdX,1780340770
HxWCuZXRpME5gxakCBnA7GfEieHXdMhbRpKALfMqzE1f,1780293583
J1BDJEdvTmmcjeTMVTHLPaaNvuQ3mdxeuWEM1YyMksLy,1780606387
J3hJBr4CemR7ak3BZg4dMwZbPDNCoLfoVDVwCt67M6ME,1780358793
J5DJjX1UTXA8hC8n5XdEJbXKULkqUzBj98fkZhB2udTq,1780781804
N9SyhAXDckG4y2B911paJPpwS7cvxWSxcng53mebXGf,1779919627
QToZTc15tv6iDadCzssVaKUYHhWWQUwBo1CK98G75uq,1780517362
bwamJzztZsepfkteWRChggmXuiiCQvpLqPietdNfSXa,1780535294
cashgL9xiMtJ3G2XG64JEPMP8QxwoLz6HKY3tZWxh2R,1780504187
fr6yQkDmWy6R6pecbUsxXaw6EvRJznZ2HsK5frQgud8,1780873444
iSxusx43sJqCxZcG9xwjnNsTq83o3evWgwZTs3HRTVw,1780973034
intumWc7XLszHH6x177hZ1qaK3ew6uTUxr2wh3ZC1UC,1781175721
is6MTRHEgyFLNTfYcuV4QBWLjrZBfmhVNYR6ccgr8KV,1780125865
jDuHqpdRn7WdqQWja98qaKEd9wF9KeWpgVRHCVhAgcZ,1780622267
wNRV9s4MgNsbe4MTiHnLL3rPHN94UjRN6GzT6CX8uBL,1780351549
y5Y5SA5ycj15Lv8ex1wBk5YmEuY3v4qSWbQRaaxS2Rn,1781260382
zLfwHBE2WwFdA3N9Z354mdpkxYiMwYr27GS7eBT5k4h,1780383940
