address,n_tx,n_out,n_recipients,top_amount_share,payer_share,service_like
12r8y1zXD9oRQXczPhYPj2ZoN2TfxKfkykViFchd6ZKT,100,72,28,0.306,0.78,False
25YT1KpygvwdmPq8d4K54Tvbk869JjSg1xwPdRXrYx7T,100,62,34,0.484,0.69,False
29eFN4xhpfbJ6wV49pC2ZDrGPFq9Hc4MogxZriC3YpyF,100,70,62,0.029,0.81,True
2DSXx1tG1wZNys9VExaB4BH9erJnYA7tAaxt58o39fwo,17,11,11,0.545,0.529,False
2DukyJiGvCgdWFKo4YgTpeptGedU3MnSgCvHEFCC2HGY,100,65,26,0.154,0.8,False
2EyvrLk8uUPqoUsaAeQe5ZiYvp9tM8Wje9bMSd2k5qJo,16,6,5,0.167,0.375,False
2Hgx1GjKRuH9H21Fzz7uGiqh1Fcz3wMP5PmgpDbyDDYp,100,17,16,0.059,0.18,False
2KCYSG6WLz1Sqb1BABkmqhWBGeKrKBDxxiigaMQCVpLx,100,62,34,0.484,0.69,False
2NnSP26qK8ND1RavntMXrYtaQx7sm7VgJNkAaVrMSJ8j,10,6,6,1.0,0.6,False
2RxaPmTaXeP57CpHgGtwGkpTxg8QC8981JHsd3r3UFmj,100,23,23,0.087,0.23,False
2SPgryy8wQMvr3dAWJMWUQverBCjNT1ZQs7KExEWVpik,100,16,2,0.312,0.16,False
2U4q9c8ZkVytMRMr8VLSuUSKjmMsrLVe2SwEWeSqekVy,100,62,34,0.484,0.69,False
2UL8hbNaoErAYNePqgQYPP9yDCDRZGWbzKW4krLqkhNL,100,73,60,0.041,0.81,True
2XeBJjRmx2H3zMmDSYJ7XH4hjHEiBvPfzvwqPCB2C2gs,100,47,28,0.106,0.91,False
2r9xxWfUHH5AUBSjncnLNASa8r6nCGhbP54MY7Gg79Kv,100,3,3,0.333,0.99,False
2ucD8nYHHy7S6NGkHcwMHgAberNkm92Pw5KCznutfQMM,100,59,38,0.203,0.9,False
2xREcoGwqoXNpwqL4cXHhxLJutAcif8Vwa89WY3WNF4n,100,124,59,0.129,0.59,True
2xpKBkzBoAretBBsJYmhzouZR1WZuZFuT6jwoRSFz8Ed,100,93,41,0.312,0.87,False
2xxaEn5sHX19G3V1bcTHSFDJtk9YbMiEkJWkqmZJBVBz,100,85,37,0.153,0.89,True
35uXFS2fDxarAtmLUcFpE6uhGVWFU17zNu9Wfih8dfrW,100,29,21,0.172,0.5,False
36A6mEN5rYJdVTb6fMqVvG6ez8g2mTYdr1omWcQ1kDKG,100,35,25,0.343,0.28,False
36pfB9fX5X5hATjRj2Eat2KqZgKN2Q3AUQMgyYqqnWwg,100,16,6,0.125,0.59,False
3CwqGbX9ntH1mPFfF3vBqXzuzDcfcSUSWGyvhnEng9K2,100,5,5,0.2,0.06,False
3TJsN5VaESVeSGFHWpk4aJgA89UiHoQN2Y9MyBXHUiMb,100,24,24,1.0,1.0,False
3UWMaBHL5jE7hGmEDSmDPWFwQK3YJ39nBRFcxdGPSN5C,100,90,26,0.356,0.61,False
3VpKZVMpXWCAv7KqFNvQDL8UvBUMXsNDsvTrbAdw5WRv,9,5,5,0.4,0.444,False
3Y2Srf8LN1KQpQBbvK3vTuhhZbd1U3DDKttM3Mem3Syv,100,77,77,0.052,0.79,True
3bSjPh3Jo8F2yipk1R1hS6d4SUuAcFUbzTGe4QCDu8ak,23,15,13,0.267,0.652,False
3kwxoY3Y2MHSRkkd7pQaMn4kDLNv3vXcBkdvgvTPjuws,100,31,6,0.097,0.32,False
3s4nM7QwLhpGiGFzogcNrS9JwuviKgGyX9pHEXCBmGGY,100,68,34,0.029,0.92,True
3x8rkj1PZgMh62DyeCmW1NxVgi2AX9LCEPF2q1WpYraV,21,5,5,0.2,0.238,False
3xBwXG2P9j4v6hig9ebjU8MH2EwjfmofqemUigpkYNAi,100,58,32,0.517,0.66,False
3zcSg7FU3VVE2BsWng2dfPcCAF4yqKuoDofohvhzV3ZT,100,2,2,0.5,0.97,False
41Ld2VDsnWSCF6Bg8zxvnyNdfUSyUnNqP6KfBRMBJ44t,100,10,7,0.2,0.1,False
42iW6EyXmnxPpxaKyh4Bwwf8GY48QcBLGoAepBU5UhPc,100,39,22,0.051,0.77,False
4Vxf9xGPKUkqDX95RFcbU5bTQ3ZADeVHXcBhazvNBZ8Y,100,2,2,1.0,0.02,False
4gKjjye5GDXR15s1VgB3ZMKVBf97H4DUfAZcst4KSRdW,100,145,130,0.021,0.98,True
4mvhY1P3DszLsnbPaumA12XqiC5tVuYeUzYeRTarBv2H,100,100,2,0.05,0.0,False
4raqd4tCEnm2yGeUocVqPgN2MPB1W6A3EZfC8LoMChvf,100,27,24,0.037,0.62,False
4tUAH4PaRMt47JbMoK1cmfWQPKdaPd4nuLhAuDLUtFx9,100,110,60,0.136,0.89,True
4uCT4g7YHH4xxfmfNfKUDenwGrRNGoZ9Ay1XFxfUGhQG,100,81,28,0.284,0.61,False
52pdBERwHvtKjUcLGMu8ot1Fo2oBXoSpsWNnSiJkxRHa,100,62,34,0.484,0.69,False
54cpx1qwLtr8PPwTi4TS7qFRVsKbLtUhdqdcAp2icg1N,100,64,35,0.078,0.87,True
5F1seMKUqSNhv45f6FhB2cFmgJbk8U1avJw7M6TexUq1,100,94,80,0.053,0.99,True
5F2XmNvEfTmpXw8riK3YRWWvcZbLd1pfYtbvi9j2ty8f,100,27,23,0.148,0.38,False
5FoM5cGBrL4zFRVbJnyQnsQqpTboX7STK9iUXs1c8Axq,100,62,34,0.484,0.69,False
5FqUo9aBjsp7QeeyN6Vi2ZmF2fjS4H5EU7wnAQwPy17z,100,124,43,0.298,0.94,False
5GvZaRHh7NbhS5gFkcNBY5Tpq1F17C1RFL5vQQzavtgv,100,68,28,0.176,0.78,False
5HQZd9ovzAF1TLnHRAq1zcSnXC9HAp3EwhoxMHvo8rxB,100,17,15,0.118,0.32,False
5QDtfFdBxaUP3vT7bK5F1MHRUnkpTFW1Wj4GqCU7kk9X,100,48,45,0.042,0.48,True
5TjSh51DeZfDF2mWTYPDWzJhYkNkMQk3ZHfq13JaKHkf,100,29,25,0.034,0.75,False
5iuDDh6HhW5QdTRN1YfLz2hpv2ktzuRAT2BBTJB1fD8k,100,49,37,0.286,0.59,False
5ndLnEYqSFiA5yUFHo6LVZ1eWc6Rhh11K5CfJNkoHEPs,100,21,21,0.095,0.62,False
5rHqMEqAxDaV21zFP5TDYB1mTbC4tyzWru8pknXW8DEv,100,138,48,0.333,0.83,False
5uFDgyoWh4xQhwbFi5aDmub9DVyotwugaCkMGjcL6Vfv,58,34,19,0.235,0.586,False
5z4A27o8BcMJN5KBrBxXhajTifbEPhQY5s7pjKLzQ4M,15,13,11,0.154,0.667,False
69SNcRC8NqjHBSXEcugCN5oFKRQoKmddmWzZYc3tqtxk,100,81,26,0.037,0.94,False
6HxCPEGbm2Ui2YNnLHSUcS1s8ui7kv98Lwk3VCHGy8nb,100,29,18,0.172,0.86,False
6KcUjwtoHD76hD3tEjZXcZwNxm7SGJA1jruL6E8tCmbf,100,50,31,0.22,0.38,False
6UFryWjD4HmPHeuGqwV2xPeZMpzpPz35XchvhMxyrazX,36,3,3,0.333,0.083,False
6UWsi9WKQbE5jLxLcycfr5NZ1DQGVNKUCkW1pzUaRVCE,100,64,23,0.188,0.33,False
6Yd4LpaRMGRPrsYe3hdnCeqPrWzMRsRdaFpoGgMsGFw8,100,58,32,0.517,0.66,False
6z51o3BNbYLJTL7SeGeHJQNpoc7rcWt8f6mzUg533uYe,100,81,58,0.099,0.73,True
76iXe9yKFDjGv3HicUVVy8AYxHLC71L1wYa12zaZzHHp,100,32,27,0.062,0.41,False
7ABz8qEFZTHPkovMDsmQkm64DZWN5wRtU7LEtD2ShkQ6,100,159,43,0.119,0.8,True
7AMYfcGnanKPSha8WzzeEfxxkvHDfwtND3ShXiaey31M,100,70,44,0.357,0.74,False
7BVsMqCRoeEtvVeasYGrRhy83gHr5ZSJBnpV7QeCFQs4,100,104,54,0.163,0.73,True
7HeD6sLLqAnKVRuSfc1Ko3BSPMNKWgGTiWLKXJF31vKM,100,1,1,1.0,0.01,False
7PgDCHkNS8kLg34rytQyVLmeLANZcNN4isJqRjx3687z,100,89,46,0.09,0.77,True
7j7AA3HZR2zEjwAQEKPFh2qucLY4fqZpB9iodf39w8xW,100,90,33,0.111,0.79,True
7nUzfT62NNRDUpDHetsD7PeG4A4B5f3pGQYNmFEu55Ez,46,4,4,0.75,0.087,False
7naFFwuEJWeWwWYQUkgAWHsxYKg3KctEuUj42JdAMidP,100,21,13,0.476,0.17,False
7u1nizUTEaQiqY1BFs3S3FnPFBHZeqivFCUv49yV7SkE,58,20,7,0.3,0.345,False
7zrfWFJrjPkqUEPs7dH65a9ys9iBZCQreBoazDaqzgvv,100,92,45,0.239,0.77,False
8CjPBgEtjwkxX7VDo3yc1Gt8kMqRoHfMWAYUr47WLgnK,100,63,34,0.476,0.69,False
8Ltv5royXzxVG3tAhVhRnfXrzapS5Dwqt1ocxprgu6YP,100,32,31,0.281,0.93,False
8QCVZ7KL65pBhUxbvfwbyyg4ronxNAEXbDrGLYLrRNn5,100,88,76,0.057,0.96,True
8TUksmP1Z51468CPNUmE921tBvCfjCHEb2LQZCoJsf9e,100,62,34,0.484,0.69,False
8ZN71XTdVo8yRovnGLmNgW3Tgniw6A4J3JGLvPD686FP,100,56,26,0.464,0.84,False
8d9FNC7AgKLTCPKNd3MMkLLXZYLmiYFYR3vfXMBNJVNx,100,68,59,0.074,0.97,True
8dsegjn5FkiABuRqfSaFkJ1SNrmcdLpa6UU1s9fjNR7s,41,20,3,0.1,0.488,False
8iXGLeP1k123nrFFbWa1swgbT1bMV4QA2FsTmGQhyaU2,100,13,10,0.154,1.0,False
8innm2WjKqDNZwiwXsgWD4ouMpF67XriNhKxeZ44YpHc,100,65,33,0.246,0.84,False
8khy29tk5y6U6Fdjsoe9ySFFm84hR7shhdRHHPUWkZYW,100,7,5,0.286,0.97,False
8ntH2kp6JYpgbDNppncSjNkNnjofLunELbM42PwaaLBx,30,4,4,0.75,0.133,False
91TNXncJEDc9f895wNAPHTsoT3yhfFCSfmzPcKHeKVDA,100,62,30,0.048,0.97,True
922VvmmYDHV9KMTJJ71Y5Yd3Vn7cfJuFasLNSsZPygrG,100,80,15,0.1,0.85,False
92wtWR236votBakxzej8eCMimK7za9NAqqfyY5ZmqHkx,100,40,6,0.425,1.0,False
95ipm63sgxs1oHtn9rHfuvPKRRA6ZGeL7yBni8aynDW5,100,92,70,0.065,0.99,True
9Eu6RAmW9xak7Rt5yrzymuG9efShZPnJJtDa3bx9Li9,5,6,6,0.167,0.6,False
9K1cPs6FQkjSEU8qCRCE2yQEucGqoiZNWvBjhqfuKdmC,100,187,91,0.406,0.81,False
9WcXdkmCPsMoDVMAai23SyiYLpYmqvzTPUhRjgFTCjPy,100,62,34,0.484,0.69,False
9jA4MUtsPAXy3ZhsiQUhkSXMop2ogrCWYv7rE9xovsWp,100,26,23,0.077,0.58,False
9obNtb5GyUegcs3a1CbBkLuc5hEWynWfJC6gjz5uWQkE,100,68,67,0.044,0.99,True
9ssZasGGVBSLkEY6ufsmEmMMKf4w54jQ3ZheVXNxCk8v,100,62,34,0.484,0.69,False
AGCBg36mHeYEWXPFptgGvBc87emibzazVBsEnXjN7aWe,100,62,34,0.484,0.69,False
AJmbna9ftuv9GtS8SAgBbJpWJpURrUJueLqwnCq2D8iC,100,110,66,0.109,0.87,True
APPgbxAPv6XD3gTrQmp5QMxbYzm98ggrJtyX54Dupdm4,100,68,20,0.353,0.99,False
APQYU3ySjB9Lh5dAwBHEKN4Za59mXxgznXRUEQ7aUk5L,100,49,30,0.163,0.77,True
AYEHKbGooTCishm755ArC88YZPJ29Rfh3b4q2hpyJPAQ,100,44,23,0.227,0.9,False
Abx2tnNPw1BEBnmYz3fmeHGzJwu99CvcLHm2nYjWmMtt,3,6,6,0.167,0.667,False
Aes35rP7kHZepsXrLkLkFGvqporpkHMDe9DsVoMTwJST,100,20,20,0.1,0.01,False
AkHnjaCgLdE8Rko25hju7qeSWf1Caf9tXpBzgCtij5Ld,100,55,44,0.018,0.55,True
AonGzDPrqwe6Kkv8eXqU46ud7RZNQcJz1taemXPLHNNj,100,91,21,0.154,0.97,False
AyWXky9gkaTEniFEHnN3cgqu6bCBppDsPhbMG4egEnSz,100,62,34,0.484,0.69,False
B4tWmhfCBLvRYugPcu6bgP36DVweLc457pywc1a3QJju,100,7,7,0.571,0.09,False
B8MLLQJhh96kqRdnSx7LY2nQPrfe72ieTV4UnmkcbyP6,42,74,15,0.068,0.905,False
BF4f54PJbeWdgTXDAgSo9oKYuDuneQvDCuKuzCYFT7i5,16,7,7,0.571,0.688,False
BT9PhhxAYF8XUhHZUACDAgwLpe7PDCaLAEtF9J2wzNwd,100,48,19,0.25,0.68,False
BWBbq5UXWn7d47SNWs7bfZLXjtp8eYbHBSTwD9BAm8UU,10,1,1,1.0,0.2,False
BckyaAwmSR34LG2gVfW5UBai6V7DhPAotw3tm6SNsxx5,100,34,7,0.294,0.34,False
BeiwKfM82CannyPLAcqgKZ7xXFwyXGnWVTAa6En2UXuJ,100,187,59,0.053,0.58,True
Bg9K3FyCi58Y8MymSN4iNZdtfUCEEnU2KhHcSXy4ywiR,77,47,15,0.553,0.74,False
BiXGuxuTfdj7vWiFSsXHaVqCkJjfnrvS8k89SP2REtZL,45,7,6,0.286,0.156,False
CBqCmW245aZRFcgtGHGiJz68RCTxxL1JSjPNpmxxYX4X,100,14,11,0.214,0.88,False
CKMM67PfiH82C7T3ywP1rGv3Zzr9EiA7Bv145iCwum6U,100,56,21,0.054,0.9,False
CUHBzSPSaNS3tArEtM3maSV6pNdJhHJFYZpurPPK9P7H,100,123,45,0.065,0.83,True
CUPZsnwieacis8yRh7KDJCpo9uKFzhnocZMJkMgayXgB,100,125,60,0.184,0.83,True
CffMSvWytDxp6hbR1o4NZs2EEPrjALVwxfWPofqCdcLB,100,129,47,0.271,0.91,False
CnRqswEexSLy5vszb5stsPuJaAjeFAvw5k3exbfrGH5V,100,91,49,0.308,0.71,False
Conx914UM6pTX5ieKqd1L8nH9AKMWfFoPfZHhTveAQMk,100,88,39,0.216,0.87,False
CreQJ2t94QK5dsxUZGXfPJ8Nx7wA9LHr5chxjSMkbNft,100,22,12,0.091,1.0,False
CtRBRtF6VNPSJbqyoqK6NZUci9d2fXEaVGDBSYcGpdnA,100,47,34,0.128,0.83,True
D1h5cHaKXjUHucVoPqV55eNXDUNYUGbaNc9zDu9h8uwg,100,62,34,0.484,0.69,False
D2cPnREVBveKSjVcqrNZ2aRroq6t9FUiquU2eyLdTXSE,43,43,14,0.116,0.884,False
D49uJ3QiKchMYEMyXV1N4U4caNQ3RZCgfCc2kZ3pN6fU,100,109,47,0.275,0.87,False
D89hHJT5Aqyx1trP6EnGY9jJUB3whgnq3aUvvCqedvzf,100,76,74,0.053,0.99,True
D8cJRpXaCWVK8c3doDq7Ymoz2XE4WyhFhbgNytWwqptA,100,14,14,0.143,1.0,False
D9gQ6RhKEpnobPBUdWY5bPQt2p3zGk3iVz6ChpUi2ArA,100,108,29,0.306,0.76,False
DHYVdjc9UqJv9zuieHfxq52XZRXX3s4TJtUGXDA54s4U,100,1,1,1.0,0.01,False
DJEhHZFgeNepb2PkXZcPbUUeo4k2LgvK6pZ9d6Hww5CL,100,128,8,0.508,0.97,False
DJuih94g8eb9dSGYKwJoLqoC541peLbutm58JPFVsFmz,100,41,26,0.049,0.41,False
DUU6pYC2p7uvnxeGJdimBXWGbPmz5eoEQe3nncy3AVDZ,100,15,9,0.2,0.15,False
DUywbTZo4L1sn1wZAtQ6LvpsgCshhsF6jdPjrPUm3xcr,100,24,2,0.042,0.37,False
DWHEZ8JnfGtud25Gjhn3MndpTMshNEd12WMu2ciCa7ri,100,20,14,0.35,0.16,False
DYmsQudNqJyyDvq86XmzAvrU9T7xwfQEwh6gPQw9TPNF,100,44,19,0.205,0.89,False
DuUJAEivmJb7bJEvyTVLREZUAw9svFT5SNNBNRMnBiJp,54,21,20,0.238,0.444,False
DwdrYTtTWHfnfJBiN2RH6EgPbquDQLjZTfTwpykPEq1g,100,86,82,0.035,1.0,True
DxGLh1AzNZSiwQvausx3pHyq3xuLp2smJ3Xrz8TqZtQJ,100,111,59,0.252,0.85,False
E3mKygmrAheqaz87E5dNvLyawTH4sipGaMJWAKVLGdJs,100,112,41,0.33,0.91,False
E472dkk5tChDTRd9yyXzR9pTWbphL2wo74kBgo61fMxW,100,62,34,0.484,0.69,False
ECAvD6QAKG13pWWnV2JcuC237vMi1jdxHGbbEg5cPXB8,100,62,34,0.484,0.69,False
EHfsm6DLmozh82nG5EYirnA4CxP2JbWKK4vo8abdWt1b,100,58,32,0.31,0.65,False
EHmWN6EAByxC4Rqsx9Yk9c6iPCS3m6XiFQnA3Zf4kX6N,100,92,55,0.174,0.69,True
ELhEWH8WftXUYaTpDwMyJQHZGswKUoaRkTJTQX8gyCDn,3,1,1,1.0,0.333,False
EMSTRS8MiBYfnk9pUHyd7wcLVsVcATsHxura2emnjDny,100,93,41,0.247,0.98,False
EMXJqHznGSnSzeMyigBGQNEFw4EeaNDbj1UwaFTpp3sg,100,83,79,0.036,1.0,True
EUoBzBS4FasdskpqkpHdGJLy8LAKK9dB2JDEWP39knHz,100,20,4,0.05,0.2,False
EdZoZgqYzripD4MxXcUSHHU11M8EDkqN68DnadZ6QxtY,54,28,9,0.071,0.519,False
Eh1WJiVyrsLYyUHC7DGag73me6rtqtvhqPXXv3NwevWu,100,46,22,0.152,0.25,False
EkPueshJy4m6AMcnMCUYupiLLy8DffXr8FXPm1uLHcjb,100,2,1,0.5,0.02,False
EmJW9ohLKBqm7gZAeuRwMGd31rHximJe6f3QePmHtd6R,2,5,5,0.2,0.5,False
EtbcbhHjcc7RsM4SxqsRKezJyZiwpeBguSXcYUJ6Brq4,100,21,20,0.048,0.28,False
ExsX51TQbabuHnup9bVkH84tZda1mrPAYQPXHcWPv7Cy,100,51,51,0.98,0.04,False
F2rK3tbMuWHTtWmyYMTm1VP3SY6rsXgXJjs7aG6T4C15,8,7,6,0.286,0.875,False
F5XqYtdUWUT7bbuuKEjckDs8Hwk7j7mhdwGe3YKn5Xf7,100,30,19,0.433,0.3,False
F7p3dFrjRTbtRp8FRF6qHLomXbKRBzpvBLjtQcfcgmNe,100,36,17,0.111,1.0,False
FM1YCKED2KaqB8Uat8aB1nsffR1vezr7s6FAEieXJgke,100,58,28,0.121,0.74,False
FPY3vco6DZT9rcBNfdahYpj6NxviWho8Doh8o4hUcXv2,100,62,34,0.484,0.69,False
FVCYStDKf4aoaR6Becm9t8vJYW7tbMV5UqPuKSn8Dkk2,100,73,46,0.342,0.88,False
FWtAMQnyYgRR4J7Hrfn7SZzo2KCPEx1JfYeVF7kSJ23r,100,52,42,0.077,0.98,True
FZWnSEiqrXPePvgV7mj9KymCfht9vNRBpvC9QtC2Kuwb,17,14,6,0.071,0.471,False
FbGsufsGXtuUZh8z95EbYiu5mWazPoYHLhsLD25PHuUR,2,4,4,1.0,0.5,False
FdSCAZV3mWtJtQTSj8b1GRz8PZo2KBR5Wba4wLmsuQN1,28,24,24,1.0,0.857,False
Fes6HM6hkSBvDcxnJ7eLi3CSRR6fF2sorsFt2XUbV6wy,100,37,10,0.351,0.37,False
FfxU1AEhdz2q16TAmzgG6wdYP3NKsFz5gkYt4DprYBsH,100,33,26,0.091,1.0,False
FiNXaErPxN7M8cxCDerRaMc9dAVJuyevTdoaBFpHewna,100,82,78,0.037,0.89,True
FiwwHe2obYsFoxprUXRWdAgHxMfKwK7ca9YB3g8bmX13,100,2,2,0.5,0.02,False
FkCcgvCoR6p6BRucCnU1t1DXP97Y3rJeMYBiU1o31nuv,100,60,40,0.1,0.43,True
FkaNytoDS75fxjhrmBsffGWpZPseoYhPWUixkfsippJ4,100,134,45,0.149,0.86,True
FncazAs6omJJjtLVzquzT9KoyXn6tFixr9kGjr42ktLj,100,50,47,1.0,0.5,False
FpwQQhQQoEaVu3WU2qZMfF1hx48YyfwsLoRgXG83E99Q,100,68,68,0.044,1.0,True
FtGWiQYZR8h1yVoSApwY2JPVrWXc7BJyvyiS3Xr1yZ7C,100,116,29,0.121,0.93,False
FwvqRm64fpYaqkQJ72a87xvqXEeioSuAqFyhteN3ekt8,100,91,48,0.198,0.7,True
G9BFdDhdzXETNr87S6tJRcDCdt6pJZ2ePpFEGHyvJxF9,100,57,46,0.14,0.85,True
G9X7F4JzLzbSGMCndiBdWNi5YzZZakmtkdwq7xS3Q3FE,100,19,18,0.053,0.25,False
GAxYFXnsTHfjKtjqpcEr1EVtdJ5fNFwXUCAturxYBx4L,38,22,22,0.091,0.579,False
GJvewfRjqTUPtx6WsBSUnaFbdgXwgXnWfpDyLm65T4YA,100,65,27,0.154,0.99,False
GNcK2NuEcPci3q2V3GGF2GCp9pWbv77ip9oLUXxD6koc,100,168,42,0.089,0.58,True
GQFDRoKmkMiXcH8v5XH8LYuMKZXpSNZhu2AmdYxjqTDt,87,115,69,0.296,0.828,False
GScxxh9jTGv6Q2cFLo9B4rjwTXLzA61SdP1kd6E6Ex1t,100,73,32,0.096,0.85,True
GTLHSpaRUf2eckKpuy6caqAQ7P1YbwsLsY8GH8GJbxLS,100,98,25,0.041,0.99,False
GVczPwnN39gEApcNzra4j2fyk2Tzep4vd4qecUuqS6qb,100,41,26,0.146,0.41,False
GWJhfomLHAHKXJCDvf1QTLFmj4rJiK7K5xRNiCMTEVFA,20,7,7,0.571,0.3,False
GatisGcKo7iHm7PrvbfiqeFRgjBRxBzWcq8Rinni4RNm,100,184,57,0.071,0.57,True
GbpjHGUiHhChoFQ9cQJkG5GXoQxTh5sBoPQho13RZffm,100,93,57,0.28,0.91,False
GigmM8pZVWe5ppbjDbEPj96axZU8snebE27MBr2FJiYd,100,34,5,0.353,0.37,False
GmGoiVkRsvsTvyb8bSGsgpHJxsh2Cof5Ds9mQGWFcFX4,100,131,47,0.275,0.85,False
Grr9WnZdcetQywtFXog81UhqmnJyvFhb4AT3ipw44mZP,100,146,63,0.041,0.99,True
GwyFkQiUgR54nJf6kYV6e1zVj5zvwmPUUG2TzvhBPEiv,100,57,31,0.123,0.57,True
GxxWfVCijFU5thvBiPxZ1ZBG6q5MqZwS3DXHSVFZUv7w,100,42,16,0.048,0.91,False
GxyySjUdouS7c66BTPP3yxkRcoHiV62nE85DzhVtomun,100,62,34,0.484,0.69,False
H8bgyLT1k92p3hkWSRphxryCmD1VRHNccprWU4mxQExz,100,62,34,0.484,0.69,False
HAG98D37YVMuP1Se8Z5ju9uiBN85L45DbXUcXxzBNcKF,100,12,7,0.333,0.13,False
HAGpqBKDaNjNcbPFeRGh2on8SisWJjurJdfJiQLDD1xi,29,31,20,0.258,0.828,False
HBQ2TC2gmX9qeNuCsY9gRTk9hiZLRZaKhvHGj2ZbVoWB,100,50,39,1.0,1.0,False
HXqM8CQhco8UCfgM6s9bxvhV4XxTmz9Kpg4rdXaSpPFA,100,11,8,0.273,0.98,False
HYkyzabqDL6ZKzmDvRrFkTbKBSgW7EYPdAcNznX6347L,100,71,67,0.042,0.96,True
HjuvLWkeoRVuiDCVjZeWrj3cYzG2KV9CExqEJqJQJqJA,100,30,21,0.067,0.45,False
HnH8HWQrj3UG8vLCY7MxwMo5HqWmZP9DKaLCzbVPxNGH,25,21,17,0.286,0.56,False
HpTixsgvJzqSLdFdktHtvb7FZkVDCEgWTAWhKQjQhtdX,100,16,2,0.125,0.16,False
HxWCuZXRpME5gxakCBnA7GfEieHXdMhbRpKALfMqzE1f,10,4,4,0.5,0.4,False
J1BDJEdvTmmcjeTMVTHLPaaNvuQ3mdxeuWEM1YyMksLy,100,62,57,0.032,0.62,True
J3hJBr4CemR7ak3BZg4dMwZbPDNCoLfoVDVwCt67M6ME,100,64,23,0.156,0.8,False
J5DJjX1UTXA8hC8n5XdEJbXKULkqUzBj98fkZhB2udTq,100,140,42,0.229,0.74,False
N9SyhAXDckG4y2B911paJPpwS7cvxWSxcng53mebXGf,100,109,34,0.165,0.81,True
QToZTc15tv6iDadCzssVaKUYHhWWQUwBo1CK98G75uq,100,17,2,0.353,0.17,False
bwamJzztZsepfkteWRChggmXuiiCQvpLqPietdNfSXa,100,24,17,0.417,0.19,False
cashgL9xiMtJ3G2XG64JEPMP8QxwoLz6HKY3tZWxh2R,100,26,12,0.077,0.05,False
fr6yQkDmWy6R6pecbUsxXaw6EvRJznZ2HsK5frQgud8,100,73,69,0.041,0.94,True
iSxusx43sJqCxZcG9xwjnNsTq83o3evWgwZTs3HRTVw,45,24,14,0.125,0.578,False
intumWc7XLszHH6x177hZ1qaK3ew6uTUxr2wh3ZC1UC,85,48,24,0.146,0.529,False
is6MTRHEgyFLNTfYcuV4QBWLjrZBfmhVNYR6ccgr8KV,100,11,11,0.091,0.11,False
jDuHqpdRn7WdqQWja98qaKEd9wF9KeWpgVRHCVhAgcZ,100,15,1,0.133,0.29,False
wNRV9s4MgNsbe4MTiHnLL3rPHN94UjRN6GzT6CX8uBL,100,2,2,0.5,0.02,False
y5Y5SA5ycj15Lv8ex1wBk5YmEuY3v4qSWbQRaaxS2Rn,100,107,23,0.075,0.65,False
zLfwHBE2WwFdA3N9Z354mdpkxYiMwYr27GS7eBT5k4h,100,81,80,0.049,0.88,True
