mint,got_coin,got_md,telegram,twitter,website
GESqhvqip872LijB7vGczUYGeVtYy7zjq36K85Qkpump,True,False,,,
2kFkFUfFNrCXpfuZpgGkvP29oknAcF1whV4ioPWJpump,True,False,,,
7njfvBiie6bAwssMuJoBPiAqzbG3gUSbbg2dqfAHpump,True,False,,,
62QNBaPFUUYYSGLgFbvYuHpDoJBpq85EtwGh6JPweBsX,True,False,,,
FFF9krYC5Z3x97Rna7Xete5Pwjun9mc9KW2ex7Cwpump,True,True,,https://x.com/i/status/2061312995276566533,
kzahvEPRcHoTmKH1PYobzTT6pB3mMwHzGV7nQtYpump,True,True,,https://x.com/AniTVOfficial/status/2063314816064786518,
GJcN9Qnh7HF9Haf4qAV1dstoGKyy45B88oTiiUQqpump,True,True,,,
GojKYx15En8WfV8hWyPV5xSsbNLyi278x2eCLf3pump,True,False,,,
39ZYoo5R4oNTNhocpA4t38MbKqvtpuyDdLdLTTrEpump,True,False,,,
5iLDFa4FSLBr3MCA1r4PSmMndmcbTomrimEQDHhUpump,True,False,,,
cS91hcJihrNVZxUCTBZeDoSGgWhYdSjiNNFSA4jpump,True,False,,,
5xufYNFWkWrkBzdjTFrXAxJG8stf2dE1nhV7HAJ5pump,True,False,,,
D33v5SDKjF4hNH7nfAHjs9Xz1DEdTHN8pz2P9ja1pump,True,False,,,
7e4Ye9qFQjfYZgYVmoknhrt9ZXVQHLZYXBWvyEtipump,True,False,,,
8wfPw8qmgrfqXkyHJD3vUd3mHYjtea5DU2dTLpF5pump,True,False,,,
HZQerbAFxBCh6dWGgJ7qYx8jK6hDiPe7bsdfFpTZpump,True,True,,,
4wskHxkPjcRRmmMoQ8SKezBfi68VqjQsTgBv3Srwpump,True,False,,,
4TeJf9x1aPeqLxeq2A4c1ZgYPfuFt7tBmATMg4gYpump,True,True,,,https://fliparena.fun/
G2a9qyib1WyxTpX9HGR2SGrYdX8dyQDLFJhyKYSKpump,True,False,,,
4BzL18nFF93j2vXMV4X3zChSuSK3h4qyu2M1ei6Spump,True,True,https://t.me/usefillr,https://x.com/use_fillr,https://usefillr.app/
G3qJHWM44b9biNjqNhzrewrnSyNrsFHeRnPsNeNHpump,True,False,,,
57d6p2RTiWuW3zQo4s4rg7bC2P5oPMveqLCg8vTpump,True,False,,,
EkuZc5ukN4ifTEqzophDFLreqoTkEc5DAjNCAT8mpump,True,False,,,
6xUoG8JtjYxKfBD3nsLGp8n9pGzKUigF5WTwWyy1pump,True,False,,https://x.com/pumpdotliquid/status/2061994290381791355?s=20,https://www.pumpliquidgg.com/
87KyEjLDi9o1go49qtxpGKBrXss4kPtHJsPLA46Wpump,True,False,,,
7UxRJ2WLvf22grmR5vzLNKSWFVh6prxHsdqi3hhppump,True,False,,,
EsYuoZ92Q5FgGcqP2qaRBesiDVpSJMpBnaP6WeFKpump,True,False,,,
Gixo8sqqWbSWrHJdTiUPDWrUsZE7CrCXANsirgGypump,True,False,,,
Kz9hJ2DL7WFDvTp2SF9dzAGfSGzcBRBLFWHi8m4pump,True,False,,,
5ZGCf2A48RkZGCUMz4V76PsQKoBFnu6g2SHRW7u3pump,True,False,,,
7NKUqnq4SWiQ8onYar6xZ1rDkyX8WgCPbjAoDsRSpump,True,False,,,
A1PwhCfSgbuZcHQeTdj4x3W6cfuQdaMqeUkKrn5fpump,True,False,,,
APAcoxEWSrghGcVCQQsYVB1Pe6jrYa3yEXkUTRHPpump,True,False,,,
G3suP4ioz6LayUUGYAYeQNhLuXw8fbv1NshGVYxEpump,True,False,,,
7vcpKuYnBNaMhb3uP8R3nJUP9QYrbqWPdCajrEA4pump,True,False,,,
Kr79aVFsYm8UTirhivtV9xovoqbdGus6sMNMkTMpump,True,False,,,
Ff9X8NhgytQCEoXcmjSNx8638mKXQxUeEd36AWEkpump,True,False,,https://x.com/CardboardSolana/status/2062008146760171663?s=20,https://x.com/Collectibles/status/2061840262561767875?s=20
83Ph9dVgLR9WdKYX7GeLLbQAskhd3wFHWH4DhzmNpump,True,False,https://t.me/crocc_sol,https://x.com/Crocc_sol,https://crocc.wiki/
2afBdRcYzNtePzSU6kG2rVTiDsBbtWrGB4vTnfDofr6m,True,False,,https://x.com/TPointUK/status/2062929442855399742,
5YkwqwAJKku3gVqp3tuSvg118BgzjTJBV7RNWLzJpump,True,False,,,
