日期,信息族,卡片与版本,数据窗口,类型,变体数,内容,改变了什么,证据层级,commit,记录者
2026-09-30,做空一侧（币安新币上线后）,DQ-2 探针_做空代理_2026-09-30.md（运行前提交 8cfe527f）,DQ-2 的 206 条币安现货首发（2021～2026）,评估批次（现货代理）,18（入场 2 × 持有 3 × 杠杆 3）,18 格均值全为正；主格 30 天 L＝1 +11.5%（+4.7%～+18.4%）；7 天 L＝1 +7.0%；未计资金费（F122）,已看过这 18 格；DQ-22 不再扩格，只评 30 天与 7 天 L＝1 两格,开发,8cfe527f,执行模型
2026-09-30,做空一侧（币安新币上线后）,DQ-22 卡片_永续复现_v1.md（sha256 92a821bc…；perp_replicate.py 660dec2c…）,DQ-2 的 206 条；永续日线、标记价日线、资金费,冻结,主格 1（30 天 L＝1）；次格 1（7 天 L＝1）；同批拆分 3 口径；增速 2 格,只取入场日已有永续的事件、不顺延；标记价判爆仓；资金费按实际结算；区间按入场月分块；读法 3 条写死；55 条留出不碰（断言）,检验空间固定,开发,（本行所在提交）,执行模型
2026-09-30,做空一侧（币安新币上线后）,DQ-22 卡片_永续复现_v1.md（冻结 d760bd2d）,206 条中入场日已有永续的 145 条（30 天窗口 143、7 天 144）,评估批次,2（30 天 L＝1、7 天 L＝1）,主格 +13.9%（按月分块 +4.3%～+22.8%），资金费 −3.1%，爆仓 10.5%，2023 年为负；次格 +7.4%；按月成组增速 0.67/年；55 条留出检验力 0.67 <0.8（F123）,读法 1 继续；55 条不用、继续封存；下一步其他所新永续样本外与 Hyperliquid 复现,开发,（本行所在提交）,执行模型
2026-09-30,做空一侧（币安新币上线后）,DQ-22 卡片_样本外_v2.md（sha256 ec646d72…；oos_replicate.py e5c1692c…）,币安 U 本位 USDT 永续中不在币安现货首发全集（746 个币名）内、标的为加密、首根日线 2023-01-01～2026-08-26,冻结,主格 1（30 天 L＝1）；次格 1（7 天 L＝1）,样本外改为同交易所不同事件（Bybit 地区封锁、OKX 无下架合约与长资金费历史、Hyperliquid 不重叠仅 53 个）：执行决定、记偏离；读法 3 条写死；候选数只按元数据点过（约 200）,检验空间固定,开发（样本外）,（本行所在提交）,执行模型
2026-09-30,做空一侧（币安新币上线后）,DQ-22 卡片_样本外_v2.md（冻结 77db3a44）,币安 U 本位新上永续中不在现货首发全集的 199 个（30 天 189、7 天 194）,评估批次,2（30 天 L＝1、7 天 L＝1）,主格 −3.3%（按月分块 −17.4%～+11.6%），爆仓 25.4%；7 天 +1.0%；读法 2 样本外不支持（F124）,v1 正结果不推广到更宽的事件类；做空一侧回组合门；窄类无样本外证据（55 条留出按可执行比例检验力约 0.54）,开发（样本外）,（本行所在提交）,执行模型
2026-10-01,做空一侧（币安新币上线后）,DQ-22 卡片_前向T1_v3.md（sha256 9b5832a2…；t1_forward.py e7924588…；调用 perp_replicate.py 660dec2c…）,前向窗口：T0 在 2026-11-01～2029-06-30 的币安现货首次上市（按公告标题与现货归档构造）,冻结（T1 登记）,主格 1（30 天 L＝1，同 v1）；无次格,用户 10-01 裁决冻结窄类并登记前向 T1；事件构造改为公告标题＋现货首日（2025-01～2026-08 对账 Probe L：113/113 名单、非留出 93/93 T0 一致；对账中把公告后 14 天改为 30 天，因 SOLV）；窗口长度按检验力 0.8 推出（约 104 条，过去 12 个月事件率约 41 条/年）；读法改为单侧 5%（分块自助法）；账户上界与深度实测按用户裁决暂不做,检验空间固定；窗口期内不取数,T1（登记，未评分）,（本行所在提交）,执行模型
2026-10-02,做空一侧（币安新币上线后）,DQ-22 卡片_留出一次性评分_v1.md（sha256 cd3653fa…；holdout_score.py 7b2cd439…；调用 perp_replicate.py 660dec2c…）,55 条留出（Probe L embargo_metadata；按各年可执行比例估约 33 条可执行）,冻结（读留出之前；待门 1 复核后运行）,主格 1（30 天 L＝1，单侧 95% 按月分块）；描述：7 天、分年、爆仓、资金费、入场日成交额三分组、双侧 95% 区间,用户 10-02 裁决一次性使用留出；结果分通过 / 反证（上界 <0.139）/ 未判定；暴露审计：评分窗口内价格从未被读；逐事件计算在 15 条开发期事件上回归一致,检验空间固定；只运行一次,样本外（有间接暴露）,（本行所在提交）,执行模型
2026-10-02,做空一侧（币安新币上线后）,DQ-22 卡片_留出一次性评分_v2.md（sha256 3a192c84…；holdout_score_v2.py f6faa91c…；调用 perp_replicate.py 660dec2c…）,55 条留出（母表 sha256 8a26e6f7… 核验）,冻结（读留出之前；按 GPT 门 1 五项修改；须再过门 1 并提交批准记录后运行）,主格 1（30 天 L＝1，单侧 95% 按月分块）；标签优先级：样本不足 → 通过 → 开发期效应量被排除 → 未判定；描述同 v1,v1 不运行；资金费月份按排他终点（开发期 7 例无影响）；缺失原因与疑似下架单报；原子锁、入库尝试日志、批准记录与哈希核验、输入清单；开发期 145 条持有窗口回归 1450 项差异 0,检验空间固定；只运行一次,样本外（有间接暴露）,（本行所在提交）,执行模型
2026-10-02,做空一侧（币安新币上线后）,DQ-22 卡片_留出一次性评分_v3.md（sha256 58750e3d…；holdout_score_v3.py af52abad…；perp_v2.py 0a313dc0…；调用 perp_replicate.py 660dec2c…）,55 条留出（未读）,冻结（待门 1）,1（同 v2）,v2 → v3：逐事件回收改用逐仓保证金与可用余额（代码审计 10-03 第 13 处同型）；开发期基准 0.139 → 0.129；开发期回归 870 项差异 0,留出评分的强平与资金费记账；v2 不再送审,—（未读留出）,0f8d587a,执行模型
2026-10-02,做空一侧（币安新币上线后）,DQ-22 卡片_前向T1_v4.md（sha256 50dba23a…；t1_forward_v2.py d6004b01…；perp_v2.py 0a313dc0…）,前向窗口 2026-11-01～2029-06-30（不变）,冻结（待门 1）,1,v3 → v4：资金费月份（第 9 处）与逐仓账户（第 13 处同型）；重放与同口径开发结果逐位一致；检验力 0.81 → 0.75,T1 评分的回收实现,—（前向登记）,0f8d587a,执行模型
2026-10-02,做空一侧（币安新币上线后）,DQ-22 rerun_audit1003.py（perp_replicate、oos_replicate 三版：原样／第 9 处／第 9＋13 处）,开发期 206 条；样本外 199 个（已读过）,审计重跑,—,原样运行逐字复现；F123 主格 +13.9% → +12.9%（+3.0%～+21.9%）；F124 −3.3% → −4.0%；读法不变,F123、F124 的数字（读法不变）,开发（已读数据重算）,0f8d587a,执行模型
