platform,project,sale_date,sale_price_usd,sale_fdv_usd,raise_usd,committed_usd,oversub_x,alloc_mechanism,tge_date,listing_venue,first_price_usd,d1_close_usd,d7_price_usd,d30_price_usd,status,source_urls,notes
MetaDAO,Omnipair (OMFG),2025-07-21..28,0.112,1340000,300000-1120000,1120000,,MetaDAO early format (pre-v0.6),2025-07-28,Futarchy AMM/Meteora (Solana),,,,,listed; now 0.263 = 2.35x ICO (GeckoTerminal 2026-10-03),https://icodrops.com (via search); GT pool 7Puzj5shGu...; https://basispointres.substack.com/p/metadao-ownership-coins,"raise/committed conflict between secondary sources (300K vs 1.12M); d1/d7/d30 not available (>6mo history paywalled on GeckoTerminal; CoinGecko free window starts 2025-10-04); Blocmates Dec-17-2025: ~9x ICO; Alea Jan-2026: ATH 16x, ~5x then"
MetaDAO,"MtnDAO/mtnCapital (first sale, name from flow tweet; unverified)",2025-04,,,5800000,,,"MetaDAO accumulator pro-rata (time x amount), discretionary cap, refund of excess",,,,,,,unknown (not checked),"https://alearesearch.substack.com/p/raise-in-public-spend-in-public (first sale April 2025, $5.8M); https://x.com/tradetheflow_/status/1988136348436332609",name unverified; later outcome not checked
MetaDAO,Umbra (UMBRA),2025-10-06..10,0.3,8550000,3000000,154000000,51.3,"MetaDAO accumulator pro-rata (time x amount), discretionary cap, refund of excess",2025-10-10,Futarchy AMM/Meteora (Solana),,,,,listed; now 0.239 = 0.80x ICO (GT 2026-10-03),https://alearesearch.substack.com/p/metadao; https://www.theblock.co/post/373997/solana-arcium-privacy-protocol-umbra-ico-metadao; GT pool BLkBSE96...,first_price=ICO price (pool seeded at ICO price); Alea: ran 0.30->2.10 in week 1 (ATH ~7-8x); stepdata: 3.1x at 3 weeks; Blocmates Dec-17: 1.1 (3.7x); Basis Point Aug-2026: ATL 0.77x; d1/d7/d30 snapshots not available from free sources
MetaDAO,Avici (AVICI),2025-10-14..18,0.35,4515000,3500000,34206976,9.8,"MetaDAO accumulator pro-rata (time x amount), discretionary cap, refund of excess",2025-10-18,Futarchy AMM/Meteora (Solana),0.5502694293937986,0.4928492414720528,1.2147166510104397,4.047843862024967,listed; last 0.255 = 0.73x ICO,https://x.com/MetaDAOProject/status/1979586735127568630; https://api.coingecko.com/api/v3/coins/avici/market_chart,CG d30=4.05 (11.6x ICO) peak path; fell below ICO by 2026-10 | d-values = CoinGecko daily snapshot (00:00 UTC) at TGE date +0/+1/+7/+30; last 2026-10-03=0.2553
MetaDAO,Loyal (LOYAL),2025-10-18..22,,,,75898233,,"MetaDAO accumulator pro-rata (time x amount), discretionary cap, refund of excess",2025-10-23,Futarchy AMM/Meteora (Solana),0.3057013023546879,0.23442809975732895,0.21630397909726987,0.19621585392038404,listed; last 0.094,"https://www.metadao.fi/projects/credible/fundraise (search snippet: Loyal 75,898,233 committed, min $500K); https://icodrops.com/loyal/","ICO price CONFLICT: icodrops says 0.05 (raise $500K, FDV 1.15M); stepdata says first day 1.4x ICO and Blocmates Dec-17 says ~at ICO => ICO ~0.22-0.25. Left blank, EXCLUDED from ratio stats | d-values = CoinGecko daily snapshot (00:00 UTC) at TGE date +0/+1/+7/+30; last 2026-10-03=0.09392"
MetaDAO,Paystream (PAYS),2025-10-24..27,0.075,1856250,750000,6149247,8.2,"MetaDAO accumulator pro-rata (time x amount), discretionary cap, refund of excess",2025-10-27,Futarchy AMM/Meteora (Solana),,,,,liquidated by vote 2026-09-02 (Alea),https://x.com/MetaDAOProject/status/1982862362052096241; https://alearesearch.substack.com/p/raise-in-public-spend-in-public,Blocmates Dec-17-2025: ~30% below ICO; GT last 0.0253 (stale small pool) = 0.34x; liquidated by vote Sep-2 2026
MetaDAO,ZKLSOL / Turbine Cash (ZKFG),2025-10-20..24,0.0969,2501103,969420,14886359,15.4,"MetaDAO accumulator pro-rata (time x amount), discretionary cap, refund of excess",2025-10-24,Futarchy AMM/Meteora (Solana),,,,,taken private by vote (2nd attempt) per Alea 2026-09-18,https://x.com/MetaDAOProject/status/1981594132414947351; https://www.blocmates.com/articles/metadao-projects-distilled,Blocmates Dec-17: 20% below ICO
MetaDAO,Solomon (SOLO),2025-11-14..18,0.8,,8000000,102000000,12.8,"MetaDAO accumulator pro-rata (time x amount), discretionary cap, refund of excess",2025-11-18,Futarchy AMM/Meteora (Solana),,,,,listed; GT 0.756 = 0.95x ICO (2026-10-03),https://www.blocmates.com/news-posts/solomon-labs-caps-solo-token-raise-at-8m-despite-102m-in-commitments; https://www.blocmates.com/articles/metadao-projects-distilled,price 0.8 per Blocmates; d1/d7/d30 not available; Basis Point: SOLO among worst drawdowns
MetaDAO,Ranger (RNGR),2026-01-06..10,0.8,20500000,8000000,86390000,10.8,"MetaDAO accumulator pro-rata (time x amount), discretionary cap, refund of excess",2026-01-10,Futarchy AMM/Meteora (Solana),,,,,wound down: returned $5.05M to holders at ~0.78/token (Alea 2026-09-18),https://x.com/MetaDAOProject/status/2010037918572908629; https://alearesearch.substack.com/p/raise-in-public-spend-in-public,final redemption ~0.78 = 0.975x ICO; Alea Jan-2026: <=30% drawdown after launch
MetaDAO,Hurupay,2026-02-03..07,,,0,2003593,,MetaDAO uncapped/no-refund-variant announced then min not met (min $3M),,,,,,,REFUND (first failed MetaDAO ICO),https://coincu.com/news/solana-launchpad-metadao-falters-hurupay-ico-misses-3m-min/; https://pineanalytics.substack.com/p/hurupay-ico-on-metadao,"committed 2,003,593 < min 3,000,000; all USDC refunded"
MetaDAO,P2P.me (P2P),2026-03-26..04-01,0.6,15500000,6000000,,,"MetaDAO accumulator pro-rata (time x amount), discretionary cap, refund of excess",2026-04-01,Futarchy AMM/Meteora (Solana),,,,,listed; GT 0.41 = 0.68x ICO (2026-10-03),https://pineanalytics.substack.com/p/p2p-metadao-ico-analysis; https://incrypted.com/en/metadao-review/ (search snippet),committed amount not found; Basis Point Aug-2026: P2P ~$5-6M raise among worst drawdowns; GT OHLCV call returned empty
MetaDAO,Laso (LASO),2026-06-26..07-01,0.1,3000000,750000,,,"MetaDAO accumulator pro-rata (time x amount), discretionary cap, refund of excess",2026-07-04,Futarchy AMM/Meteora (Solana),0.102355042643074,0.182356353427574,0.150497821746389,0.135088503809,listed; GT 0.118 = 1.18x ICO,https://coinlaunch.space/projects/laso-finance/ (search snippet: $750K at $3M FDV); GT pool Ffi7Ba7w...,ICO price derived = $3M FDV / ~30M supply (GT FDV/price); first candle open 0.1024 consistent | d-values = GeckoTerminal daily candle OPEN at TGE date +0/+1/+7/+30 (pool created that day)
MetaDAO,Credible (CRED),2026-07-13..17,0.4,9065000,4000000,32775016,8.2,"MetaDAO accumulator pro-rata (time x amount), discretionary cap, refund of excess",2026-07-17,Futarchy AMM/Meteora (Solana),0.438496761425498,0.58283419507876,0.52513135489986,0.584713074515814,listed; GT 0.736 = 1.84x ICO,https://x.com/MetaDAOProject/status/2078177966073463262; https://www.metadao.fi/projects/credible/fundraise (search snippet),77% of committed from wallets >=$100K (Alea) | d-values = GeckoTerminal daily candle OPEN at TGE date +0/+1/+7/+30 (pool created that day)
MetaDAO,Rip Cars (CARS),2026-07-21..25,0.025,645000,250000,31900000,127,"MetaDAO accumulator pro-rata (time x amount), discretionary cap, refund of excess + Ownership Score (half allocation by commit-time/duration)",2026-07-25,Futarchy AMM/Meteora (Solana),0.0361937526200126,0.0524553190906869,0.0514022132843992,0.0587154008968866,listed; GT 0.131 = 5.2x ICO,https://www.metadao.fi/projects/ripcars/fundraise (search snippet); https://cryptobriefing.com/rip-cars-21m-metadao-solana-ico/,d-values = GeckoTerminal candle OPEN at TGE date +0/+1/+7/+30; ICO date range approximate
MetaDAO,Kimia (KIMIA),2026-08,0.006,155000,60000,,,"MetaDAO accumulator pro-rata (time x amount), discretionary cap, refund of excess",2026-08-05,Futarchy AMM/Meteora (Solana),0.00683284288203689,0.00202553996923285,0.00313570827791118,0.00421629628605453,listed; GT 0.0043 = 0.71x ICO,"https://www.metadao.fi (search snippet: Kimia raised $60K, goal $60K); GT pool 6sQHygsf...",ICO price derived: $60K/10M tokens; holders refused to liquidate Kimia Aug-2026 (Alea) | d-values = GeckoTerminal daily candle OPEN at TGE date +0/+1/+7/+30 (pool created that day)
MetaDAO,MycoRealms,,,,70000,,,,,,,,,,raised ~$70K (single secondary reference); outcome unchecked,search snippet only,unverified
UniswapCCA,Aztec (AZTEC),2025-11-13..2025-12(public 12-02),0.047,486450000,59134790,,,"Uniswap CCA: continuous clearing, uniform price, bids=(budget,max price) spread across blocks",2026-02-12,Ethereum / Uniswap v4 + CEX,0.021871598850456215,0.020732563763124483,0.018325449457705742,0.02231934856623781,listed; last 0.0171 = 0.36x sale price,https://blog.uniswap.org/aztec-cca; https://icodrops.com/aztec/; https://cointelegraph.com/news/uniswap-launches-continuous-clearing-auctions-token-sales,"clearing price 0.00001551 ETH (~0.047 USD, icodrops); cleared 60% above floor; ~17,000 bidders; KYC via ZKPassport+Predicate; transfers enabled 2026-02-12 (KuCoin flash) | d-values = CoinGecko snapshot 00:00 UTC; last 2026-10-03=0.01715"
UniswapCCA,Rainbow (RNBW),2026-02-03..05,0.1,100000000,,,,"Uniswap CCA: continuous clearing, uniform price, bids=(budget,max price) spread across blocks",2026-02-05,Uniswap v4 (Base?) + CEX,0.06754042922597399,0.034915332674012166,0.02853733964964471,0.02018776597045772,listed; last 0.0230 = 0.23x floor,https://phemex.com/news/article/rainbow-wallet-launches-rnbw-token-auction-on-uniswap-57485; https://icodrops.com/rainbow/,"floor 0.10 = $100M FDV, 5M tokens (0.5% supply) so raise<=~$0.5M; actual clearing price NOT found (floor 0.10 used as sale price; clearing >= floor so the ratios here are UPPER bounds); icodrops lists ""listing price 0.0463""; first Uniswap-web-app CCA | d-values = CoinGecko snapshot 00:00 UTC; last 2026-10-03=0.02299"
UniswapCCA,idOS (IDOS),2026-02-25..03-05,0.04,40000000,,,<1 (undersold: 58% of planned supply),"Uniswap CCA: continuous clearing, uniform price, bids=(budget,max price) spread across blocks",2026-03-05,Uniswap v4 + CEX,,0.0342672271553322,0.03050965884200731,0.012882525383770497,listed; last 0.0084 = 0.21x sale price,https://www.idos.network/blog/public-sale-results; https://x.com/jargon_sol/status/2026655971418739091,"5.835M of planned 10M tokens sold, 193.62 ETH, 1,672 bids, on Arbitrum; floor 0.035; clearing ~0.04; Phase-2 100% unlock at TDE 2026-03-05 | d-values = CoinGecko snapshot 00:00 UTC; last 2026-10-03=0.008396"
UniswapCCA,Cap (CAP),2026-06-09..18,0.011,106000000,16400000,,5.5,"Uniswap CCA: continuous clearing, uniform price, bids=(budget,max price) spread across blocks",2026-06-26,Uniswap v4 + CEX,0.024575882166409112,0.029437274929509673,0.022474134534223145,0.020926461279001694,listed; last 0.07 (see note),https://www.kucoin.com/news/flash/cap-labs-completes-cap-token-auction-at-106m-fdv-5-5x-oversubscribed,"1,002 bids, 5.5x oversubscribed, floor FDV $75M, 4.5% of supply; 9-day window; CG id cap-4 verified as Cap (ethereum 0x9999...9999); CG TGE date assumed = first CG date 2026-06-26 (Bitquery claim date 2026-06-26) | d-values = CoinGecko snapshot 00:00 UTC; last 2026-10-03=0.07072"
UniswapCCA,"Igra (IGRA) [ZAP auction, CCA-style, not confirmed Uniswap factory]",2026-03-26..04-02,0.006,,,,,ZAP (Zealous Auctions Protocol) continuous-clearing-style; floor 0.006; 3.5% supply; no lockup,,,,,,,listed (CG first 2026-06-08),https://chainwire.org/2026/03/24/igra-network-announces-igra-public-token-sale-via-continuous-clearing-auction-proven-at-59m-scale/,"sale_price = FLOOR only; clearing price/raise not found; excluded from stats; CG 2026-06-08 0.00757, d7 0.00595, d30 0.00742"
UniswapCCA,STRATO,,,,,,,,,,,,,,unknown,,mentioned as 4th-largest CCA in Uniswap history; no data found
UniswapCCA,flow.bid agent micro-auctions (nine-minute CCAs),,,,,,,,,,,,,,not enumerated,,many tiny auctions; not enumerated
BinanceWallet,Yield Basis (YB) [Prime Sale #1],2025-10-13,0.1,100000000,2500000,600000000,238,"Prime Sale: BNB pro-rata, 3 BNB cap",2025-10-15,Binance Alpha / CEX (see notes),0.7780196111887868,0.6766578212896313,0.37340087167975433,0.4542470849436958,listed; last 0.087 = 0.87x sale,https://x.com/BinanceWallet/status/1977694061080502273; https://icodrops.com/yield-basis/,"456,060 BNB, 212K participants, 3 BNB cap; Binance Futures day 1 | d-values = CoinGecko snapshot 00:00 UTC at TGE date +0/+1/+7/+30; last 2026-10-03=0.08709"
BinanceWallet,Momentum (MMT) [Prime Sale #2],2025-10-31,0.1,,1500000,,376,"Prime Sale: BNB pro-rata, 7 BNB cap",2025-11-04,Binance Alpha / CEX (see notes),0.3465572726875112,2.6618263307663845,0.5395025127333986,0.25519814623632037,listed; last 0.188 = 1.9x sale,https://www.panewslab.com/en/articles/e69ad2cf-520f-47da-ae39-006a78aa82fd; https://x.com/BinanceWallet/status/1983839251713421755,"522,966 BNB vs target 1,390.67 BNB; 7 BNB cap; target ~$1.5M (edgen headline); TGE date = first CG date (assumed); CG d1 2.66 spike | d-values = CoinGecko snapshot 00:00 UTC at TGE date +0/+1/+7/+30; last 2026-10-03=0.1883"
BinanceWallet,Fogo (FOGO) [Prime Sale #3],2026-01-14,0.035,350000000,7000000,,40.8,"Prime Sale: BNB pro-rata, 6 BNB cap",2026-01-15,Binance Alpha / CEX (see notes),0.05723188993205366,0.049309713566593624,0.030699021848833986,0.02213766451871632,listed; last 0.0052 = 0.15x sale,https://x.com/BinanceWallet/status/2011424778675200411; https://x.com/waleswoosh/status/2011028876944949674,"316,385 BNB subscribed; 6 BNB cap; Binance spot listing day 1 | d-values = CoinGecko snapshot 00:00 UTC at TGE date +0/+1/+7/+30; last 2026-10-03=0.00523"
BinanceWallet,Sentient (SENT) [Prime Sale],2026-01-19,0.01106,,7600000,,,Prime Sale: BNB pro-rata,2026-01-22,Binance Alpha / CEX (see notes),0.020720613353241296,0.03048722570859744,0.024830164193419595,0.02335781851573328,listed; see last in notes,https://www.coincarp.com/events/sentient-pretge-prime-sale-on-binance-wallet/; https://icodrops.com/sentient/,687.2M SENT = 2% supply; TGE date = first CG date (assumed) | d-values = CoinGecko snapshot 00:00 UTC at TGE date +0/+1/+7/+30; last 2026-10-03=0.02126
BinanceWallet,Sentio (ST),2026-04-07,0.02,,200000,,,"Binance Wallet Pre-TGE (Alpha-points gated, BNB deposits, pro-rata oversubscription, cap per user 3-7 BNB)",2026-04-15,Binance Alpha / CEX (see notes),0.1112055754464153,0.09094961201496857,0.06803452108889878,0.07079893064783278,listed; see last in notes,https://www.panewslab.com/en/articles/019d8632-3624-75fb-a832-22391c8e70bc; https://icodrops.com/sentio/,Pre-TGE threshold 243 Alpha points; Alpha listing 2026-04-15 | d-values = CoinGecko snapshot 00:00 UTC at TGE date +0/+1/+7/+30; last 2026-10-03=0.009822
BinanceWallet,Bitway (BTW),2025-12-22,0.008,,1000000,,,"Binance Wallet Pre-TGE (Alpha-points gated, BNB deposits, pro-rata oversubscription, cap per user 3-7 BNB)",2026-03-03,Binance Alpha / CEX (see notes),0.00982406961718186,0.010502438477082108,0.02773624644076917,0.01996859353091931,listed; see last in notes,https://blockchainreporter.net/bitway-and-binance-wallet-launch-major-pre-tge-booster-campaign-worth-300-million-btw-tokens/; https://icodrops.com/bitway/,"Pre-TGE announced 2025-12-19, 70 days before first CG price; Bitquery: BTW claimers who swapped day 1; first-week price baseline very low (92x since) | d-values = CoinGecko snapshot 00:00 UTC at TGE date +0/+1/+7/+30; last 2026-10-03=1.44"
BinanceWallet,Unitas (UP),2026-01-12,0.005,,,,,"Binance Wallet Pre-TGE (Alpha-points gated, BNB deposits, pro-rata oversubscription, cap per user 3-7 BNB)",2026-03-14,Binance Alpha / CEX (see notes),0.07967161152828926,0.07563282745844975,0.12647782282080994,0.19838587845626496,listed; see last in notes,https://icodrops.com/unitas/; https://www.lookonchain.com/feeds/43112,sale price from icodrops (secondary); TGE date = first CG date (assumed; Bitquery claim 2026-03-11) | d-values = CoinGecko snapshot 00:00 UTC at TGE date +0/+1/+7/+30; last 2026-10-03=0.2245
BinanceWallet,ZEROBASE (ZBT),2025-09-24,0.02,,200000,,,"Binance Wallet Pre-TGE (Alpha-points gated, BNB deposits, pro-rata oversubscription, cap per user 3-7 BNB)",2025-10-17,Binance Alpha / CEX (see notes),0.7130682711211822,0.41647115676279534,0.275935139002817,0.1355477036217267,listed; last ~0.087 (ROI 0.08x vs listing),https://www.panewslab.com/en/articles/18777ae2-f8c1-4d36-8cce-3ac5b908ed86; https://icodrops.com/zerobase/,10M ZBT (1% supply) at 0.02; listing price ~1.03 (icodrops) -> very large pre-TGE discount | d-values = CoinGecko snapshot 00:00 UTC at TGE date +0/+1/+7/+30; last 2026-10-03=0.0865
BinanceWallet,Astra Nova (RVV),2025-10-16,0.0005,,75000,,,"Binance Wallet Pre-TGE (Alpha-points gated, BNB deposits, pro-rata oversubscription, cap per user 3-7 BNB)",2025-10-18,Binance Alpha / CEX (see notes),0.020868154470307584,0.008584744567931285,0.013266039797124669,0.005315230150175031,listed; see last in notes,https://www.hokanews.com/2025/10/secure-rvv-now-astra-nova-pre-tge-sale.html; https://icodrops.com/astra-nova/,"150M RVV = 1.5% supply, 3 BNB cap | d-values = CoinGecko snapshot 00:00 UTC at TGE date +0/+1/+7/+30; last 2026-10-03=3.113e-05"
BinanceWallet,River (RIVER) [BuildKey TGE #1],2025-09-19,,,,100000000,993,"BuildKey: deposit BNB -> keys on bonding curve, tradable, redeem at TGE",2025-09-22,Binance Alpha / CEX (see notes),,,,,listed,https://x.com/BinanceWallet/status/1968602237409837567; https://blockchain.news/flashnews/binance-wallet-s-new-tge-via-buildkey-hits-100m-and-993x-oversubscription,"BuildKey = bonding-curve key token, redeem at TGE 2025-09-22; first CG point 2025-10-04 (after TGE) so d-values blank; sale price not found | d-values = CoinGecko snapshot 00:00 UTC at TGE date +0/+1/+7/+30; last 2026-10-03=1.228"
BinanceWallet,Bitlayer (BTR),2025-08-13,0.02,,400000,,,"Binance Wallet Pre-TGE (Alpha-points gated, BNB deposits, pro-rata oversubscription, cap per user 3-7 BNB)",,,,,,,listed; CG shows 0.0498 on 2026-10-03 = 2.5x sale,https://icodrops.com/bitlayer/; https://www.panewslab.com/en/articles/62f725b0-61f2-4502-afe8-90b064b72834,CoinGecko free window (365d) starts 2025-10-04 so TGE-relative prices blank; CG 2025-10-04 = 0.084
BinanceWallet,Hemi (HEMI),2025-08-26,0.0015,,150000,,400,"Binance Wallet Pre-TGE (Alpha-points gated, BNB deposits, pro-rata oversubscription, cap per user 3-7 BNB)",,,,,,,listed; CG 2025-10-04 = 0.093,"https://www.panewslab.com/en/articles/61048bac-7cac-42a8-9930-d1c5010ae123; search snippet (price 0.0015, raise $150K, 400x)",sale price as reported in one snippet; TGE-relative prices blank (outside CG window)
BinanceWallet,Pieverse (PIEVERSE),2025-09-01,0.01,,200000,,,"Binance Wallet Pre-TGE (Alpha-points gated, BNB deposits, pro-rata oversubscription, cap per user 3-7 BNB)",,,,,,,listed; CG 2026-10-03 = 1.35 (135x sale),https://www.coincarp.com/events/pieverse-new-listing-on-binance-wallet/; search snippet,CG series begins 2025-11-14 at 0.22 (TGE date unverified) - d-values not computed
BinanceWallet,Holoworld (HOLO),2025-09-02,,,,,,"Binance Wallet Pre-TGE (Alpha-points gated, BNB deposits, pro-rata oversubscription, cap per user 3-7 BNB)",2025-09-11,,,,,,listed; CG 2025-10-04 = 0.226,https://www.chaincatcher.com/en/article/2202404,sale price not found; 3 BNB cap
BinanceWallet,BAS (BAS),2025-07-16,,,,,,"Binance Wallet Pre-TGE (Alpha-points gated, BNB deposits, pro-rata oversubscription, cap per user 3-7 BNB)",,,,,,,unknown,Binance announcement 2025-07-16 (CMS article list catalogId=93),no data collected
BinanceWallet,Reveel (REVA),2025-08-13,,,,,,"Binance Wallet Pre-TGE (Alpha-points gated, BNB deposits, pro-rata oversubscription, cap per user 3-7 BNB)",,,,,,,unknown,Binance announcement 2025-08-13,no data collected
BinanceWallet,"Opinion (OPN) [Booster, airdrop]",2026-02-04,,,,,,Booster program / airdrop (no sale),2026-03-05,,,,,,listed,Binance announcement 2026-02-04; Bitquery CSV,no sale price; Bitquery price_vs_first_week -0.83
BinanceWallet,Treehouse (TREE) [Booster],2025-07-21,,,,,,Booster / Pre-TGE (announcement only),,,,,,,no data collected,Binance CMS article list catalogId=93 (announcement title only),
BinanceWallet,OpenEden (EDEN) [Booster],2025-08-15,,,,,,Booster / Pre-TGE (announcement only),,,,,,,no data collected,Binance CMS article list catalogId=93 (announcement title only),
BinanceWallet,OpenLedger (OPEN) [Booster],2025-08-28,,,,,,Booster / Pre-TGE (announcement only),,,,,,,no data collected,Binance CMS article list catalogId=93 (announcement title only),
BinanceWallet,Turtle (TURTLE) [Booster],2025-09-30,,,,,,Booster / Pre-TGE (announcement only),,,,,,,no data collected,Binance CMS article list catalogId=93 (announcement title only),
BinanceWallet,zkPass (ZKP) [Booster],2025-11-04,,,,,,Booster / Pre-TGE (announcement only),,,,,,,no data collected,Binance CMS article list catalogId=93 (announcement title only),
BinanceWallet,Codatta [Pre-TGE+Booster],2025-06-23,,,,,,Booster / Pre-TGE (announcement only),,,,,,,no data collected,Binance CMS article list catalogId=93 (announcement title only),
BinanceWallet,OKZOO (AIOT) [Exclusive TGE #12],2025-04-25,,,,,,"Exclusive TGE via PancakeSwap: Alpha points (15 pts), BNB subscription",,,,,,,no price data collected,Binance Wallet X posts / panews / nftevening (see md),sale price and result not collected
BinanceWallet,Alaya AI (AGT) [Exclusive TGE #17],2025-05-16,,,,,,"Exclusive TGE via PancakeSwap: Alpha points (15 pts), BNB subscription",,,,,,,no price data collected,Binance Wallet X posts / panews / nftevening (see md),sale price and result not collected
BinanceWallet,Reddio (RDO) [Exclusive TGE #20],2025-05-29,,,,,,"Exclusive TGE via PancakeSwap: Alpha points (15 pts), BNB subscription",,,,,,,no price data collected,Binance Wallet X posts / panews / nftevening (see md),sale price and result not collected
BinanceWallet,CUDIS (CUDIS) [Exclusive TGE #21],2025-06-05,,,,,,"Exclusive TGE via PancakeSwap: Alpha points (15 pts), BNB subscription",,,,,,,no price data collected,Binance Wallet X posts / panews / nftevening (see md),sale price and result not collected
BinanceWallet,MEET48 (IDOL) [Exclusive TGE #22],2025-06-11,,,,,,"Exclusive TGE via PancakeSwap: Alpha points (15 pts), BNB subscription",,,,,,,no price data collected,Binance Wallet X posts / panews / nftevening (see md),sale price and result not collected
BinanceWallet,Bombie (BOMB) [Exclusive TGE #24],2025-06-17,,,,,,"Exclusive TGE via PancakeSwap: Alpha points (15 pts), BNB subscription",,,,,,,no price data collected,Binance Wallet X posts / panews / nftevening (see md),sale price and result not collected
BinanceWallet,League of Traders (LOT) [Exclusive TGE #26],2025-06-20,,,,,,"Exclusive TGE via PancakeSwap: Alpha points (15 pts), BNB subscription",,,,,,,no price data collected,Binance Wallet X posts / panews / nftevening (see md),sale price and result not collected
BinanceWallet,NodeOps (NODE) [Exclusive TGE #27],2025-06-30,,,,,,"Exclusive TGE via PancakeSwap: Alpha points (15 pts), BNB subscription",,,,,,,no price data collected,Binance Wallet X posts / panews / nftevening (see md),sale price and result not collected
BinanceWallet,Palio (PAL) [Exclusive TGE #28],2025-07-07,,,,,,"Exclusive TGE via PancakeSwap: Alpha points (15 pts), BNB subscription",,,,,,,no price data collected,Binance Wallet X posts / panews / nftevening (see md),sale price and result not collected
BinanceWallet,Velvet Capital (VELVET) [Exclusive TGE #30],2025-07-10,,,,,,"Exclusive TGE via PancakeSwap: Alpha points (15 pts), BNB subscription",,,,,,,no price data collected,Binance Wallet X posts / panews / nftevening (see md),sale price and result not collected
BinanceWallet,DeLabs (DELABS) [Exclusive TGE #32],2025-07-28,,,,,,"Exclusive TGE via PancakeSwap: Alpha points (15 pts), BNB subscription",,,,,,,no price data collected,Binance Wallet X posts / panews / nftevening (see md),sale price and result not collected
BinanceWallet,Mitosis (MITO) [Exclusive TGE #35],2025-08-28,,,,,,"Exclusive TGE via PancakeSwap: Alpha points (15 pts), BNB subscription",,,,,,,no price data collected,Binance Wallet X posts / panews / nftevening (see md),sale price and result not collected
BinanceWallet,LAB (LAB) [Exclusive TGE #40],2025-10-14,,,,,,"Exclusive TGE via PancakeSwap: Alpha points (15 pts), BNB subscription",,,,,,,no price data collected,Binance Wallet X posts / panews / nftevening (see md),sale price and result not collected
BinanceWallet,Collect (COLLECT) [Exclusive TGE #43],2025-12-27,,,,,,"Exclusive TGE via PancakeSwap: Alpha points (15 pts), BNB subscription",,,,,,,no price data collected,Binance Wallet X posts / panews / nftevening (see md),sale price and result not collected
BinanceWallet,Zenchain (ZTC) [Exclusive TGE #44],2026-01-07,,,,,,"Exclusive TGE via PancakeSwap: Alpha points (15 pts), BNB subscription",,,,,,,no price data collected,Binance Wallet X posts / panews / nftevening (see md),sale price and result not collected
BinanceWallet,Perle (PRL) [Exclusive TGE #45],2026-03-25,,,,,,"Exclusive TGE via PancakeSwap: Alpha points (15 pts), BNB subscription",,,,,,,no price data collected,Binance Wallet X posts / panews / nftevening (see md),sale price and result not collected
AirdropBitquery2026,CAT (CAT) [BNB Chain],2026-05-24,,,,351699240,,airdrop: claim airdrop; claimers=279288,2026-05-24,unlisted,,,,,unlisted (DEX price only),https://bitquery.io/investigations/crypto-airdrops-2026/crypto-airdrops-2026.csv,"committed_usd = value at claim-day price (free airdrop, no sale price); price_vs_first_week=-0.7467 (token price change since first-week price, NOT vs sale); moved_24h=0.4958; held_half_30d=0.2681"
AirdropBitquery2026,Edge (EDGE) [Ethereum],2026-03-31,,,,124011407,,airdrop: one-off payout; claimers=218489,2026-03-31,listed,,,,,listed,https://bitquery.io/investigations/crypto-airdrops-2026/crypto-airdrops-2026.csv,"committed_usd = value at claim-day price (free airdrop, no sale price); price_vs_first_week=-0.4039 (token price change since first-week price, NOT vs sale); moved_24h=0.797; held_half_30d=0.0288"
AirdropBitquery2026,Marscat Token (MCAT) [BNB Chain],2026-09-18,,,,41440146,,airdrop: push airdrop; claimers=22213,2026-09-18,listed,,,,,listed,https://bitquery.io/investigations/crypto-airdrops-2026/crypto-airdrops-2026.csv,"committed_usd = value at claim-day price (free airdrop, no sale price); price_vs_first_week=0.0291 (token price change since first-week price, NOT vs sale); moved_24h=0.0323; held_half_30d="
AirdropBitquery2026,PlasticHeroes (PTH) [Ethereum],2026-03-13,,,,29788256,,airdrop: minted to wallets; claimers=21737,2026-03-13,listed,,,,,listed,https://bitquery.io/investigations/crypto-airdrops-2026/crypto-airdrops-2026.csv,"committed_usd = value at claim-day price (free airdrop, no sale price); price_vs_first_week=-0.7264 (token price change since first-week price, NOT vs sale); moved_24h=0.0005; held_half_30d=0.9973"
AirdropBitquery2026,Beat Token (Beat) [BNB Chain],2026-07-01,,,,26267586,,airdrop: claim airdrop; claimers=8691,2026-07-01,listed,,,,,listed,https://bitquery.io/investigations/crypto-airdrops-2026/crypto-airdrops-2026.csv,"committed_usd = value at claim-day price (free airdrop, no sale price); price_vs_first_week=-0.9676 (token price change since first-week price, NOT vs sale); moved_24h=0.3682; held_half_30d=0.8987"
AirdropBitquery2026,Chip (CHIP) [Arbitrum],2026-03-31,,,,20845459,,airdrop: claim airdrop; claimers=10550,2026-03-31,listed,,,,,listed,https://bitquery.io/investigations/crypto-airdrops-2026/crypto-airdrops-2026.csv,"committed_usd = value at claim-day price (free airdrop, no sale price); price_vs_first_week=0.2321 (token price change since first-week price, NOT vs sale); moved_24h=0.2412; held_half_30d=0.1613"
AirdropBitquery2026,Staked ENA (sENA) [Ethereum],2026-05-04,,,,18667970,,airdrop: claim airdrop; claimers=18644,2026-05-04,listed,,,,,listed,https://bitquery.io/investigations/crypto-airdrops-2026/crypto-airdrops-2026.csv,"committed_usd = value at claim-day price (free airdrop, no sale price); price_vs_first_week=1.541 (token price change since first-week price, NOT vs sale); moved_24h=0.4717; held_half_30d=0.4453"
AirdropBitquery2026,o1.exchange (O) [Base],2026-06-17,,,,18265745,,airdrop: one-off payout; claimers=17830,2026-06-17,listed,,,,,listed,https://bitquery.io/investigations/crypto-airdrops-2026/crypto-airdrops-2026.csv,"committed_usd = value at claim-day price (free airdrop, no sale price); price_vs_first_week=-0.1772 (token price change since first-week price, NOT vs sale); moved_24h=0.2656; held_half_30d=0.7008"
AirdropBitquery2026,Sentient (SENT) [Ethereum],2026-01-22,,,,14002154,,airdrop: claim airdrop; claimers=11444,2026-01-22,listed,,,,,listed,https://bitquery.io/investigations/crypto-airdrops-2026/crypto-airdrops-2026.csv,"committed_usd = value at claim-day price (free airdrop, no sale price); price_vs_first_week=-0.2171 (token price change since first-week price, NOT vs sale); moved_24h=0.9574; held_half_30d=0.0197"
AirdropBitquery2026,Robo Token (ROBO) [Ethereum],2026-02-27,,,,13771232,,airdrop: claim airdrop; claimers=35323,2026-02-27,listed,,,,,listed,https://bitquery.io/investigations/crypto-airdrops-2026/crypto-airdrops-2026.csv,"committed_usd = value at claim-day price (free airdrop, no sale price); price_vs_first_week=-0.7911 (token price change since first-week price, NOT vs sale); moved_24h=0.6552; held_half_30d=0.3278"
AirdropBitquery2026,OPINION (OPN) [BNB Chain],2026-03-05,,,,12633512,,airdrop: relayed claim; claimers=192348,2026-03-05,listed,,,,,listed,https://bitquery.io/investigations/crypto-airdrops-2026/crypto-airdrops-2026.csv,"committed_usd = value at claim-day price (free airdrop, no sale price); price_vs_first_week=-0.8349 (token price change since first-week price, NOT vs sale); moved_24h=0.8524; held_half_30d=0.1348"
AirdropBitquery2026,ODIC Token (ODIC) [BNB Chain],2026-03-11,,,,11189894,,airdrop: relayed claim; claimers=9320,2026-03-11,listed,,,,,listed,https://bitquery.io/investigations/crypto-airdrops-2026/crypto-airdrops-2026.csv,"committed_usd = value at claim-day price (free airdrop, no sale price); price_vs_first_week=-0.996 (token price change since first-week price, NOT vs sale); moved_24h=0.1461; held_half_30d=0.5598"
AirdropBitquery2026,Elsa (ELSA) [Base],2026-01-20,,,,8724093,,airdrop: one-off payout; claimers=248565,2026-01-20,listed,,,,,listed,https://bitquery.io/investigations/crypto-airdrops-2026/crypto-airdrops-2026.csv,"committed_usd = value at claim-day price (free airdrop, no sale price); price_vs_first_week=-0.5927 (token price change since first-week price, NOT vs sale); moved_24h=0.0467; held_half_30d=0.9382"
AirdropBitquery2026,Re Protocol (RE) [Ethereum],2026-06-18,,,,7399807,,airdrop: claim airdrop; claimers=37072,2026-06-18,listed,,,,,listed,https://bitquery.io/investigations/crypto-airdrops-2026/crypto-airdrops-2026.csv,"committed_usd = value at claim-day price (free airdrop, no sale price); price_vs_first_week=-0.4389 (token price change since first-week price, NOT vs sale); moved_24h=0.9114; held_half_30d=0.0234"
AirdropBitquery2026,Paimon Polymarket SPV Token (pPOLY) [BNB Chain],2026-09-24,,,,6750420,,airdrop: claim airdrop; claimers=10577,2026-09-24,unlisted,,,,,unlisted (DEX price only),https://bitquery.io/investigations/crypto-airdrops-2026/crypto-airdrops-2026.csv,"committed_usd = value at claim-day price (free airdrop, no sale price); price_vs_first_week=-0.0007 (token price change since first-week price, NOT vs sale); moved_24h=0.7666; held_half_30d="
AirdropBitquery2026,Spacecoin (SPACE) [BNB Chain],2026-01-20,,,,6342068,,airdrop: claim airdrop; claimers=21176,2026-01-20,listed,,,,,listed,https://bitquery.io/investigations/crypto-airdrops-2026/crypto-airdrops-2026.csv,"committed_usd = value at claim-day price (free airdrop, no sale price); price_vs_first_week=-0.6986 (token price change since first-week price, NOT vs sale); moved_24h=0.9101; held_half_30d=0.0703"
AirdropBitquery2026,Sport.fun (FUN) [Base],2026-01-15,,,,5418535,,airdrop: claim airdrop; claimers=33418,2026-01-15,listed,,,,,listed,https://bitquery.io/investigations/crypto-airdrops-2026/crypto-airdrops-2026.csv,"committed_usd = value at claim-day price (free airdrop, no sale price); price_vs_first_week=-0.7923 (token price change since first-week price, NOT vs sale); moved_24h=0.7194; held_half_30d=0.2079"
AirdropBitquery2026,AIW3 (AIW3) [BNB Chain],2026-08-03,,,,5300028,,airdrop: push airdrop; claimers=37329,2026-08-03,listed,,,,,listed,https://bitquery.io/investigations/crypto-airdrops-2026/crypto-airdrops-2026.csv,"committed_usd = value at claim-day price (free airdrop, no sale price); price_vs_first_week=0.0411 (token price change since first-week price, NOT vs sale); moved_24h=0.4765; held_half_30d=0.4536"
AirdropBitquery2026,ETHGas (GWEI) [Ethereum],2026-02-05,,,,5049587,,airdrop: claim airdrop; claimers=16296,2026-02-05,listed,,,,,listed,https://bitquery.io/investigations/crypto-airdrops-2026/crypto-airdrops-2026.csv,"committed_usd = value at claim-day price (free airdrop, no sale price); price_vs_first_week=-0.2636 (token price change since first-week price, NOT vs sale); moved_24h=0.8252; held_half_30d=0.1096"
AirdropBitquery2026,Avantis (AVNT) [Base],2026-03-05,,,,4858536,,airdrop: claim in tranches; claimers=15247,2026-03-05,listed,,,,,listed,https://bitquery.io/investigations/crypto-airdrops-2026/crypto-airdrops-2026.csv,"committed_usd = value at claim-day price (free airdrop, no sale price); price_vs_first_week=-0.2038 (token price change since first-week price, NOT vs sale); moved_24h=0.553; held_half_30d=0.2734"
AirdropBitquery2026,River (RIVER) [BNB Chain],2026-03-11,,,,4552490,,airdrop: claim in tranches; claimers=9947,2026-03-11,listed,,,,,listed,https://bitquery.io/investigations/crypto-airdrops-2026/crypto-airdrops-2026.csv,"committed_usd = value at claim-day price (free airdrop, no sale price); price_vs_first_week=-0.9496 (token price change since first-week price, NOT vs sale); moved_24h=0.3079; held_half_30d=0.4137"
AirdropBitquery2026,Brevis Token (BREV) [Ethereum],2026-01-06,,,,4450575,,airdrop: claim airdrop; claimers=82671,2026-01-06,listed,,,,,listed,https://bitquery.io/investigations/crypto-airdrops-2026/crypto-airdrops-2026.csv,"committed_usd = value at claim-day price (free airdrop, no sale price); price_vs_first_week=-0.7827 (token price change since first-week price, NOT vs sale); moved_24h=0.9023; held_half_30d=0.0508"
AirdropBitquery2026,Superform (UP) [Base],2026-02-10,,,,4425901,,airdrop: claim in tranches; claimers=43240,2026-02-10,listed,,,,,listed,https://bitquery.io/investigations/crypto-airdrops-2026/crypto-airdrops-2026.csv,"committed_usd = value at claim-day price (free airdrop, no sale price); price_vs_first_week=0.8684 (token price change since first-week price, NOT vs sale); moved_24h=0.5569; held_half_30d=0.5509"
AirdropBitquery2026,Roll (ROLL) [Base],2026-01-15,,,,4332964,,airdrop: claim airdrop; claimers=53474,2026-01-15,listed,,,,,listed,https://bitquery.io/investigations/crypto-airdrops-2026/crypto-airdrops-2026.csv,"committed_usd = value at claim-day price (free airdrop, no sale price); price_vs_first_week=-0.2598 (token price change since first-week price, NOT vs sale); moved_24h=0.1498; held_half_30d=0.7995"
AirdropBitquery2026,Espresso (ESP) [Ethereum],2026-02-11,,,,3819183,,airdrop: claim airdrop; claimers=52621,2026-02-11,listed,,,,,listed,https://bitquery.io/investigations/crypto-airdrops-2026/crypto-airdrops-2026.csv,"committed_usd = value at claim-day price (free airdrop, no sale price); price_vs_first_week=0.5752 (token price change since first-week price, NOT vs sale); moved_24h=0.9172; held_half_30d=0.0143"
AirdropBitquery2026,Cap (CAP) [BNB Chain],2026-06-26,,,,3664775,,airdrop: claim airdrop; claimers=57877,2026-06-26,listed,,,,,listed,https://bitquery.io/investigations/crypto-airdrops-2026/crypto-airdrops-2026.csv,"committed_usd = value at claim-day price (free airdrop, no sale price); price_vs_first_week=1.0578 (token price change since first-week price, NOT vs sale); moved_24h=0.8198; held_half_30d=0.0496"
AirdropBitquery2026,JUDAO (JUDAO) [BNB Chain],2026-09-19,,,,3603836,,airdrop: claim airdrop; claimers=9923,2026-09-19,unlisted,,,,,unlisted (DEX price only),https://bitquery.io/investigations/crypto-airdrops-2026/crypto-airdrops-2026.csv,"committed_usd = value at claim-day price (free airdrop, no sale price); price_vs_first_week=0.0 (token price change since first-week price, NOT vs sale); moved_24h=0.0682; held_half_30d="
AirdropBitquery2026,BigShort (short) [BNB Chain],2026-09-23,,,,3331761,,airdrop: claim airdrop; claimers=56243,2026-09-23,unlisted,,,,,unlisted (DEX price only),https://bitquery.io/investigations/crypto-airdrops-2026/crypto-airdrops-2026.csv,"committed_usd = value at claim-day price (free airdrop, no sale price); price_vs_first_week=0.2444 (token price change since first-week price, NOT vs sale); moved_24h=0.7768; held_half_30d="
AirdropBitquery2026,Aligned Token (ALIGN) [Ethereum],2026-08-14,,,,3301430,,airdrop: claim airdrop; claimers=11082,2026-08-14,listed,,,,,listed,https://bitquery.io/investigations/crypto-airdrops-2026/crypto-airdrops-2026.csv,"committed_usd = value at claim-day price (free airdrop, no sale price); price_vs_first_week=-0.5815 (token price change since first-week price, NOT vs sale); moved_24h=0.5597; held_half_30d=0.374"
AirdropBitquery2026,EarthMeta (EMT) [Ethereum],2026-08-10,,,,3232951,,airdrop: push airdrop; claimers=7348,2026-08-10,listed,,,,,listed,https://bitquery.io/investigations/crypto-airdrops-2026/crypto-airdrops-2026.csv,"committed_usd = value at claim-day price (free airdrop, no sale price); price_vs_first_week=0.3375 (token price change since first-week price, NOT vs sale); moved_24h=0.0027; held_half_30d=0.9858"
AirdropBitquery2026,Rainbow (RNBW) [Base],2026-02-03,,,,3189904,,airdrop: one-off payout; claimers=76842,2026-02-03,listed,,,,,listed,https://bitquery.io/investigations/crypto-airdrops-2026/crypto-airdrops-2026.csv,"committed_usd = value at claim-day price (free airdrop, no sale price); price_vs_first_week=-0.259 (token price change since first-week price, NOT vs sale); moved_24h=0.6548; held_half_30d=0.2526"
AirdropBitquery2026,OpenGradient (OPG) [BNB Chain],2026-04-21,,,,3118568,,airdrop: claim airdrop; claimers=60716,2026-04-21,listed,,,,,listed,https://bitquery.io/investigations/crypto-airdrops-2026/crypto-airdrops-2026.csv,"committed_usd = value at claim-day price (free airdrop, no sale price); price_vs_first_week=-0.5664 (token price change since first-week price, NOT vs sale); moved_24h=0.9496; held_half_30d=0.0185"
AirdropBitquery2026,LABUBU (LABUBU) [BNB Chain],2026-02-14,,,,2799000,,airdrop: push airdrop; claimers=107696,2026-02-14,unlisted,,,,,unlisted (DEX price only),https://bitquery.io/investigations/crypto-airdrops-2026/crypto-airdrops-2026.csv,"committed_usd = value at claim-day price (free airdrop, no sale price); price_vs_first_week=-0.8603 (token price change since first-week price, NOT vs sale); moved_24h=0.0208; held_half_30d=0.979"
AirdropBitquery2026,ZK Coin (ZKC) [Ethereum],2026-03-15,,,,2601540,,airdrop: claim airdrop; claimers=19318,2026-03-15,listed,,,,,listed,https://bitquery.io/investigations/crypto-airdrops-2026/crypto-airdrops-2026.csv,"committed_usd = value at claim-day price (free airdrop, no sale price); price_vs_first_week=-0.487 (token price change since first-week price, NOT vs sale); moved_24h=0.9376; held_half_30d=0.0243"
AirdropBitquery2026,Unitas (UP) [BNB Chain],2026-03-11,,,,2358639,,airdrop: fixed-amount claim (Binance Wallet); claimers=111398,2026-03-11,listed,,,,,listed,https://bitquery.io/investigations/crypto-airdrops-2026/crypto-airdrops-2026.csv,"committed_usd = value at claim-day price (free airdrop, no sale price); price_vs_first_week=1.5722 (token price change since first-week price, NOT vs sale); moved_24h=0.7879; held_half_30d=0.0299"
AirdropBitquery2026,Aligned Token (ALIGN) [Base],2026-08-19,,,,2161393,,airdrop: claim airdrop; claimers=80852,2026-08-19,listed,,,,,listed,https://bitquery.io/investigations/crypto-airdrops-2026/crypto-airdrops-2026.csv,"committed_usd = value at claim-day price (free airdrop, no sale price); price_vs_first_week=-0.5815 (token price change since first-week price, NOT vs sale); moved_24h=0.731; held_half_30d=0.1797"
AirdropBitquery2026,DAPPOS (DOS) [Ethereum],2026-08-10,,,,2090365,,airdrop: claim in tranches; claimers=7654,2026-08-10,listed,,,,,listed,https://bitquery.io/investigations/crypto-airdrops-2026/crypto-airdrops-2026.csv,"committed_usd = value at claim-day price (free airdrop, no sale price); price_vs_first_week=-0.2588 (token price change since first-week price, NOT vs sale); moved_24h=0.8383; held_half_30d=0.1016"
AirdropBitquery2026,OFC (OFC) [Base],2026-05-09,,,,1829798,,airdrop: claim airdrop; claimers=21412,2026-05-09,listed,,,,,listed,https://bitquery.io/investigations/crypto-airdrops-2026/crypto-airdrops-2026.csv,"committed_usd = value at claim-day price (free airdrop, no sale price); price_vs_first_week=-0.8224 (token price change since first-week price, NOT vs sale); moved_24h=0.8779; held_half_30d=0.8198"
AirdropBitquery2026,CNPY (CNPY) [BNB Chain],2026-09-07,,,,1700202,,airdrop: claim in tranches; claimers=28006,2026-09-07,listed,,,,,listed,https://bitquery.io/investigations/crypto-airdrops-2026/crypto-airdrops-2026.csv,"committed_usd = value at claim-day price (free airdrop, no sale price); price_vs_first_week=0.6887 (token price change since first-week price, NOT vs sale); moved_24h=0.941; held_half_30d="
AirdropBitquery2026,Limitless Official Token (LMTS) [Base],2026-01-28,,,,1603216,,airdrop: claim airdrop; claimers=42268,2026-01-28,listed,,,,,listed,https://bitquery.io/investigations/crypto-airdrops-2026/crypto-airdrops-2026.csv,"committed_usd = value at claim-day price (free airdrop, no sale price); price_vs_first_week=-0.4707 (token price change since first-week price, NOT vs sale); moved_24h=0.9026; held_half_30d=0.0446"
AirdropBitquery2026,Perle (PRL) [BNB Chain],2026-03-25,,,,1592749,,airdrop: claim airdrop; claimers=20743,2026-03-25,listed,,,,,listed,https://bitquery.io/investigations/crypto-airdrops-2026/crypto-airdrops-2026.csv,"committed_usd = value at claim-day price (free airdrop, no sale price); price_vs_first_week=-0.3083 (token price change since first-week price, NOT vs sale); moved_24h=0.9662; held_half_30d=0.0074"
AirdropBitquery2026,ENA (ENA) [Ethereum],2026-06-17,,,,1501690,,airdrop: claim airdrop; claimers=6062,2026-06-17,listed,,,,,listed,https://bitquery.io/investigations/crypto-airdrops-2026/crypto-airdrops-2026.csv,"committed_usd = value at claim-day price (free airdrop, no sale price); price_vs_first_week=1.8501 (token price change since first-week price, NOT vs sale); moved_24h=0.6034; held_half_30d=0.3039"
AirdropBitquery2026,MYTH (MYTH) [BNB Chain],2026-08-12,,,,1495381,,airdrop: claim in tranches; claimers=7532,2026-08-12,unlisted,,,,,unlisted (DEX price only),https://bitquery.io/investigations/crypto-airdrops-2026/crypto-airdrops-2026.csv,"committed_usd = value at claim-day price (free airdrop, no sale price); price_vs_first_week=1.0487 (token price change since first-week price, NOT vs sale); moved_24h=0.291; held_half_30d=0.5749"
AirdropBitquery2026,Bitway Token (BTW) [BNB Chain],2026-03-02,,,,1428512,,airdrop: claim airdrop (Binance Wallet); claimers=65850,2026-03-02,listed,,,,,listed,https://bitquery.io/investigations/crypto-airdrops-2026/crypto-airdrops-2026.csv,"committed_usd = value at claim-day price (free airdrop, no sale price); price_vs_first_week=92.4949 (token price change since first-week price, NOT vs sale); moved_24h=0.8402; held_half_30d=0.03"
AirdropBitquery2026,Arcium (ARX) [BNB Chain],2026-06-22,,,,1338685,,airdrop: fixed-amount claim (Binance Wallet); claimers=84937,2026-06-22,listed,,,,,listed,https://bitquery.io/investigations/crypto-airdrops-2026/crypto-airdrops-2026.csv,"committed_usd = value at claim-day price (free airdrop, no sale price); price_vs_first_week=-0.1115 (token price change since first-week price, NOT vs sale); moved_24h=0.8677; held_half_30d=0.0726"
AirdropBitquery2026,TermMax (TMX) [BNB Chain],2026-08-25,,,,1338394,,airdrop: fixed-amount claim (Binance Wallet); claimers=81352,2026-08-25,listed,,,,,listed,https://bitquery.io/investigations/crypto-airdrops-2026/crypto-airdrops-2026.csv,"committed_usd = value at claim-day price (free airdrop, no sale price); price_vs_first_week=-0.9251 (token price change since first-week price, NOT vs sale); moved_24h=0.7689; held_half_30d=0.1585"
AirdropBitquery2026,Zenchain (ZTC) [BNB Chain],2026-01-06,,,,1330933,,airdrop: claim airdrop; claimers=68355,2026-01-06,listed,,,,,listed,https://bitquery.io/investigations/crypto-airdrops-2026/crypto-airdrops-2026.csv,"committed_usd = value at claim-day price (free airdrop, no sale price); price_vs_first_week=-0.8086 (token price change since first-week price, NOT vs sale); moved_24h=0.4743; held_half_30d=0.3952"
AirdropBitquery2026,OFC (OFC) [Base],2026-04-09,,,,1265945,,airdrop: claim airdrop; claimers=46682,2026-04-09,listed,,,,,listed,https://bitquery.io/investigations/crypto-airdrops-2026/crypto-airdrops-2026.csv,"committed_usd = value at claim-day price (free airdrop, no sale price); price_vs_first_week=-0.8356 (token price change since first-week price, NOT vs sale); moved_24h=0.8778; held_half_30d=0.052"
AirdropBitquery2026,CREATOR (CRTR) [BNB Chain],2026-02-23,,,,1209169,,airdrop: claim in tranches; claimers=32453,2026-02-23,listed,,,,,listed,https://bitquery.io/investigations/crypto-airdrops-2026/crypto-airdrops-2026.csv,"committed_usd = value at claim-day price (free airdrop, no sale price); price_vs_first_week=-0.9985 (token price change since first-week price, NOT vs sale); moved_24h=0.8936; held_half_30d=0.8645"
AirdropBitquery2026,OWB (OWB) [Base],2026-02-01,,,,1207779,,airdrop: claim in tranches; claimers=12482,2026-02-01,unlisted,,,,,unlisted (DEX price only),https://bitquery.io/investigations/crypto-airdrops-2026/crypto-airdrops-2026.csv,"committed_usd = value at claim-day price (free airdrop, no sale price); price_vs_first_week=-0.8838 (token price change since first-week price, NOT vs sale); moved_24h=0.9056; held_half_30d=0.051"
AirdropBitquery2026,XYZVERSE (XYZ) [BNB Chain],2026-01-29,,,,1127163,,airdrop: claim in tranches; claimers=11492,2026-01-29,listed,,,,,listed,https://bitquery.io/investigations/crypto-airdrops-2026/crypto-airdrops-2026.csv,"committed_usd = value at claim-day price (free airdrop, no sale price); price_vs_first_week=-0.9021 (token price change since first-week price, NOT vs sale); moved_24h=0.1851; held_half_30d=0.6619"
AlphaAirdropBlockBase2025,EthSign (SIGN),2025-04-28,,,,,,"Binance Alpha airdrop (points-gated, free)",2025-04-28,,,0.08,,,listed,https://insights.blockbase.co/binance-alpha-projects-research/,d1_close_usd = implied day-1 close PRICE (value of airdrop qty 120$ / qty); post-listing performance from day-1 close: 1D +70%; 3D -38%; 7D -48%; Apr-May 2025 only (11 airdrops)
AlphaAirdropBlockBase2025,Haedal (HAEDAL),2025-04-29,,,,,,"Binance Alpha airdrop (points-gated, free)",2025-04-29,,,0.124,,,listed,https://insights.blockbase.co/binance-alpha-projects-research/,d1_close_usd = implied day-1 close PRICE (value of airdrop qty 44$ / qty); post-listing performance from day-1 close: 1D +79%; 3D +13%; 7D +23%; Apr-May 2025 only (11 airdrops)
AlphaAirdropBlockBase2025,Boop (BOOP),2025-05-05,,,,,,"Binance Alpha airdrop (points-gated, free)",2025-05-05,,,0.3,,,listed,https://insights.blockbase.co/binance-alpha-projects-research/,d1_close_usd = implied day-1 close PRICE (value of airdrop qty 88$ / qty); post-listing performance from day-1 close: 1D -30%; 3D -30%; 7D -65%; Apr-May 2025 only (11 airdrops)
AlphaAirdropBlockBase2025,Obol (OBOL),2025-05-07,,,,,,"Binance Alpha airdrop (points-gated, free)",2025-05-07,,,0.27,,,listed,https://insights.blockbase.co/binance-alpha-projects-research/,d1_close_usd = implied day-1 close PRICE (value of airdrop qty 45$ / qty); post-listing performance from day-1 close: 1D -39%; 3D -30%; 7D -50%; Apr-May 2025 only (11 airdrops)
AlphaAirdropBlockBase2025,Polyhedra (ZKJ),2025-05-07,,,,,,"Binance Alpha airdrop (points-gated, free)",2025-05-07,,,2.12,,,listed,https://insights.blockbase.co/binance-alpha-projects-research/,d1_close_usd = implied day-1 close PRICE (value of airdrop qty 106$ / qty); post-listing performance from day-1 close: 1D +1%; 3D +3%; 7D -3.6%; Apr-May 2025 only (11 airdrops)
AlphaAirdropBlockBase2025,Space and Time (SXT),2025-05-09,,,,,,"Binance Alpha airdrop (points-gated, free)",2025-05-09,,,0.15,,,listed,https://insights.blockbase.co/binance-alpha-projects-research/,d1_close_usd = implied day-1 close PRICE (value of airdrop qty 74$ / qty); post-listing performance from day-1 close: 1D -8%; 3D +10%; 7D -11%; Apr-May 2025 only (11 airdrops)
AlphaAirdropBlockBase2025,Doodles (DOOD),2025-05-09,,,,,,"Binance Alpha airdrop (points-gated, free)",2025-05-09,,,0.01,,,listed,https://insights.blockbase.co/binance-alpha-projects-research/,d1_close_usd = implied day-1 close PRICE (value of airdrop qty 84$ / qty); post-listing performance from day-1 close: 1D -5%; 3D -29%; 7D -37%; Apr-May 2025 only (11 airdrops)
AlphaAirdropBlockBase2025,Puffer (PUFFER),2025-05-12,,,,,,"Binance Alpha airdrop (points-gated, free)",2025-05-12,,,0.27,,,listed,https://insights.blockbase.co/binance-alpha-projects-research/,d1_close_usd = implied day-1 close PRICE (value of airdrop qty 97$ / qty); post-listing performance from day-1 close: 1D -1%; 3D -15%; Apr-May 2025 only (11 airdrops)
AlphaAirdropBlockBase2025,Redacted (RDAC),2025-05-13,,,,,,"Binance Alpha airdrop (points-gated, free)",2025-05-13,,,0.05,,,listed,https://insights.blockbase.co/binance-alpha-projects-research/,d1_close_usd = implied day-1 close PRICE (value of airdrop qty 24$ / qty); post-listing performance from day-1 close: 1D -50%; 3D -70%; Apr-May 2025 only (11 airdrops)
AlphaAirdropBlockBase2025,MapleStory Universe (NXPC),2025-05-15,,,,,,"Binance Alpha airdrop (points-gated, free)",2025-05-15,,,2.63,,,listed,https://insights.blockbase.co/binance-alpha-projects-research/,d1_close_usd = implied day-1 close PRICE (value of airdrop qty 520$ / qty); post-listing performance from day-1 close: 1D -13%; Apr-May 2025 only (11 airdrops)
AlphaAirdropBlockBase2025,Revox (REX),2025-05-17,,,,,,"Binance Alpha airdrop (points-gated, free)",2025-05-17,,,0.02,,,listed,https://insights.blockbase.co/binance-alpha-projects-research/,d1_close_usd = implied day-1 close PRICE (value of airdrop qty 79$ / qty); post-listing performance from day-1 close: 1D -5%; Apr-May 2025 only (11 airdrops)
