mint,creator,t0,n_early,n_firstK,applicable,kth_buy_s,cov_count,cov_sol,creator_back_complete,creator_pf_strict,creator_pf_obs_strict,creator_pf_lenient,creator_pf_obs_lenient,n_resolved_complete,n_partial_with_candidate,n_partial_no_candidate,n_no_inflow_complete,n_nonunique_complete,n_program_account,resolved_sol_share,V1_strict,V1n_strict,V2_strict,V2n_strict,V3_strict,trigger_strict,V1_first_s_strict,V1_first_px_strict,V2_first_s_strict,V2_first_px_strict,V1_lenient,V1n_lenient,V2_lenient,V2n_lenient,V3_lenient,trigger_lenient,V1_first_s_lenient,V1_first_px_lenient,V2_first_s_lenient,V2_first_px_lenient,V1_obs_strict,V1n_obs_strict,V2_obs_strict,V2n_obs_strict,V3_obs_strict,trigger_obs_strict,V1_first_s_obs_strict,V1_first_px_obs_strict,V2_first_s_obs_strict,V2_first_px_obs_strict,V1_obs_lenient,V1n_obs_lenient,V2_obs_lenient,V2n_obs_lenient,V3_obs_lenient,trigger_obs_lenient,V1_first_s_obs_lenient,V1_first_px_obs_lenient,V2_first_s_obs_lenient,V2_first_px_obs_lenient,price_mult_at_kth
fgLjT6mAQJosXq6oz8Zk96zcnEpbV6wV5SUSK3Dpump,6PaMCaZc44tBioQSoE63PccS3w4ZAJfeK5JMNBrLjoG6,1781388422,1,1,False,3.0,1.0,1.0,True,,,,,0.0,0.0,0.0,0.0,0.0,1.0,0.0,0.0,0.0,0.0,0.0,,False,,,,,0.0,0.0,0.0,0.0,,False,,,,,0.0,0.0,0.0,0.0,,False,,,,,0.0,0.0,0.0,0.0,,False,,,,,1.2214416026235286
2qhwsQpTspqfdtTa2Yrox98kwam7vkbZNUabsLZ5pump,AWGAwNm53RTSjxPEqxiYwwhXjcjLnMVFrd4gYK2scQT6,1781283038,1,1,False,16.0,1.0,1.0,False,,D89hHJT5Aqyx1trP6EnGY9jJUB3whgnq3aUvvCqedvzf,,D89hHJT5Aqyx1trP6EnGY9jJUB3whgnq3aUvvCqedvzf,0.0,0.0,0.0,0.0,0.0,1.0,0.0,0.0,0.0,0.0,0.0,,False,,,,,0.0,0.0,0.0,0.0,,False,,,,,0.0,0.0,0.0,0.0,,False,,,,,0.0,0.0,0.0,0.0,,False,,,,,1.1725053262449883
MBVyDu7GddjEZ9zNBHWBTqJkhU6Fv4g4VUNGZUnpump,BBpPd5PAeu2n7cNgn9jpWpRwf3Xcq3MeToDzYMwinKVN,1780471666,4,4,True,47.0,1.0,1.0,False,,,,,1.0,0.0,3.0,0.0,0.0,0.0,0.08428716046478174,0.0,0.0,0.0,0.0,1.0,False,,,,,0.0,0.0,0.0,0.0,1.0,False,,,,,0.0,0.0,0.0,0.0,1.0,False,,,,,0.0,0.0,0.0,0.0,1.0,False,,,,,1.2480858897371316
5eyrv3Wuc8GLMnLM3RGLAgahaAEv3bvUzWFczp8gpump,GyqJSpqbLAbfefmyBKQNVf8DSJRxGVFHyZVHmrrYgkyF,1781026430,15,15,True,306.0,1.0,1.0,True,5tzFkiKscXHK5ZXCGbXZxdw7gTjjD1mBwuoFbhUvuAi9,5tzFkiKscXHK5ZXCGbXZxdw7gTjjD1mBwuoFbhUvuAi9,service,service,3.0,0.0,11.0,0.0,1.0,0.0,0.2785625363226468,0.03833560427728068,1.0,0.0,0.0,1.0,True,165.0,1.0875588677336094,,,0.0,0.0,0.0,0.0,1.0,False,,,,,0.03833560427728068,1.0,0.0,0.0,1.0,True,165.0,1.0875588677336094,,,0.0,0.0,0.0,0.0,1.0,False,,,,,1.4120003671834265
AomvUWpEPZYw4FNNVJH3gfzJvVtJx37LFWcdGYEpump,BmwLafvyae4Jofxho7ihHtQdVd152VYA2xpEnmrs6DX4,1781275498,214,30,True,89.0,0.14018691588785046,0.09314179121600558,True,5tzFkiKscXHK5ZXCGbXZxdw7gTjjD1mBwuoFbhUvuAi9,5tzFkiKscXHK5ZXCGbXZxdw7gTjjD1mBwuoFbhUvuAi9,service,service,12.0,2.0,9.0,0.0,7.0,0.0,0.2545982116976409,0.017371813918650312,2.0,0.05485475508579278,2.0,0.75,True,4.0,1.9337523499630684,4.0,1.9435259938582532,0.0,0.0,0.027852835655974097,2.0,0.9166666666666666,True,,,7.0,1.982225137735629,0.017371813918650312,2.0,0.05485475508579278,2.0,0.7142857142857143,True,4.0,1.9337523499630684,4.0,1.9435259938582532,0.0,0.0,0.027852835655974097,2.0,0.9285714285714286,True,,,7.0,1.982225137735629,3.004747408393337
12JPYuF5tvXbCPy7KLmEoqB53Mbpxre2L6yCteXEpump,H4inafSjybiiKVJiMnfVf21fmhNLB3FrTuefHiWsDxb6,1780777318,736,30,True,5.0,0.04076086956521739,0.18807340844119488,True,HvX3YU61u5sfMaJy53k9KSTSZurnhH3mhUHMpRSdnoYh,HvX3YU61u5sfMaJy53k9KSTSZurnhH3mhUHMpRSdnoYh,HvX3YU61u5sfMaJy53k9KSTSZurnhH3mhUHMpRSdnoYh,HvX3YU61u5sfMaJy53k9KSTSZurnhH3mhUHMpRSdnoYh,12.0,4.0,10.0,0.0,4.0,0.0,0.9274683167052781,0.0,0.0,0.0,0.0,1.0,False,,,,,0.0,0.0,0.0,0.0,1.0,False,,,,,0.0,0.0,0.0,0.0,1.0,False,,,,,0.0,0.0,0.0,0.0,1.0,False,,,,,44.049868750254525
DioWcz9RdEHNPQZiiRDLyHvqJB3j88CduS3LepNGpump,DAcpcTqxEGizeWPGktqxMV8f8JSKfkddwMxnuuRKTJH4,1781222146,3,3,True,21.0,1.0,1.0,True,5tzFkiKscXHK5ZXCGbXZxdw7gTjjD1mBwuoFbhUvuAi9,5tzFkiKscXHK5ZXCGbXZxdw7gTjjD1mBwuoFbhUvuAi9,service,service,1.0,1.0,1.0,0.0,0.0,0.0,0.2855817824234002,0.0,0.0,0.0,0.0,1.0,False,,,,,0.0,0.0,0.0,0.0,1.0,False,,,,,0.0,0.0,0.0,0.0,1.0,False,,,,,0.0,0.0,0.0,0.0,1.0,False,,,,,1.0882690314591936
GUsV1iB83HJTcdFnqRtRSKoXcrWZfcDBSnnsb4Dxpump,rmvzC5heDE3PesYYsimevoJ1iTzw4XXa61irWa4VaH7,1780290460,0,0,False,,,,True,7n5xRp7xuwAe6cAyKbvnZD96QcyhjjViEMAThcxFkmNK,7n5xRp7xuwAe6cAyKbvnZD96QcyhjjViEMAThcxFkmNK,7n5xRp7xuwAe6cAyKbvnZD96QcyhjjViEMAThcxFkmNK,7n5xRp7xuwAe6cAyKbvnZD96QcyhjjViEMAThcxFkmNK,,,,,,,,,,,,,,,,,,,,,,,,,,,,,,,,,,,,,,,,,,,,,,,,
4sEPTyzdj2At9X2gSPg5HKfEAnD9hSqv5DqiY6E7pump,4CmmdvY8vaW6u5EBkM3KEsqBQLJcN1qJYCiWLSepQbbq,1780851836,2,2,False,1.0,1.0,1.0,True,Cc3bpPzUvgAzdW9Nv7dUQ8cpap8Xa7ujJgLdpqGrTCu6,Cc3bpPzUvgAzdW9Nv7dUQ8cpap8Xa7ujJgLdpqGrTCu6,AobVSwdW9BbpMdJvTqeCN4hPAmh4rHm7vwLnQ5ATSyrS,AobVSwdW9BbpMdJvTqeCN4hPAmh4rHm7vwLnQ5ATSyrS,0.0,0.0,1.0,0.0,0.0,1.0,0.0,0.0,0.0,0.0,0.0,,False,,,,,0.0,0.0,0.0,0.0,,False,,,,,0.0,0.0,0.0,0.0,,False,,,,,0.0,0.0,0.0,0.0,,False,,,,,1.4149651590010583
kGCE3FqVUwg2Rp7fgGLi2x6v1dvJnbttJhCyvpxpump,uuxreNzWaHCxEpWgqbUoMfqcVDXXXsnj194b5LB26y1,1780576034,0,0,False,,,,False,,EmuTnjjrapzaZ1gKFw4bHjHC78otL48CSsruSnr7g9L5,,EmuTnjjrapzaZ1gKFw4bHjHC78otL48CSsruSnr7g9L5,,,,,,,,,,,,,,,,,,,,,,,,,,,,,,,,,,,,,,,,,,,,,,,,
D826xNm4gC9L97UjnFjpbsZoUXAKdEWXukyfdA4Apump,9RvZ8kgeHVzpc1f3pWn21i51QMXFsLyvXLXp3uqLxPJM,1780285684,364,30,True,4.0,0.08241758241758242,0.17264700609861036,True,GkoFin9eXskGiYT4PRMy8M9NdToHCAoKAZq9n41Rb5hD,GkoFin9eXskGiYT4PRMy8M9NdToHCAoKAZq9n41Rb5hD,GkoFin9eXskGiYT4PRMy8M9NdToHCAoKAZq9n41Rb5hD,GkoFin9eXskGiYT4PRMy8M9NdToHCAoKAZq9n41Rb5hD,15.0,6.0,8.0,0.0,1.0,0.0,0.4798923932170175,0.0,0.0,0.0,0.0,1.0,False,,,,,0.0,0.0,0.0,0.0,1.0,False,,,,,0.0,0.0,0.11498246769564739,2.0,0.9523809523809523,True,,,1.0,3.6681508613961626,0.0,0.0,0.11498246769564739,2.0,0.9523809523809523,True,,,1.0,3.6681508613961626,4.099717313686604
ZhN8j2bJfs5BswAU1Axbnhpvea74dR2H6Bs9C4tpump,4ybMWyKd9qi8QTen1MitavWBRS2seaEQAU8G9FMXo1x8,1781311806,1,1,False,8.0,1.0,1.0,False,,Cc3bpPzUvgAzdW9Nv7dUQ8cpap8Xa7ujJgLdpqGrTCu6,,service,0.0,0.0,0.0,0.0,0.0,1.0,0.0,0.0,0.0,0.0,0.0,,False,,,,,0.0,0.0,0.0,0.0,,False,,,,,0.0,0.0,0.0,0.0,,False,,,,,0.0,0.0,0.0,0.0,,False,,,,,1.1671577820484493
ASTcDNieMSvrSEtg1HUogScEgSSeEForG4ZKohuPpump,42LQ2ZC1U8WBnm8hZjLFykcxNRCoa6QGXCbcHKUJ7uA2,1781090059,81,30,True,74.0,0.37037037037037035,0.42889539126291554,True,GJRs4FwHtemZ5ZE9x3FNvJ8TMwitKTh21yxdRPqn7npE,GJRs4FwHtemZ5ZE9x3FNvJ8TMwitKTh21yxdRPqn7npE,DPqsobysNf5iA9w7zrQM8HLzCKZEDMkZsWbiidsAt1xo,DPqsobysNf5iA9w7zrQM8HLzCKZEDMkZsWbiidsAt1xo,8.0,9.0,7.0,0.0,5.0,1.0,0.23532959086610483,0.0,0.0,0.13470809622220714,3.0,0.625,True,,,73.0,1.6550753091167623,0.0,0.0,0.052222014936687836,2.0,0.875,True,,,74.0,1.9486327846951825,0.0,0.0,0.13470809622220714,3.0,0.8235294117647058,True,,,73.0,1.6550753091167623,0.0,0.0,0.052222014936687836,2.0,0.9411764705882353,True,,,74.0,1.9486327846951825,1.9486327846951825
67CDB8uKAukpTXWV7YPwAAK4dJUjVtyFJEMwLFeBpump,3SUnsU4iE99PgscFeUSm2pXgGm5duEfyyg4yqiQj8VLx,1780823201,2,2,False,24.0,1.0,1.0,False,,4CmmdvY8vaW6u5EBkM3KEsqBQLJcN1qJYCiWLSepQbbq,,4CmmdvY8vaW6u5EBkM3KEsqBQLJcN1qJYCiWLSepQbbq,1.0,0.0,0.0,0.0,0.0,1.0,0.04104074845806854,0.0,0.0,0.0,0.0,1.0,False,,,,,0.0,0.0,0.0,0.0,1.0,False,,,,,0.0,0.0,0.0,0.0,1.0,False,,,,,0.0,0.0,0.0,0.0,1.0,False,,,,,1.4794232482345966
GCnoV95mgWUsz8M5mayYv5XJEdfASupdt6pm3ztnpump,8eRqKaZProoVrmhUtCPtUotP3XT2xq9Pj7697jjoHiQB,1780440012,2,2,False,9.0,1.0,1.0,False,,,,,0.0,1.0,0.0,0.0,0.0,1.0,0.0,0.0,0.0,0.0,0.0,,False,,,,,0.0,0.0,0.0,0.0,,False,,,,,0.0,0.0,0.0,0.0,1.0,False,,,,,0.0,0.0,0.0,0.0,1.0,False,,,,,0.4771312607751652
Dbi7ZS53u8KjCUMCx9XDj9mJcSJ4uxyGuEuzQ7Hzpump,2GUFR8zBza2tKgkWvbneG7Puam66bp5kYY1ZLPwcgzfZ,1781266764,1,1,False,84.0,1.0,1.0,True,89vEGFH3VytN5pyiUwKkoDUs1XDGTvU2C2T9YEzKis5w,89vEGFH3VytN5pyiUwKkoDUs1XDGTvU2C2T9YEzKis5w,89vEGFH3VytN5pyiUwKkoDUs1XDGTvU2C2T9YEzKis5w,89vEGFH3VytN5pyiUwKkoDUs1XDGTvU2C2T9YEzKis5w,1.0,0.0,0.0,0.0,0.0,0.0,1.0,0.0,0.0,0.0,0.0,1.0,False,,,,,0.0,0.0,0.0,0.0,1.0,False,,,,,0.0,0.0,0.0,0.0,1.0,False,,,,,0.0,0.0,0.0,0.0,1.0,False,,,,,1.1011672084627395
oFm29ScgdzqckDVYCN7PxnZKnQL7p9btkUBqQvNpump,GPtntwkxnyCVcEoDc3WuNiWBYCZjKoc1tWz8UN4y4sjL,1780489788,8,8,True,1023.0,1.0,1.0,True,8mowmVCEewZ9W2cEaQyQeQEeSxhGr1hvRviLwozwNtBt,8mowmVCEewZ9W2cEaQyQeQEeSxhGr1hvRviLwozwNtBt,service,service,5.0,1.0,2.0,0.0,0.0,0.0,0.5575146273028979,0.0,0.0,0.08868194089029073,2.0,0.8,True,,,301.0,1.113782361479977,0.0,0.0,0.31784508662084787,2.0,0.8,True,,,1023.0,1.0835140201399125,0.0,0.0,0.08868194089029073,2.0,0.8333333333333334,True,,,301.0,1.113782361479977,0.0,0.0,0.31784508662084787,2.0,0.8333333333333334,True,,,1023.0,1.0835140201399125,1.0835140201399125
7Fgs3tqGT2sBGx6B55kdzEZFcCbgtPsD5k4hsoX4pump,9euTxsZQtvedf77QUs1ymhyVt3EstSWDx8dij6AQxL84,1780451224,0,0,False,,,,True,Apm6Dvr4i9x1PftZizTV57eZqhZ3Az6UScdxH2bcvii8,Apm6Dvr4i9x1PftZizTV57eZqhZ3Az6UScdxH2bcvii8,Apm6Dvr4i9x1PftZizTV57eZqhZ3Az6UScdxH2bcvii8,Apm6Dvr4i9x1PftZizTV57eZqhZ3Az6UScdxH2bcvii8,,,,,,,,,,,,,,,,,,,,,,,,,,,,,,,,,,,,,,,,,,,,,,,,
932aB51UWX51yzT9mTneNuUy9fh5p4B8FdmMnqBhvNcm,4pwg2vxLg8rNymevFUEqX8T8BDZeZJ9gkVkcQbSstb2g,1780804055,2,2,False,26.0,1.0,1.0,True,42C8kfauEuAX2cYHa8icvPNWNvS6iizti9yZuSvZt8fq,42C8kfauEuAX2cYHa8icvPNWNvS6iizti9yZuSvZt8fq,42C8kfauEuAX2cYHa8icvPNWNvS6iizti9yZuSvZt8fq,42C8kfauEuAX2cYHa8icvPNWNvS6iizti9yZuSvZt8fq,0.0,2.0,0.0,0.0,0.0,0.0,0.0,0.0,0.0,0.0,0.0,,False,,,,,0.0,0.0,0.0,0.0,,False,,,,,0.0,0.0,1.0,2.0,0.5,True,,,26.0,1.0666625161394323,0.0,0.0,0.0,0.0,1.0,False,,,,,1.0666625161394323
GCoJ8URGCr2dvY5pHVv3NbQ1hEQ3FzQEmyeGLbVgpump,CnnDUEjFsK6awGPtftDBTh6SbaTvTVwAj1yYAKvoF3Jq,1781278806,1,1,False,36.0,1.0,1.0,True,iGdFcQoyR2MwbXMHQskhmNsqddZ6rinsipHc4TNSdwu,iGdFcQoyR2MwbXMHQskhmNsqddZ6rinsipHc4TNSdwu,FMmeHoCeet9iht6b2SjeEoyt6QKHK4NCQ3o7dnUtZu8D,FMmeHoCeet9iht6b2SjeEoyt6QKHK4NCQ3o7dnUtZu8D,1.0,0.0,0.0,0.0,0.0,0.0,1.0,0.0,0.0,0.0,0.0,1.0,False,,,,,0.0,0.0,0.0,0.0,1.0,False,,,,,0.0,0.0,0.0,0.0,1.0,False,,,,,0.0,0.0,0.0,0.0,1.0,False,,,,,1.0205629701858514
Hx2PQy6jWEnemnjuV6owU9VSHca2DkhCqhCQxzqJpump,6NntkZWviv4i4w37WX6SPY6DskX9TBrFK4V6tovCnkW6,1781190304,228,30,True,179.0,0.13157894736842105,0.12810160723448463,True,5tzFkiKscXHK5ZXCGbXZxdw7gTjjD1mBwuoFbhUvuAi9,5tzFkiKscXHK5ZXCGbXZxdw7gTjjD1mBwuoFbhUvuAi9,service,service,8.0,4.0,15.0,1.0,1.0,1.0,0.33687447592463854,0.1779131519887926,4.0,0.1779131519887926,4.0,0.625,True,118.0,1.502444031517036,132.0,1.6937901353832645,0.0,0.0,0.0,0.0,1.0,False,,,,,0.1779131519887926,4.0,0.1779131519887926,4.0,0.75,True,118.0,1.502444031517036,132.0,1.6937901353832645,0.0,0.0,0.0,0.0,1.0,False,,,,,2.084016749789333
2cgAW8un1eE2xN99PTs4NJyFYXA4pzqUEQTJbiuowgcn,bwamJzztZsepfkteWRChggmXuiiCQvpLqPietdNfSXa,1780336155,181,30,True,25.0,0.16574585635359115,0.1423110748486356,False,,,,,2.0,9.0,19.0,0.0,0.0,0.0,0.07548793782216569,0.0,0.0,0.0,0.0,1.0,False,,,,,0.0,0.0,0.0,0.0,1.0,False,,,,,0.0,0.0,0.0,0.0,1.0,False,,,,,0.0,0.0,0.0,0.0,1.0,False,,,,,2.1005236384002535
9ekZJnccBGbrZ7wj13qgcLH5dCBru579dPDdSUGopump,973FZBDzny2nCKDZdgkHnk1wXiPvgg6bQGt2qJveVe8D,1780518247,0,0,False,,,,True,8qHctC99V2t3GWLy6FevjJSGjjTVhSPGGv7qqdZtHCvz,8qHctC99V2t3GWLy6FevjJSGjjTVhSPGGv7qqdZtHCvz,8qHctC99V2t3GWLy6FevjJSGjjTVhSPGGv7qqdZtHCvz,8qHctC99V2t3GWLy6FevjJSGjjTVhSPGGv7qqdZtHCvz,,,,,,,,,,,,,,,,,,,,,,,,,,,,,,,,,,,,,,,,,,,,,,,,
9Y6f6KaguaxF4yRo9Mv4WrGAncjqR3AexnHK6bCspump,5hKvphnv7qA5eUgBN4r97Rsm4DVCedhipnPcLBVeR93V,1780781473,1,1,False,44.0,1.0,1.0,True,BuAwGhuMhJKFs8X3hUXvw5QLnX6SxFEL22UPLHNcfTNr,BuAwGhuMhJKFs8X3hUXvw5QLnX6SxFEL22UPLHNcfTNr,BuAwGhuMhJKFs8X3hUXvw5QLnX6SxFEL22UPLHNcfTNr,BuAwGhuMhJKFs8X3hUXvw5QLnX6SxFEL22UPLHNcfTNr,0.0,0.0,0.0,0.0,1.0,0.0,0.0,0.0,0.0,0.0,0.0,,False,,,,,0.0,0.0,0.0,0.0,,False,,,,,0.0,0.0,0.0,0.0,,False,,,,,0.0,0.0,0.0,0.0,,False,,,,,1.2288680480303091
5JbJX1QXzRBeX6d6KkMKbtuTfmgxpc4ASDtfz7uopump,8eRqKaZProoVrmhUtCPtUotP3XT2xq9Pj7697jjoHiQB,1781129792,1,1,False,3.0,1.0,1.0,False,,,,,0.0,0.0,0.0,0.0,0.0,1.0,0.0,0.0,0.0,0.0,0.0,,False,,,,,0.0,0.0,0.0,0.0,,False,,,,,0.0,0.0,0.0,0.0,,False,,,,,0.0,0.0,0.0,0.0,,False,,,,,0.9241384476951446
GPuJcLQ4u3r1pzh9qAiJaXXf9ak6ui6DxwDAAHsppump,D2xiQ4p1iFGjWiVubkULyP8LYe94pRg1TTiG3z1bdBKV,1780725291,2,2,False,20.0,1.0,1.0,True,2UL8hbNaoErAYNePqgQYPP9yDCDRZGWbzKW4krLqkhNL,2UL8hbNaoErAYNePqgQYPP9yDCDRZGWbzKW4krLqkhNL,2UL8hbNaoErAYNePqgQYPP9yDCDRZGWbzKW4krLqkhNL,2UL8hbNaoErAYNePqgQYPP9yDCDRZGWbzKW4krLqkhNL,0.0,0.0,1.0,0.0,0.0,1.0,0.0,0.0,0.0,0.0,0.0,,False,,,,,0.0,0.0,0.0,0.0,,False,,,,,0.0,0.0,0.0,0.0,,False,,,,,0.0,0.0,0.0,0.0,,False,,,,,2.4079842562016984
6LTZzr1u8TUMixEn1Lw9H2X1dQGWCzFD8UwiESgdpump,78N177fzNJpp8pG49xDv1efYcTMSzo9tPTKEA9mAVkh2,1780829856,419,30,True,6.0,0.07159904534606205,0.09898411101443852,False,,,,,8.0,5.0,11.0,0.0,6.0,0.0,0.3614100191382555,0.15466713233562984,4.0,0.0,0.0,1.0,True,0.0,1.3438219211111098,,,0.15466713233562984,4.0,0.0,0.0,1.0,True,0.0,1.3438219211111098,,,0.15466713233562984,4.0,0.0,0.0,1.0,True,0.0,1.3438219211111098,,,0.15466713233562984,4.0,0.0,0.0,1.0,True,0.0,1.3438219211111098,,,2.750301388737043
7YE6BUanMhvoJYwVC8sLBEMrJjAzr9cnpvkRXmCzpump,6ujZxnphRxTqveaQtLAQHFoWz16xhLWZbTijcgZN4fRp,1781117482,38,30,True,117.0,0.7894736842105263,0.8625502506512932,False,,7EmUSAXbyXoGpqLPpurkQ97S4ovMdkbjyYPrKtJHtkqa,,7EmUSAXbyXoGpqLPpurkQ97S4ovMdkbjyYPrKtJHtkqa,9.0,12.0,9.0,0.0,0.0,0.0,0.28506255319506574,0.12173322953779056,1.0,0.0714168280117349,3.0,0.7777777777777778,True,0.0,1.777777777777776,8.0,1.4531807120543767,0.12173322953779056,1.0,0.0714168280117349,3.0,0.7777777777777778,True,0.0,1.777777777777776,8.0,1.4531807120543767,0.12173322953779056,1.0,0.0714168280117349,3.0,0.7619047619047619,True,0.0,1.777777777777776,8.0,1.4531807120543767,0.12173322953779056,1.0,0.0714168280117349,3.0,0.8571428571428571,True,0.0,1.777777777777776,8.0,1.4531807120543767,1.5308370947440357
28ZB8XufMp87CAwBVRvo1dHGicVB6CyMysryqY6qpump,AVazKPx9uSwUwFRocfr2FnTvtS9twtq9wbdP35hv1wzZ,1781202620,9,9,True,1.0,1.0,1.0,True,iGdFcQoyR2MwbXMHQskhmNsqddZ6rinsipHc4TNSdwu,iGdFcQoyR2MwbXMHQskhmNsqddZ6rinsipHc4TNSdwu,service,service,1.0,1.0,6.0,0.0,1.0,0.0,0.23183171116997578,0.0,0.0,0.0,0.0,1.0,False,,,,,0.0,0.0,0.0,0.0,1.0,False,,,,,0.0,0.0,0.0,0.0,1.0,False,,,,,0.0,0.0,0.0,0.0,1.0,False,,,,,1.2907961487177078
81uq5m7ZJF1p5n3jrjBE1TvSnh2GFHFbAFMCQ81wpump,6aYNAQhUUayUewFJ8GFAVT8czNNBujnHymvgRecnpzk3,1780996928,0,0,False,,,,True,iGdFcQoyR2MwbXMHQskhmNsqddZ6rinsipHc4TNSdwu,iGdFcQoyR2MwbXMHQskhmNsqddZ6rinsipHc4TNSdwu,service,service,,,,,,,,,,,,,,,,,,,,,,,,,,,,,,,,,,,,,,,,,,,,,,,,
3izvF4HcyYY4RXLyEBDHUNjjb4n2jZFfys7Dtw6Upump,43EjSrQCtDZEGechJ2HyTefDwDD7NQQy9qq8VZkmQtje,1780347146,0,0,False,,,,False,,GcCWSFAiFNNZbCB6iU4DcSjWwfdDwQeNvFUyy6UJRrjz,,GcCWSFAiFNNZbCB6iU4DcSjWwfdDwQeNvFUyy6UJRrjz,,,,,,,,,,,,,,,,,,,,,,,,,,,,,,,,,,,,,,,,,,,,,,,,
4SQ2qZrKeCUtMQacmTCLxttjX1y4r3zHidnFwsHvpump,3SUnsU4iE99PgscFeUSm2pXgGm5duEfyyg4yqiQj8VLx,1780978555,1,1,False,1.0,1.0,1.0,False,,GjCQc1oZV3HPcvt558vhawfQgz24CVBbNJJQENmk7G5P,,GjCQc1oZV3HPcvt558vhawfQgz24CVBbNJJQENmk7G5P,0.0,0.0,0.0,0.0,0.0,1.0,0.0,0.0,0.0,0.0,0.0,,False,,,,,0.0,0.0,0.0,0.0,,False,,,,,0.0,0.0,0.0,0.0,,False,,,,,0.0,0.0,0.0,0.0,,False,,,,,1.1946908727189154
C3b3ZdKQZ5BQYo8PQyQuv7bGT2fXd8RTpErbuz9npump,Cdhi3XQ25bt24dCPAqWysWSj7QeKELxNDC2FfTv7Ytxy,1780708041,1,1,False,4.0,1.0,1.0,False,,UPjF4P88fgVugUWKgjSshHg6pzwPeg1CxghE8phudBj,,UPjF4P88fgVugUWKgjSshHg6pzwPeg1CxghE8phudBj,0.0,0.0,0.0,0.0,0.0,1.0,0.0,0.0,0.0,0.0,0.0,,False,,,,,0.0,0.0,0.0,0.0,,False,,,,,0.0,0.0,0.0,0.0,,False,,,,,0.0,0.0,0.0,0.0,,False,,,,,0.7654524213879998
3EuefWfzbkXoE6YSxKJLzn8M7gWrKLW65LDTTEjUpump,8EDV8zm3L6uDtHyDdEVab283bK94Cr6QhCfyHq28zPAM,1780843025,1,1,False,2.0,1.0,1.0,True,Bb8Vh3iHJeVWRfnUNkpncnxshnk9By1Emj9VS35Tkp53,Bb8Vh3iHJeVWRfnUNkpncnxshnk9By1Emj9VS35Tkp53,Bb8Vh3iHJeVWRfnUNkpncnxshnk9By1Emj9VS35Tkp53,Bb8Vh3iHJeVWRfnUNkpncnxshnk9By1Emj9VS35Tkp53,0.0,0.0,0.0,0.0,0.0,1.0,0.0,0.0,0.0,0.0,0.0,,False,,,,,0.0,0.0,0.0,0.0,,False,,,,,0.0,0.0,0.0,0.0,,False,,,,,0.0,0.0,0.0,0.0,,False,,,,,1.2714414666997513
BvVumYuqfiMty43uJNU8keYmnVaXJzEhy9t1kRe8pump,6z51o3BNbYLJTL7SeGeHJQNpoc7rcWt8f6mzUg533uYe,1780528266,45,30,True,46.0,0.6666666666666666,0.7378501085122082,False,,7i7xHc8Sq8hwyU7CVtzHTNsaGBWEgk5S27AzoW22qXJg,,7i7xHc8Sq8hwyU7CVtzHTNsaGBWEgk5S27AzoW22qXJg,5.0,13.0,12.0,0.0,0.0,0.0,0.06363195832351043,0.14149492947722636,3.0,0.009223373170256611,2.0,0.8,True,0.0,1.2995999999999983,41.0,1.5645456234372868,0.14149492947722636,3.0,0.009223373170256611,2.0,0.8,True,0.0,1.2995999999999983,41.0,1.5645456234372868,0.14149492947722636,3.0,0.10376294828329932,2.0,0.8333333333333334,True,0.0,1.2995999999999983,0.0,1.5624999999999967,0.14149492947722636,3.0,0.10376294828329932,2.0,0.8888888888888888,True,0.0,1.2995999999999983,0.0,1.5624999999999967,1.9900880411205877
EYEyyarU2mpWCTjEU5j2ezk2QEvCcr6SFMukc7Vjpump,ELs2WfiXUDYWKvrDqLn9Dd7ExxBEQp1Vnhni8PrQkFSr,1780350931,25,25,True,526.0,1.0,1.0,True,7UCVxBSuSQiSTk7DcNi34bfGDY8qRNaURnE9tUtj5ZXz,7UCVxBSuSQiSTk7DcNi34bfGDY8qRNaURnE9tUtj5ZXz,7UCVxBSuSQiSTk7DcNi34bfGDY8qRNaURnE9tUtj5ZXz,7UCVxBSuSQiSTk7DcNi34bfGDY8qRNaURnE9tUtj5ZXz,5.0,4.0,15.0,0.0,1.0,0.0,0.4034117365236015,0.0,0.0,0.17026908006579153,2.0,0.8,True,,,297.0,1.4171236294729244,0.0,0.0,0.0,0.0,1.0,False,,,,,0.0,0.0,0.17026908006579153,2.0,0.8888888888888888,True,,,297.0,1.4171236294729244,0.0,0.0,0.0,0.0,1.0,False,,,,,1.1860940662149349
7xhT4Fs7KXhb7kHHJ73pZoLvqa7GVWgJLnuUBi5Ypump,CScBTnmRDUpq2x2dqANUnDNQZHHVPE26dvZuQofmsrjY,1780969590,5,5,True,92.0,1.0,1.0,False,,,,,2.0,1.0,1.0,0.0,0.0,1.0,0.3124219917924005,0.0,0.0,0.0,0.0,1.0,False,,,,,0.0,0.0,0.0,0.0,1.0,False,,,,,0.0,0.0,0.0,0.0,1.0,False,,,,,0.0,0.0,0.0,0.0,1.0,False,,,,,3.7726412935135256
BJkAwqXE3w3iAwuwSHacsz9T3RTVKyFjpttMEfbvpump,GgUo69VEMxugGLZgYz4gJVTr8uUfF1yj88v8DPjnpKBg,1781334343,1,1,False,8.0,1.0,1.0,True,iGdFcQoyR2MwbXMHQskhmNsqddZ6rinsipHc4TNSdwu,iGdFcQoyR2MwbXMHQskhmNsqddZ6rinsipHc4TNSdwu,service,service,0.0,0.0,0.0,0.0,0.0,1.0,0.0,0.0,0.0,0.0,0.0,,False,,,,,0.0,0.0,0.0,0.0,,False,,,,,0.0,0.0,0.0,0.0,,False,,,,,0.0,0.0,0.0,0.0,,False,,,,,2.1371664495080163
BecDT17N8aMugk1jjBspereXzBu1FzWnwQP7cMS2pump,JAkX1xw1n15VT7mmsxEuXmmggxB9oCeodESesLQgrjQB,1781035999,0,0,False,,,,True,GVrqArCMLi6Hu8U2BYnqTdos2RkRnf3KuEM8ykRoawmt,GVrqArCMLi6Hu8U2BYnqTdos2RkRnf3KuEM8ykRoawmt,GVrqArCMLi6Hu8U2BYnqTdos2RkRnf3KuEM8ykRoawmt,GVrqArCMLi6Hu8U2BYnqTdos2RkRnf3KuEM8ykRoawmt,,,,,,,,,,,,,,,,,,,,,,,,,,,,,,,,,,,,,,,,,,,,,,,,
8iyxKLAc8c3fZt6udcVJ9DA9uGcYYZgdfDHms7VZpump,9zZu1w91ULX9ZZ8MhVjnnDKVNwv8QE7eWgyzvT65F5wb,1780524364,0,0,False,,,,False,,,,,,,,,,,,,,,,,,,,,,,,,,,,,,,,,,,,,,,,,,,,,,,,,,,,
35Ki5P8TWL6VwhCXJ3RZMQb1HKV3xfSfiqjtYBBapump,82wp7D3z5aRV53fmWgQfLC127aoPtZcpi8km5MPzSVNN,1780326906,68,30,True,569.0,0.4411764705882353,0.4474267713376773,True,HGR7m7TmMayk8dKiFVScqt7waVPqUHqiKUSvPy2wp9sh,HGR7m7TmMayk8dKiFVScqt7waVPqUHqiKUSvPy2wp9sh,HGR7m7TmMayk8dKiFVScqt7waVPqUHqiKUSvPy2wp9sh,HGR7m7TmMayk8dKiFVScqt7waVPqUHqiKUSvPy2wp9sh,4.0,3.0,19.0,0.0,3.0,1.0,0.14762135240563,0.06523225163095868,2.0,0.06523225163095868,2.0,0.75,True,28.0,1.3932887893004,28.0,1.4561586634374093,0.06523225163095868,2.0,0.06523225163095868,2.0,0.75,True,28.0,1.3932887893004,28.0,1.4561586634374093,0.06523225163095868,2.0,0.06523225163095868,2.0,0.8571428571428571,True,28.0,1.3932887893004,28.0,1.4561586634374093,0.06523225163095868,2.0,0.06523225163095868,2.0,0.8571428571428571,True,28.0,1.3932887893004,28.0,1.4561586634374093,1.71294770876844
3757xRe9ejGDXNFbwNyM64KLX1fkf2jgyHAunZfspump,AnwmYFMmKr3wwRbEnzyuunQy1KUUVgBrHpNmLoUpVjc4,1780477251,78,30,True,254.0,0.38461538461538464,0.36490213171160024,True,HW3Ah9yxjnxoUmVgsfT369D8FuWMjTUF1Wo3SK8Enbyw,HW3Ah9yxjnxoUmVgsfT369D8FuWMjTUF1Wo3SK8Enbyw,HW3Ah9yxjnxoUmVgsfT369D8FuWMjTUF1Wo3SK8Enbyw,HW3Ah9yxjnxoUmVgsfT369D8FuWMjTUF1Wo3SK8Enbyw,8.0,3.0,15.0,0.0,4.0,0.0,0.4134345202674259,0.04730372082590066,1.0,0.14049205102534704,3.0,0.75,True,43.0,1.1367331497938522,147.0,1.2324665394961705,0.04730372082590066,1.0,0.0,0.0,1.0,True,43.0,1.1367331497938522,,,0.04730372082590066,1.0,0.14049205102534704,3.0,0.8181818181818182,True,43.0,1.1367331497938522,147.0,1.2324665394961705,0.04730372082590066,1.0,0.0,0.0,1.0,True,43.0,1.1367331497938522,,,1.9799414405629656
3FDvp4d7RVqU1Ng6DQXBpVnyG844CeJYx8WW5PBHpump,BeyJuk9dX6FisPCyniDaKxDtHqtpRc2Mn5ZYaaxY5gir,1780799309,616,30,True,53.0,0.048701298701298704,0.08683963612060833,True,is6MTRHEgyFLNTfYcuV4QBWLjrZBfmhVNYR6ccgr8KV,is6MTRHEgyFLNTfYcuV4QBWLjrZBfmhVNYR6ccgr8KV,is6MTRHEgyFLNTfYcuV4QBWLjrZBfmhVNYR6ccgr8KV,is6MTRHEgyFLNTfYcuV4QBWLjrZBfmhVNYR6ccgr8KV,23.0,3.0,4.0,0.0,0.0,0.0,0.9667541276541818,0.0,0.0,0.0,0.0,1.0,False,,,,,0.0,0.0,0.0,0.0,1.0,False,,,,,0.0,0.0,0.0,0.0,1.0,False,,,,,0.0,0.0,0.0,0.0,1.0,False,,,,,7.976242863093404
3RabpBEybbRi7xk4Z8rwiPLTkQMnTwm8PD39Ngt1wep1,FCv2XZckZVBVjQ6siqBZZVFJiRfdXY74KCrRuf6nCRxV,1780794000,8,8,True,302.0,1.0,1.0,True,,,,,1.0,1.0,2.0,0.0,3.0,1.0,0.14472554086364384,0.0,0.0,0.0,0.0,1.0,False,,,,,0.0,0.0,0.0,0.0,1.0,False,,,,,0.0,0.0,0.0,0.0,1.0,False,,,,,0.0,0.0,0.0,0.0,1.0,False,,,,,1.229706361802486
3uRnHKeooz6NyiCrD1Dq5JEpM5XPKe3abxAsJvNGpump,HPXCpQPHmJKovutHocQto63wKLd5DVHE6rcy4LVu1RmY,1780709334,0,0,False,,,,True,BmFdpraQhkiDQE6SnfG5omcA1VwzqfXrwtNYBwWTymy6,BmFdpraQhkiDQE6SnfG5omcA1VwzqfXrwtNYBwWTymy6,BmFdpraQhkiDQE6SnfG5omcA1VwzqfXrwtNYBwWTymy6,BmFdpraQhkiDQE6SnfG5omcA1VwzqfXrwtNYBwWTymy6,,,,,,,,,,,,,,,,,,,,,,,,,,,,,,,,,,,,,,,,,,,,,,,,
5Sgx4R6W2e7ZH2toZ2J5x9zYmEAsrZg4ay4Bk7Jtpump,CgYrb7zRsdgn4kjEGvZECpF9r8GRW7grqJq6zL2GgxX,1780622808,92,30,True,154.0,0.32608695652173914,0.407567442330515,True,9NH2swocWve9zgx8jQkXxbf7YSbNoeEdmkuyv85y1FUB,9NH2swocWve9zgx8jQkXxbf7YSbNoeEdmkuyv85y1FUB,9NH2swocWve9zgx8jQkXxbf7YSbNoeEdmkuyv85y1FUB,9NH2swocWve9zgx8jQkXxbf7YSbNoeEdmkuyv85y1FUB,11.0,6.0,13.0,0.0,0.0,0.0,0.42461653655975407,0.0,0.0,0.07137054208353238,2.0,0.9090909090909091,True,,,7.0,1.7043515388495942,0.0,0.0,0.0,0.0,1.0,False,,,,,0.0,0.0,0.07137054208353238,2.0,0.9411764705882353,True,,,7.0,1.7043515388495942,0.0,0.0,0.0,0.0,1.0,False,,,,,1.9418244056822007
5cMcYeG4PSebuurzSpW1C36igxTyV3WaGhzUEFmppump,GNDRZhGQrMrk9J49JrBwP3zMFqycJvQpnYc4UjtpfH6J,1780768182,62,30,True,269.0,0.4838709677419355,0.4074857301394644,True,AoBRoGqS8tZCGciV5Raxi5SGXNd4Y8Z75m3gAqCvP31P,AoBRoGqS8tZCGciV5Raxi5SGXNd4Y8Z75m3gAqCvP31P,AoBRoGqS8tZCGciV5Raxi5SGXNd4Y8Z75m3gAqCvP31P,AoBRoGqS8tZCGciV5Raxi5SGXNd4Y8Z75m3gAqCvP31P,8.0,6.0,15.0,0.0,1.0,0.0,0.3194501925893703,0.0,0.0,0.0785708083086327,2.0,0.875,True,,,153.0,1.8271394206374665,0.0,0.0,0.0785708083086327,2.0,0.875,True,,,153.0,1.8271394206374665,0.0,0.0,0.09123068572234927,2.0,0.8571428571428571,True,,,151.0,1.5423847355455034,0.0,0.0,0.09123068572234927,2.0,0.8571428571428571,True,,,151.0,1.5423847355455034,2.2758859195592134
7HzXuJB4yJKFvGz5meJey8EhE6xuW2w2t4a8Jjd8pump,AMEd7bE5CYSEpVpQZK8r5rKMJZrhAdg6bnaJ7qum2ssV,1780744453,88,30,True,28.0,0.3409090909090909,0.3624399718016104,False,,,,,5.0,9.0,13.0,0.0,3.0,0.0,0.08843026179252503,0.0,0.0,0.028695634781948826,2.0,0.8,True,,,25.0,2.150061705344576,0.0,0.0,0.0,0.0,1.0,False,,,,,0.0,0.0,0.07215935011897696,2.0,0.7857142857142857,True,,,9.0,1.732705376232237,0.0,0.0,0.0,0.0,1.0,False,,,,,2.1836847162209856
8jyUQyUuHMua72KebwnyJ5hybycjTPSkB3b8zqjHpump,8DN8xyuAQXGRY1m8JFbVqwM5vXbL6HsAXuT5fCNDHfqC,1780642683,399,30,True,39.0,0.07518796992481203,0.15100286952366232,True,is6MTRHEgyFLNTfYcuV4QBWLjrZBfmhVNYR6ccgr8KV,is6MTRHEgyFLNTfYcuV4QBWLjrZBfmhVNYR6ccgr8KV,is6MTRHEgyFLNTfYcuV4QBWLjrZBfmhVNYR6ccgr8KV,is6MTRHEgyFLNTfYcuV4QBWLjrZBfmhVNYR6ccgr8KV,22.0,5.0,1.0,0.0,2.0,0.0,0.9270312491548831,0.0,0.0,0.0,0.0,1.0,False,,,,,0.0,0.0,0.0,0.0,1.0,False,,,,,0.002155633791027453,1.0,0.0,0.0,1.0,True,39.0,8.379003818890794,,,0.002155633791027453,1.0,0.0,0.0,1.0,True,39.0,8.379003818890794,,,8.379003818890794
97bMMJD7ev3eZzyBgHLpacpNSDWH9Vrke6gBE6p6pump,5FS42zbyT6KZoHh2HvRbwizfqE8CGyYrQ98wNhknNSpG,1780812906,56,30,True,5.0,0.5357142857142857,0.5225919800305086,True,2Zvx5Fu6Wh6vcx5pcT6WXn1a5zFJRaoKi5WL2ee6X8fB,2Zvx5Fu6Wh6vcx5pcT6WXn1a5zFJRaoKi5WL2ee6X8fB,2Zvx5Fu6Wh6vcx5pcT6WXn1a5zFJRaoKi5WL2ee6X8fB,2Zvx5Fu6Wh6vcx5pcT6WXn1a5zFJRaoKi5WL2ee6X8fB,1.0,5.0,23.0,0.0,1.0,0.0,0.051138755567582815,0.0,0.0,0.0,0.0,1.0,False,,,,,0.0,0.0,0.0,0.0,1.0,False,,,,,0.0,0.0,0.1022775112248245,2.0,0.8333333333333334,True,,,3.0,1.4732416025013906,0.0,0.0,0.1022775112248245,2.0,0.8333333333333334,True,,,3.0,1.4732416025013906,1.8270994980859705
9RWbXv3hCdmEpkqwb659JCvnVes6XLhvpXB7oYxjpump,CcHfMx5Bt7Hn7avXimukHac76qqr9gsGtx2p5GPtR4KR,1780293508,16,16,True,1648.0,1.0,1.0,True,,,,,4.0,0.0,8.0,1.0,2.0,1.0,0.347274559558974,0.0,0.0,0.0,0.0,1.0,False,,,,,0.0,0.0,0.0,0.0,1.0,False,,,,,0.0,0.0,0.0,0.0,1.0,False,,,,,0.0,0.0,0.0,0.0,1.0,False,,,,,1.4113423932236393
AKQsb5XKL7RohnLGWjRui5ArUYVSZWJ5VwDSa2EEpump,ALJ4P5QNyHeLEjpKGmA1eUfJHSEGQMjY8HLnDkSgjczb,1780624940,355,30,True,6.0,0.08450704225352113,0.1314501968721253,True,,,,,3.0,10.0,16.0,0.0,1.0,0.0,0.35122453519934865,0.0,0.0,0.0,0.0,1.0,False,,,,,0.0,0.0,0.0,0.0,1.0,False,,,,,0.0,0.0,0.04894667574377185,3.0,0.8461538461538461,True,,,4.0,6.293100583085978,0.0,0.0,0.04894667574377185,3.0,0.8461538461538461,True,,,4.0,6.293100583085978,4.057080780164876
B1C2xfcUajAAU8n3zfuXqXvvALRw8cB5sPzNB5ktpump,D6bTtoSgLknJ9KrgDFUtB5WpqomrNEjBJipVVRoFh2DC,1780333637,304,30,True,5.0,0.09868421052631579,0.17823906282789534,False,,,,,6.0,7.0,14.0,0.0,3.0,0.0,0.20846586455994215,0.0,0.0,0.08035477915882201,2.0,0.6666666666666666,True,,,0.0,1.583822249999997,0.0,0.0,0.07786652037458197,2.0,0.8333333333333334,True,,,0.0,1.583822249999997,0.0,0.0,0.08035477915882201,2.0,0.8461538461538461,True,,,0.0,1.583822249999997,0.0,0.0,0.07786652037458197,2.0,0.9230769230769231,True,,,0.0,1.583822249999997,8.04066216235642
EGcyghBEZ3A1t32FkcPzbKnMjE9UpBgK7789rq1W4JcR,dtrzJPj7yDdvm6eRqBAgxsK2sMJeD9HhBEBB3XMedXy,1780632366,415,30,True,20.0,0.07228915662650602,0.0829327726029956,False,,4doCbWGMooamPVNpiYT1Xhcp9H5eBZExbtaxF3WLTzRn,,4doCbWGMooamPVNpiYT1Xhcp9H5eBZExbtaxF3WLTzRn,9.0,5.0,11.0,1.0,4.0,0.0,0.39364508271373944,0.0,0.0,0.2015286303900856,2.0,0.7777777777777778,True,,,5.0,2.710205544135362,0.0,0.0,0.0,0.0,1.0,False,,,,,0.0,0.0,0.2015286303900856,2.0,0.8571428571428571,True,,,5.0,2.710205544135362,0.0,0.0,0.0,0.0,1.0,False,,,,,2.519144775622363
FTRk6qHeoNvPHKpsPGbiVbpuRytVWfAd6jYsQFGypump,8hLyYdWzZynyyiYp4jL23Gm5E64n4EKcJrZP175mx6sg,1780810062,5,5,True,720.0,1.0,1.0,True,7UfiDnUjSyjQuShgdNNPH1MtmwPfRikJsXAsT5BDPkp7,7UfiDnUjSyjQuShgdNNPH1MtmwPfRikJsXAsT5BDPkp7,7UfiDnUjSyjQuShgdNNPH1MtmwPfRikJsXAsT5BDPkp7,7UfiDnUjSyjQuShgdNNPH1MtmwPfRikJsXAsT5BDPkp7,0.0,2.0,2.0,0.0,0.0,1.0,0.0,0.0,0.0,0.0,0.0,,False,,,,,0.0,0.0,0.0,0.0,,False,,,,,0.0,0.0,0.0,0.0,1.0,False,,,,,0.0,0.0,0.0,0.0,1.0,False,,,,,1.1381437731958406
Gw7YRUTc4uc4uBv1WLgciu2sZNeaBdcuYkkyGejzpump,Hr1ZKxLBrmGptvsrA6umCKpn3y8TbJC4VHkKF5SH6CJY,1780852307,396,30,True,8.0,0.07575757575757576,0.051790218340166484,True,,,,,5.0,4.0,18.0,0.0,3.0,0.0,0.21892995658429681,0.07062352606078848,1.0,0.0,0.0,1.0,True,3.0,1.7950828766353546,,,0.07062352606078848,1.0,0.0,0.0,1.0,True,3.0,1.7950828766353546,,,0.07062352606078848,1.0,0.0,0.0,1.0,True,3.0,1.7950828766353546,,,0.07062352606078848,1.0,0.0,0.0,1.0,True,3.0,1.7950828766353546,,,1.894970540994389
HENbwYB9roXganed9MFXm9kQ9YnhMb1cTHxeg44gpump,6kTygCYZXUhAixW4tXHbYZeHLqEtw92EKzK8k98SBW9u,1780610010,135,30,True,14.0,0.2222222222222222,0.2070914668363517,True,2snHHreXbpJ7UwZxPe37gnUNf7Wx7wv6UKDSR2JckKuS,2snHHreXbpJ7UwZxPe37gnUNf7Wx7wv6UKDSR2JckKuS,service,service,7.0,9.0,10.0,0.0,4.0,0.0,0.17398517845849087,0.0,0.0,0.09043206548441766,2.0,0.8571428571428571,True,,,14.0,2.0374668965336578,0.0,0.0,0.0,0.0,1.0,False,,,,,0.0,0.0,0.15706560149324778,4.0,0.6875,True,,,8.0,1.9462337487355952,0.0,0.0,0.06521058344025359,3.0,0.875,True,,,12.0,2.0386611920973183,2.109851874783209
J4x1EMmQjF6WEzXq2tUtzY89x5aMhYz5CzfevcJEpump,H6zpaY14WgkEmB3MJTvC7Wb5PQJkBVLd4KwLD2ktVgop,1780584429,1337,30,True,2.0,0.02243829468960359,0.04293285263233382,False,,,,,2.0,11.0,16.0,0.0,1.0,0.0,0.10905376705673302,0.0591272696425126,3.0,0.0,0.0,1.0,True,0.0,1.6986777777777768,,,0.0591272696425126,3.0,0.0,0.0,1.0,True,0.0,1.6986777777777768,,,0.0591272696425126,3.0,0.05743502696985987,2.0,0.9230769230769231,True,0.0,1.6986777777777768,2.0,8.866279724879579,0.0591272696425126,3.0,0.0,0.0,1.0,True,0.0,1.6986777777777768,,,8.80698211735395
2dJniDEAGCG7zWKseCkyrML3W23WLjDf1CGxpNv3pump,D1B3gvmXBxENgruUSBdhzYcsNVLjLvXJUHb7Sv3Rn2gR,1781365295,1013,30,True,8.0,0.029615004935834157,0.03366023221254075,True,,,,,4.0,5.0,18.0,0.0,3.0,0.0,0.25329917557181375,0.0,0.0,0.0,0.0,1.0,False,,,,,0.0,0.0,0.0,0.0,1.0,False,,,,,0.0,0.0,0.0,0.0,1.0,False,,,,,0.0,0.0,0.0,0.0,1.0,False,,,,,2.0083779396584847
3KviqQykdwZBb6LQkksjYbr9pQP9WQBBdSvf3tb5pump,4ybMWyKd9qi8QTen1MitavWBRS2seaEQAU8G9FMXo1x8,1780963983,8,8,True,534.0,1.0,1.0,False,,Cc3bpPzUvgAzdW9Nv7dUQ8cpap8Xa7ujJgLdpqGrTCu6,,service,1.0,4.0,2.0,0.0,0.0,1.0,0.03134988752195748,0.0,0.0,0.0,0.0,1.0,False,,,,,0.0,0.0,0.0,0.0,1.0,False,,,,,0.0,0.0,0.0,0.0,1.0,False,,,,,0.0,0.0,0.0,0.0,1.0,False,,,,,0.06768184260965998
3nTmaNvUd12oEd52rsjc8hZLqSjRm1yoEtCnZBDRpump,5zf6nN8WetYHgUMeQtbaEetbbULUjhsfghrigUM8GRk9,1781096692,49,30,True,1523.0,0.6122448979591837,0.4748475415280181,True,,,,,7.0,4.0,2.0,3.0,14.0,0.0,0.37814376205547456,0.0,0.0,0.08883921221084157,2.0,0.8571428571428571,True,,,1510.0,1.1696166181612433,0.0,0.0,0.08883921221084157,2.0,0.8571428571428571,True,,,1510.0,1.1696166181612433,0.0,0.0,0.08883921221084157,2.0,0.9090909090909091,True,,,1510.0,1.1696166181612433,0.0,0.0,0.08883921221084157,2.0,0.9090909090909091,True,,,1510.0,1.1696166181612433,1.7015634378943418
5msxC5d3SYnLs5pgGaWsi9aeBihJmddY3uVguV8Fpump,CgmwCcCoF5YNhWrVBz2R2iH4MopfvYLfxLgSZsrnemi6,1780932901,358,30,True,12.0,0.08379888268156424,0.1046316734353634,True,As7HjL7dzzvbRbaD3WCun47robib2kmAKRXMvjHkSMB5,As7HjL7dzzvbRbaD3WCun47robib2kmAKRXMvjHkSMB5,As7HjL7dzzvbRbaD3WCun47robib2kmAKRXMvjHkSMB5,As7HjL7dzzvbRbaD3WCun47robib2kmAKRXMvjHkSMB5,6.0,8.0,16.0,0.0,0.0,0.0,0.28084478172453264,0.055404375963504476,1.0,0.1561479995750034,3.0,0.6666666666666666,True,12.0,2.847414296231517,2.0,1.8176883649385218,0.055404375963504476,1.0,0.0,0.0,1.0,True,12.0,2.847414296231517,,,0.055404375963504476,1.0,0.1561479995750034,3.0,0.8571428571428571,True,12.0,2.847414296231517,2.0,1.8176883649385218,0.055404375963504476,1.0,0.0,0.0,1.0,True,12.0,2.847414296231517,,,2.9205329086484135
62JPRFp7wvf2VXPQc9zgtjynZis9yGofdh2cgtwqpump,BzofeYMH8Xpi94sjCmdkMUNo2cHxNH7zKaxvmt8WdU9j,1780983992,5,5,True,91.0,1.0,1.0,True,GJvewfRjqTUPtx6WsBSUnaFbdgXwgXnWfpDyLm65T4YA,GJvewfRjqTUPtx6WsBSUnaFbdgXwgXnWfpDyLm65T4YA,GJvewfRjqTUPtx6WsBSUnaFbdgXwgXnWfpDyLm65T4YA,GJvewfRjqTUPtx6WsBSUnaFbdgXwgXnWfpDyLm65T4YA,2.0,0.0,3.0,0.0,0.0,0.0,0.7536109030631832,0.0,0.0,0.0,0.0,1.0,False,,,,,0.0,0.0,0.0,0.0,1.0,False,,,,,0.0,0.0,0.0,0.0,1.0,False,,,,,0.0,0.0,0.0,0.0,1.0,False,,,,,1.2637742682093553
81TnF7k8V8NPBLbP54MRDAftmAphWDKhi49fYfDbs99C,7ZV54HcwtzRhZSEPskT8ox5hn9yNocK9xpe4BQXoziaP,1780943005,3,3,True,19.0,1.0,1.0,False,,,,,0.0,0.0,2.0,0.0,1.0,0.0,0.0,0.0,0.0,0.0,0.0,,False,,,,,0.0,0.0,0.0,0.0,,False,,,,,0.0,0.0,0.0,0.0,,False,,,,,0.0,0.0,0.0,0.0,,False,,,,,1.1081146918969733
93DB6Wsm1QjxXLXm9eEtTkUCpkYD69XbfgHoZBSpump,6gAgy3F1tLxeBWb8UhGEnmXYVRoaz3w1Lzv6APyhfoHk,1781406951,159,30,True,6.0,0.18867924528301888,0.2395313992743254,True,6UWsi9WKQbE5jLxLcycfr5NZ1DQGVNKUCkW1pzUaRVCE,6UWsi9WKQbE5jLxLcycfr5NZ1DQGVNKUCkW1pzUaRVCE,6UWsi9WKQbE5jLxLcycfr5NZ1DQGVNKUCkW1pzUaRVCE,6UWsi9WKQbE5jLxLcycfr5NZ1DQGVNKUCkW1pzUaRVCE,3.0,9.0,16.0,0.0,2.0,0.0,0.13417012143084384,0.03732068651208322,1.0,0.0,0.0,1.0,True,1.0,1.747215471883842,,,0.03732068651208322,1.0,0.0,0.0,1.0,True,1.0,1.747215471883842,,,0.07541087173883204,2.0,0.0,0.0,1.0,True,1.0,1.4950640891830707,,,0.07541087173883204,2.0,0.07541087173883204,2.0,0.9166666666666666,True,1.0,1.4950640891830707,1.0,1.747215471883842,2.277271960216843
9qpDk7hGSHqyfMGDT7p4zFQ35aGff248Qes48CgLpump,951wq3qDowjKHaycrNaiRB5WpovYVKXnqhnrcKPh46zt,1781161538,619,30,True,3.0,0.048465266558966075,0.09984569248658891,False,,GJvewfRjqTUPtx6WsBSUnaFbdgXwgXnWfpDyLm65T4YA,,GJvewfRjqTUPtx6WsBSUnaFbdgXwgXnWfpDyLm65T4YA,14.0,5.0,10.0,0.0,1.0,0.0,0.4711860628439914,0.0,0.0,0.0,0.0,1.0,False,,,,,0.0,0.0,0.0,0.0,1.0,False,,,,,0.0,0.0,0.0,0.0,1.0,False,,,,,0.0,0.0,0.0,0.0,1.0,False,,,,,5.144816238394076
CMzcCtnwPC3hcJfUwc2hrQojHubgHr4o7nUPPHiJpump,GGsDr6CpiQcMfGm6iaYqkH3Pauh1XaMCsU1oZvWftw8G,1781118280,134,30,True,254.0,0.22388059701492538,0.286863192209633,True,,,,,12.0,2.0,4.0,0.0,12.0,0.0,0.47858790111960503,0.0,0.0,0.05016895301126142,2.0,0.9166666666666666,True,,,240.0,3.0847588636412255,0.0,0.0,0.0,0.0,1.0,False,,,,,0.0,0.0,0.05016895301126142,2.0,0.9285714285714286,True,,,240.0,3.0847588636412255,0.0,0.0,0.0,0.0,1.0,False,,,,,3.5459370450244467
DAW7qFqQ4jnWeVPgzeNZzEKgxWr9nNXo7dKSZPQ1pump,75GMVrr2xfgAeybuNg1VMHqFE3GTFJLzEHo6xC4MwUzF,1781038997,477,30,True,3.0,0.06289308176100629,0.08162003374029236,False,,,,,6.0,6.0,14.0,0.0,4.0,0.0,0.2744891285078137,0.0,0.0,0.06845046868762976,2.0,0.8333333333333334,True,,,3.0,3.0549924578071512,0.0,0.0,0.0,0.0,1.0,False,,,,,0.0,0.0,0.06845046868762976,2.0,0.9166666666666666,True,,,3.0,3.0549924578071512,0.0,0.0,0.0,0.0,1.0,False,,,,,2.833673484925215
EqG6cBksZ6qBG5dRdYqja1R8gCeXWsCpdmiK2RUdpump,5VR9YzhYqC8ygsq6eugCjAFFygyjKDDHUhJ4oDD5pwjj,1781390409,0,0,False,,,,True,5tzFkiKscXHK5ZXCGbXZxdw7gTjjD1mBwuoFbhUvuAi9,5tzFkiKscXHK5ZXCGbXZxdw7gTjjD1mBwuoFbhUvuAi9,service,service,,,,,,,,,,,,,,,,,,,,,,,,,,,,,,,,,,,,,,,,,,,,,,,,
GigDaD7zbfEYUpNzpZuYfKmGSHRRDMysnRvtEJ25pump,68QoRs3ibRTtgcdSq31TmJzz9grWKvLWF3s47Hcjy2x6,1781028311,17,17,True,1392.0,1.0,1.0,True,HmpMUY36XUaeZ8nXzKvaPTvmM6EMSYRn4yEdapqkcVEJ,HmpMUY36XUaeZ8nXzKvaPTvmM6EMSYRn4yEdapqkcVEJ,HmpMUY36XUaeZ8nXzKvaPTvmM6EMSYRn4yEdapqkcVEJ,HmpMUY36XUaeZ8nXzKvaPTvmM6EMSYRn4yEdapqkcVEJ,4.0,2.0,8.0,0.0,3.0,0.0,0.16881583078063048,0.02358005235121232,1.0,0.0,0.0,1.0,True,1392.0,1.3355184360862737,,,0.02358005235121232,1.0,0.0,0.0,1.0,True,1392.0,1.3355184360862737,,,0.02358005235121232,1.0,0.0,0.0,1.0,True,1392.0,1.3355184360862737,,,0.02358005235121232,1.0,0.0,0.0,1.0,True,1392.0,1.3355184360862737,,,1.3355184360862737
9PoGmWKbQNLWYynwNVGNXireSs7KcCPHikDwJRd4pump,FTuqW6J148wdknkPvm2EVSJ1EFt4aDhjAYzv6rdjuCRi,1780739510,69,30,True,98.0,0.43478260869565216,0.5616710384351752,False,,,,,9.0,5.0,6.0,0.0,10.0,0.0,0.2768130609733448,0.3378546111333251,5.0,0.06406373064073473,2.0,0.8888888888888888,True,0.0,1.5211111111111095,97.0,1.6416097308144377,0.3378546111333251,5.0,0.06406373064073473,2.0,0.8888888888888888,True,0.0,1.5211111111111095,97.0,1.6416097308144377,0.3378546111333251,5.0,0.1054191760169927,2.0,0.8571428571428571,True,0.0,1.5211111111111095,64.0,1.6231335631559725,0.3378546111333251,5.0,0.06406373064073473,2.0,0.9285714285714286,True,0.0,1.5211111111111095,97.0,1.6416097308144377,1.7328786159634626
BThQvp71A4krugaqoaGXzX4yQSSRKQEMrvNar8pypump,8CxHHBz4ULWuUqXMZNReUp7HQTeRvWYVEJvWGnY3fQdz,1780568277,74,30,True,258.0,0.40540540540540543,0.456111070293867,True,HduNTdpVaWdX14sHcDNNP6oLsw62SQLEPwwie4ZgdugH,HduNTdpVaWdX14sHcDNNP6oLsw62SQLEPwwie4ZgdugH,HduNTdpVaWdX14sHcDNNP6oLsw62SQLEPwwie4ZgdugH,HduNTdpVaWdX14sHcDNNP6oLsw62SQLEPwwie4ZgdugH,9.0,7.0,11.0,0.0,3.0,0.0,0.3095454905164183,0.20051170851282915,5.0,0.06163875869689015,3.0,0.7777777777777778,True,18.0,1.4789762806626812,38.0,1.6373338138600366,0.20051170851282915,5.0,0.06163875869689015,3.0,0.7777777777777778,True,18.0,1.4789762806626812,38.0,1.6373338138600366,0.20051170851282915,5.0,0.14844843392268034,3.0,0.75,True,18.0,1.4789762806626812,28.0,1.7022831618801406,0.20051170851282915,5.0,0.06163875869689015,3.0,0.875,True,18.0,1.4789762806626812,38.0,1.6373338138600366,1.880339486916661
E2sHHwpzeVjhV3DjAMP8kYBeG27qT66xS3V9EBYVpump,5FqUo9aBjsp7QeeyN6Vi2ZmF2fjS4H5EU7wnAQwPy17z,1780316831,1863,30,True,18.0,0.01610305958132045,0.01985533195254218,False,,,,,9.0,9.0,12.0,0.0,0.0,0.0,0.2903692063194374,0.0,0.0,0.07857426143011127,2.0,0.7777777777777778,True,,,7.0,2.720446824842209,0.0,0.0,0.0,0.0,1.0,False,,,,,0.0,0.0,0.13638217675558628,2.0,0.7777777777777778,True,,,0.0,1.777777777777776,0.0,0.0,0.13638217675558628,2.0,0.9444444444444444,True,,,0.0,1.777777777777776,2.883748178119368
2r9x15QN6obFdUPGKmv98x99N4PAYKsL7xg8Ug2Spump,D6d9pe9dpV9W9QzK9HiEQctg1iqkg7s2GwgCJmHtobtr,1780310613,5,5,True,9.0,1.0,1.0,True,HVwXuVnEey6r7qGH6nEJWPCu6rBTAxPaegoJh5H49rPQ,HVwXuVnEey6r7qGH6nEJWPCu6rBTAxPaegoJh5H49rPQ,HVwXuVnEey6r7qGH6nEJWPCu6rBTAxPaegoJh5H49rPQ,HVwXuVnEey6r7qGH6nEJWPCu6rBTAxPaegoJh5H49rPQ,1.0,0.0,4.0,0.0,0.0,0.0,0.10248160224945066,0.0,0.0,0.0,0.0,1.0,False,,,,,0.0,0.0,0.0,0.0,1.0,False,,,,,0.0,0.0,0.0,0.0,1.0,False,,,,,0.0,0.0,0.0,0.0,1.0,False,,,,,1.1455612482031339
8kJcRLna8k6qvTrTwTZxPWMvXxdtHF2bwinsxXJ1pump,AcU7BK4Ec6WLx9nxXA4Dtx6E6S2MqCwratn1WjxsX3ae,1780408542,0,0,False,,,,True,89EYw1YDwGt9FVgXHhwgWnyJ6DxmzF7FynsPgfgETYJX,89EYw1YDwGt9FVgXHhwgWnyJ6DxmzF7FynsPgfgETYJX,89EYw1YDwGt9FVgXHhwgWnyJ6DxmzF7FynsPgfgETYJX,89EYw1YDwGt9FVgXHhwgWnyJ6DxmzF7FynsPgfgETYJX,,,,,,,,,,,,,,,,,,,,,,,,,,,,,,,,,,,,,,,,,,,,,,,,
ARYoDE9aaS4u7N3xfRysHwSAbY3bVFGHq5eGi3NuyYM6,bwomEMQzkxVk5AF4qydyckDCuMEjaj95afietSMugYp,1780345151,97,30,True,251.0,0.30927835051546393,0.2478389138867543,False,,,,,17.0,3.0,7.0,0.0,3.0,0.0,0.45146297449155576,0.0,0.0,0.0,0.0,1.0,False,,,,,0.0,0.0,0.0,0.0,1.0,False,,,,,0.0,0.0,0.0,0.0,1.0,False,,,,,0.0,0.0,0.0,0.0,1.0,False,,,,,1.3972296444687027
DLt86ttMxRKvJWg7H6Tcr8V2nGGrnLWisKtuYJ7epump,BjbxQWs8JRfj22A285wpPrUkfKtJeP3aK8ByVBSPKKz,1780847444,67,30,True,82.0,0.44776119402985076,0.46146399506095853,True,3khXjeQhjs4mk13dNwRo1a3FKFKmBnyfRjapmjJbgoJZ,3khXjeQhjs4mk13dNwRo1a3FKFKmBnyfRjapmjJbgoJZ,3khXjeQhjs4mk13dNwRo1a3FKFKmBnyfRjapmjJbgoJZ,3khXjeQhjs4mk13dNwRo1a3FKFKmBnyfRjapmjJbgoJZ,9.0,8.0,12.0,0.0,1.0,0.0,0.38068228790603936,0.04557419928133724,1.0,0.048848335496775336,2.0,0.8888888888888888,True,25.0,1.3042193746723423,33.0,1.6682888270859035,0.04557419928133724,1.0,0.048848335496775336,2.0,0.8888888888888888,True,25.0,1.3042193746723423,33.0,1.6682888270859035,0.04557419928133724,1.0,0.130189595680441,3.0,0.7647058823529411,True,25.0,1.3042193746723423,10.0,1.2870938753616754,0.04557419928133724,1.0,0.048848335496775336,2.0,0.9411764705882353,True,25.0,1.3042193746723423,33.0,1.6682888270859035,2.2699581765777816
AzVXNsPqr9kZyfqUzpJfSN6rCH7PcVEnsGDpFGzjpump,25jZ7EwnKfZo2DZgHM27pbU5Tf54PYG8jc7qNL3gtkxG,1780748354,94,30,True,26.0,0.3191489361702128,0.35236727774587234,False,,,,,6.0,7.0,13.0,0.0,4.0,0.0,0.2343112545355096,0.0,0.0,0.12950723781386253,3.0,0.6666666666666666,True,,,23.0,1.9653099100776839,0.0,0.0,0.0,0.0,1.0,False,,,,,0.0,0.0,0.12950723781386253,3.0,0.6923076923076923,True,,,6.0,1.5951657888704844,0.0,0.0,0.14633354712520197,4.0,0.7692307692307693,True,,,6.0,1.5951657888704844,2.772539390358748
6g8uqRDkGc62s4n3M7yDAPrZqkGPbqaeuqPrE97Fpump,2qYqT2ct6P7Wfkx16YsmHfoDxQTqYSVYKyV9wEA84bKv,1780554881,493,30,True,64.0,0.060851926977687626,0.1505618405827622,True,is6MTRHEgyFLNTfYcuV4QBWLjrZBfmhVNYR6ccgr8KV,is6MTRHEgyFLNTfYcuV4QBWLjrZBfmhVNYR6ccgr8KV,is6MTRHEgyFLNTfYcuV4QBWLjrZBfmhVNYR6ccgr8KV,is6MTRHEgyFLNTfYcuV4QBWLjrZBfmhVNYR6ccgr8KV,21.0,6.0,3.0,0.0,0.0,0.0,0.789168480556429,0.0,0.0,0.0,0.0,1.0,False,,,,,0.0,0.0,0.0,0.0,1.0,False,,,,,0.0,0.0,0.0,0.0,1.0,False,,,,,0.0,0.0,0.0,0.0,1.0,False,,,,,4.877250602345454
37pTLREQQonabNbVYvsrwrmBj5wT9LqxKA6nUzEYpump,DXQfwwnrFgzukGs7fokNvXpu7xfh1HCtCqvAjxAv4Etm,1780469887,57,30,True,7.0,0.5263157894736842,0.6047915674454297,True,4pGEqAckjXb1QsbEDasCGMxDE3svEyCZ5WxwtUyfi48q,4pGEqAckjXb1QsbEDasCGMxDE3svEyCZ5WxwtUyfi48q,4pGEqAckjXb1QsbEDasCGMxDE3svEyCZ5WxwtUyfi48q,4pGEqAckjXb1QsbEDasCGMxDE3svEyCZ5WxwtUyfi48q,9.0,3.0,17.0,0.0,1.0,0.0,0.3698821975897372,0.0,0.0,0.0,0.0,1.0,False,,,,,0.0,0.0,0.0,0.0,1.0,False,,,,,0.0,0.0,0.11527595407976521,2.0,0.9166666666666666,True,,,1.0,2.2786517930615884,0.0,0.0,0.0,0.0,1.0,False,,,,,2.075466553626982
2XQXAnHFoh92B95hribj4reS1o4LwpyaKgFXmgWQpump,E2bcpYQzBfRG5XuSMhq6MrCiWDuvsTnFDt3EJVJvgyY4,1780440729,17,17,True,280.0,1.0,1.0,True,,,,,0.0,3.0,10.0,1.0,3.0,0.0,0.0,0.08382999510508755,1.0,0.0,0.0,,True,155.0,1.2408255981366865,,,0.08382999510508755,1.0,0.0,0.0,,True,155.0,1.2408255981366865,,,0.08382999510508755,1.0,0.0,0.0,1.0,True,155.0,1.2408255981366865,,,0.08382999510508755,1.0,0.0,0.0,1.0,True,155.0,1.2408255981366865,,,1.5076064393777169
G55tdZ564fkV46Hw6EhTa2W6xkAgFH8ugvLjvv2Epump,4xY9T1Q7foJzJsJ6YZDSsfp9zkzeZsXnxd45SixduMmr,1780616414,410,30,True,8.0,0.07317073170731707,0.09916273956130466,False,,8cXgX9dB4AgQXC9HGEwDSM9v7tAdF8otWRJrVZu9PDmz,,8cXgX9dB4AgQXC9HGEwDSM9v7tAdF8otWRJrVZu9PDmz,3.0,9.0,17.0,0.0,1.0,0.0,0.17105307990272348,0.0,0.0,0.0,0.0,1.0,False,,,,,0.0,0.0,0.0,0.0,1.0,False,,,,,0.0,0.0,0.0673426983028177,2.0,0.9166666666666666,True,,,6.0,2.5400489672470483,0.0,0.0,0.0,0.0,1.0,False,,,,,3.1456210170417243
9iqwUDuHMNXvSzh1N5yaubUitanLuPtx4ec9CJiqpump,72wXTFDrXfoTcnFwPKDrvCLX1c3CVvT61v6KVvxAab4q,1780605376,344,30,True,12.0,0.0872093023255814,0.14124687711996373,True,8fPxaraHY4TMSSPnsmmePHmPDzWNrvWqrnUh9ejauKGR,8fPxaraHY4TMSSPnsmmePHmPDzWNrvWqrnUh9ejauKGR,8fPxaraHY4TMSSPnsmmePHmPDzWNrvWqrnUh9ejauKGR,8fPxaraHY4TMSSPnsmmePHmPDzWNrvWqrnUh9ejauKGR,28.0,0.0,2.0,0.0,0.0,0.0,0.9960041179098564,0.0,0.0,0.0,0.0,1.0,False,,,,,0.0,0.0,0.0,0.0,1.0,False,,,,,0.0,0.0,0.0,0.0,1.0,False,,,,,0.0,0.0,0.0,0.0,1.0,False,,,,,4.258688449912491
DEAVE9fyfQDk3fDLspnEv7y7dTGErezq2FFrp6B2pump,H6zpaY14WgkEmB3MJTvC7Wb5PQJkBVLd4KwLD2ktVgop,1780274874,424,30,True,3.0,0.07075471698113207,0.1251723371077574,False,,99xnE2zEFi8YhmKDaikc1EvH6ELTQJppnqUwMzmpLXrs,,99xnE2zEFi8YhmKDaikc1EvH6ELTQJppnqUwMzmpLXrs,2.0,11.0,17.0,0.0,0.0,0.0,0.06518644061586853,0.08235131285036158,3.0,0.0,0.0,1.0,True,0.0,1.4500173611111107,,,0.08235131285036158,3.0,0.0,0.0,1.0,True,0.0,1.4500173611111107,,,0.08235131285036158,3.0,0.0,0.0,1.0,True,0.0,1.4500173611111107,,,0.08235131285036158,3.0,0.0,0.0,1.0,True,0.0,1.4500173611111107,,,3.3453498841553984
GqVb7LcyFX4Xwr2UT9NTxagBUAgZkzwGrQEwCm4Kpump,Cq62f74E8YT5ix78hrdC7LbMHcjo7qw4UAdApagW96cH,1780609687,6,6,True,231.0,1.0,1.0,True,5tzFkiKscXHK5ZXCGbXZxdw7gTjjD1mBwuoFbhUvuAi9,5tzFkiKscXHK5ZXCGbXZxdw7gTjjD1mBwuoFbhUvuAi9,service,service,1.0,0.0,4.0,0.0,1.0,0.0,0.33023874374335677,0.0,0.0,0.0,0.0,1.0,False,,,,,0.0,0.0,0.0,0.0,1.0,False,,,,,0.0,0.0,0.0,0.0,1.0,False,,,,,0.0,0.0,0.0,0.0,1.0,False,,,,,1.1011012616536866
GB2t2Hs2Awo4YAafTL7PzYafQJ75CkPCLCEnWoD8pump,6ujZxnphRxTqveaQtLAQHFoWz16xhLWZbTijcgZN4fRp,1780332440,448,30,True,4.0,0.06696428571428571,0.10971180620987799,False,,,,,4.0,7.0,19.0,0.0,0.0,0.0,0.08223327224855907,0.0988850216198215,1.0,0.0,0.0,1.0,True,0.0,1.5211111111111095,,,0.0988850216198215,1.0,0.0,0.0,1.0,True,0.0,1.5211111111111095,,,0.0988850216198215,1.0,0.08255736884632574,2.0,0.9090909090909091,True,0.0,1.5211111111111095,3.0,2.178455116338278,0.0988850216198215,1.0,0.0,0.0,1.0,True,0.0,1.5211111111111095,,,3.9130816307214262
wrxBhFHqdgYiYBjUrnHqU4Si5j59cWuocG32HNspump,HFnCdzn2udV1CW5HynziSNTEu4f9U5MUTByqr1edphAV,1780749123,149,30,True,6.0,0.20134228187919462,0.42252674885135,True,A3wDH9S8an4NvbbCo76Fjdh2Hk428zJQ3xUsJQXLTEEd,A3wDH9S8an4NvbbCo76Fjdh2Hk428zJQ3xUsJQXLTEEd,A3wDH9S8an4NvbbCo76Fjdh2Hk428zJQ3xUsJQXLTEEd,A3wDH9S8an4NvbbCo76Fjdh2Hk428zJQ3xUsJQXLTEEd,20.0,1.0,5.0,0.0,4.0,0.0,0.8205461647394808,0.0,0.0,0.0,0.0,1.0,False,,,,,0.0,0.0,0.0,0.0,1.0,False,,,,,0.0,0.0,0.0,0.0,1.0,False,,,,,0.0,0.0,0.0,0.0,1.0,False,,,,,2.794153413061202
57L67vSKy6fkDNjwncNx6UX1BQnWCsc1a4hcWYyhpump,FDhTE5g61MPEo3ZXpK755vBadJdDMimZ8fVGdPCE3YtF,1780355965,1317,30,True,4.0,0.022779043280182234,0.037191817869271435,True,iGdFcQoyR2MwbXMHQskhmNsqddZ6rinsipHc4TNSdwu,iGdFcQoyR2MwbXMHQskhmNsqddZ6rinsipHc4TNSdwu,service,service,16.0,3.0,10.0,0.0,1.0,0.0,0.532487547915627,0.06281516022933091,3.0,0.08533966538632047,3.0,0.5625,True,0.0,1.3432495211239015,0.0,1.6499000763793368,0.0,0.0,0.0,0.0,1.0,False,,,,,0.06281516022933091,3.0,0.08533966538632047,3.0,0.631578947368421,True,0.0,1.3432495211239015,0.0,1.6499000763793368,0.0,0.0,0.0,0.0,1.0,False,,,,,6.5053552644563295
EVY4xJ3ytMHa77sjgs2uVj7fgXj1ha98QSQxPadApump,7moqFjvm2MwAiMtCZoqYoTAPzRBxxMRT2ddyHThQuWjr,1781025035,1032,30,True,7.0,0.029069767441860465,0.04057256266749466,False,,FATE6cG45NzA3wwEehEBTMZ26kPvTjKbChbfqpoRK8zn,,FATE6cG45NzA3wwEehEBTMZ26kPvTjKbChbfqpoRK8zn,3.0,13.0,10.0,0.0,4.0,0.0,0.08756464870114507,0.031017872376348246,1.0,0.0,0.0,1.0,True,0.0,1.294437137777776,,,0.031017872376348246,1.0,0.0,0.0,1.0,True,0.0,1.294437137777776,,,0.031017872376348246,1.0,0.08037611215572636,2.0,0.9375,True,0.0,1.294437137777776,1.0,2.1241923397000666,0.031017872376348246,1.0,0.08037611215572636,2.0,0.9375,True,0.0,1.294437137777776,1.0,2.1241923397000666,3.1879669974972384
B66MkcNKFbXwFa7XbX1CbHMBPdgLyQtp6X75eAHspump,4UKLdTBiz6pGRccq9CGw9n53UwmAdd4UX1sJKeUohSiP,1781262720,5,5,True,196.0,1.0,1.0,False,,,,,2.0,2.0,0.0,0.0,0.0,1.0,0.2683097285971432,0.0,0.0,0.0,0.0,1.0,False,,,,,0.0,0.0,0.0,0.0,1.0,False,,,,,0.0,0.0,0.0,0.0,1.0,False,,,,,0.0,0.0,0.0,0.0,1.0,False,,,,,0.03672935249560655
2sUsARJsNq6tM3Z4nas9Todu6auLL47e4utynsdwpump,9zHqE2NKyJb2cD94WPvmbkp9M1ozXHk9Fe9qiNyjq7EA,1781457014,71,30,True,366.0,0.4225352112676056,0.5993157947231318,True,5tzFkiKscXHK5ZXCGbXZxdw7gTjjD1mBwuoFbhUvuAi9,5tzFkiKscXHK5ZXCGbXZxdw7gTjjD1mBwuoFbhUvuAi9,service,service,5.0,8.0,12.0,0.0,5.0,0.0,0.1393012432962734,0.03819077764383916,1.0,0.07638155528767832,2.0,0.8,True,191.0,1.2712061082347503,229.0,1.362421240585054,0.0,0.0,0.07638155528767832,2.0,0.8,True,,,229.0,1.362421240585054,0.03819077764383916,1.0,0.07907160515041525,2.0,0.8461538461538461,True,191.0,1.2712061082347503,191.0,1.3379209849650986,0.0,0.0,0.07907160515041525,2.0,0.8461538461538461,True,,,191.0,1.3379209849650986,2.4377333474642646
6tbd2au2Dtm9vaJPSuhfAe4bi52UFk9HeKDqfwwJae2U,FknjvqGKQ7oT87ZpHqEkEf2Tom2TiT733p2q1idumZ3g,1780918533,355,30,True,3.0,0.08450704225352113,0.19330200511822845,True,7SV6i2UzGNhArPEp2LJE1DZcLRW1cNJYPne9vFasuxtX,7SV6i2UzGNhArPEp2LJE1DZcLRW1cNJYPne9vFasuxtX,service,service,7.0,4.0,11.0,0.0,8.0,0.0,0.18556016127769548,0.06711994818287513,3.0,0.06711994818287513,3.0,0.7142857142857143,True,0.0,2.371346508501802,0.0,2.473824111682856,0.0,0.0,0.06711994818287513,3.0,0.7142857142857143,True,,,0.0,2.473824111682856,0.06711994818287513,3.0,0.06711994818287513,3.0,0.6363636363636364,True,0.0,2.371346508501802,0.0,2.473824111682856,0.0,0.0,0.06711994818287513,3.0,0.8181818181818182,True,,,0.0,2.473824111682856,8.023665835854478
DKvB8MKLTyDeBhy6LsdQUsws9epWbC8A8HAW5Lb9pump,M3eepbe8vQz7Vn7gt9TbVf5R2owkpbEF5iA7qrYyqXX,1781241055,2,2,False,405.0,1.0,1.0,True,DR8bQ8zVMy5aMMauN7VRUvy3DjF9JgbDam75fxxtsEB1,DR8bQ8zVMy5aMMauN7VRUvy3DjF9JgbDam75fxxtsEB1,DR8bQ8zVMy5aMMauN7VRUvy3DjF9JgbDam75fxxtsEB1,DR8bQ8zVMy5aMMauN7VRUvy3DjF9JgbDam75fxxtsEB1,1.0,0.0,0.0,0.0,0.0,1.0,0.24075059112647093,0.0,0.0,0.0,0.0,1.0,False,,,,,0.0,0.0,0.0,0.0,1.0,False,,,,,0.0,0.0,0.0,0.0,1.0,False,,,,,0.0,0.0,0.0,0.0,1.0,False,,,,,1.3087273077246593
7JnXhMSaX5uoiHxvrApZcmri3a6u4rS5AGXUhpH6pump,FvBCwrLSw6QQgkFWjEy7QVJ6M8qK1L7xXEE62PH35Bju,1781422595,4,4,True,577.0,1.0,1.0,True,Dv34prGm2BT7Ph2n6qKLgzeLgjnii87RJJ7Db6ZQQvKM,Dv34prGm2BT7Ph2n6qKLgzeLgjnii87RJJ7Db6ZQQvKM,service,service,0.0,1.0,1.0,0.0,1.0,1.0,0.0,0.0,0.0,0.0,0.0,,False,,,,,0.0,0.0,0.0,0.0,,False,,,,,0.0,0.0,0.0,0.0,1.0,False,,,,,0.0,0.0,0.0,0.0,1.0,False,,,,,1.0383593223827066
7LUfsEbQZXxPq6cWA6x2s2pvswUKuu4qWH6BMLYopump,A3F1obqW6sext3Uauj8dAjE1RhZeump2eWF6nA83TZx3,1781295226,167,30,True,5.0,0.17964071856287425,0.20836335399924022,True,DwCp9GZw3ueoXPykHSPUkRZEwcTVbJH2i9Sf1cXYicWf,DwCp9GZw3ueoXPykHSPUkRZEwcTVbJH2i9Sf1cXYicWf,DwCp9GZw3ueoXPykHSPUkRZEwcTVbJH2i9Sf1cXYicWf,DwCp9GZw3ueoXPykHSPUkRZEwcTVbJH2i9Sf1cXYicWf,3.0,9.0,18.0,0.0,0.0,0.0,0.04278949671431698,0.0,0.0,0.0,0.0,1.0,False,,,,,0.0,0.0,0.0,0.0,1.0,False,,,,,0.0,0.0,0.0545387929123875,3.0,0.8333333333333334,True,,,3.0,1.6781863978330778,0.0,0.0,0.0,0.0,1.0,False,,,,,1.6534998257486155
6rbwj1wzJMH1gQMqSWEiwcuUsQGYGDpfSVXfyKXSpump,ATexjgfnYRxwNwKscjJw3GoCouEwNp5YAXXFzjazc8i7,1781108269,685,30,True,19.0,0.043795620437956206,0.04218966006853748,True,C54VjFRKp65azsxWyCHaFBZeZ9Z9Hu595fqFmDU3Z6mp,C54VjFRKp65azsxWyCHaFBZeZ9Z9Hu595fqFmDU3Z6mp,C54VjFRKp65azsxWyCHaFBZeZ9Z9Hu595fqFmDU3Z6mp,C54VjFRKp65azsxWyCHaFBZeZ9Z9Hu595fqFmDU3Z6mp,9.0,6.0,13.0,0.0,2.0,0.0,0.25106710473178095,0.0,0.0,0.22661810079964517,8.0,0.2222222222222222,True,,,2.0,1.566044781722646,0.0,0.0,0.0,0.0,1.0,False,,,,,0.0,0.0,0.2589882993815436,9.0,0.4666666666666667,True,,,2.0,1.5107156132215953,0.0,0.0,0.0,0.0,1.0,False,,,,,2.0921264297292157
Geha2uBuvCUeAQSuwjkzKdvExUtMAXenJB8qEnDnpump,2X7ZmmnN1pSk7yRumpJb8WiPCp3bfiSSUNCRr5rcTLWS,1781379182,136,30,True,0.0,0.22058823529411764,0.58198282798914,True,Dv34prGm2BT7Ph2n6qKLgzeLgjnii87RJJ7Db6ZQQvKM,Dv34prGm2BT7Ph2n6qKLgzeLgjnii87RJJ7Db6ZQQvKM,service,service,9.0,3.0,3.0,0.0,15.0,0.0,0.15756583581345396,0.0,0.0,0.0,0.0,1.0,False,,,,,0.0,0.0,0.0,0.0,1.0,False,,,,,0.0,0.0,0.0,0.0,1.0,False,,,,,0.0,0.0,0.0,0.0,1.0,False,,,,,15.480831088404717
5K2mmc16PDufaVZY7Cr4sqM8vacdbq21rSxpqwyYVGoE,bwamJzztZsepfkteWRChggmXuiiCQvpLqPietdNfSXa,1781269587,442,30,True,30.0,0.06787330316742081,0.06074695819146267,False,,,,,5.0,10.0,11.0,2.0,2.0,0.0,0.09893442059456943,0.0,0.0,0.0,0.0,1.0,False,,,,,0.0,0.0,0.0,0.0,1.0,False,,,,,0.0,0.0,0.06716141921025184,2.0,0.8666666666666667,True,,,19.0,2.1677023339622816,0.0,0.0,0.024139217699761812,2.0,0.9333333333333333,True,,,20.0,2.3307572079778454,1.7475010262337
8NJQWbjtkbUbYhkcgp9jSJJo4pwkfwdKD8JfhHxrpump,4Y2mtp57QEsrJ1n5Ja3NvdjLSWQfkvpZVesurbPGMNjA,1781366486,0,0,False,,,,True,is6MTRHEgyFLNTfYcuV4QBWLjrZBfmhVNYR6ccgr8KV,is6MTRHEgyFLNTfYcuV4QBWLjrZBfmhVNYR6ccgr8KV,is6MTRHEgyFLNTfYcuV4QBWLjrZBfmhVNYR6ccgr8KV,is6MTRHEgyFLNTfYcuV4QBWLjrZBfmhVNYR6ccgr8KV,,,,,,,,,,,,,,,,,,,,,,,,,,,,,,,,,,,,,,,,,,,,,,,,
8CYQP7cnc4xDefoBp2K5nYTCht2zwUQtsQ1T1iAopump,BvbtWVC5Yt6gsVX1LfEUnCzbqxUUzv3GmzfWGA4nTfbs,1781002739,19,19,True,1051.0,1.0,1.0,True,FbJ9KXQCjF5unLY8qjdQxB5tvPb4GM95sv2N9CiNfLDg,FbJ9KXQCjF5unLY8qjdQxB5tvPb4GM95sv2N9CiNfLDg,FbJ9KXQCjF5unLY8qjdQxB5tvPb4GM95sv2N9CiNfLDg,FbJ9KXQCjF5unLY8qjdQxB5tvPb4GM95sv2N9CiNfLDg,5.0,0.0,14.0,0.0,0.0,0.0,0.27342542639209594,0.1261116974656913,2.0,0.22593561652390845,4.0,0.4,True,790.0,1.2176266301789997,468.0,1.1952764078380889,0.27342542639209594,5.0,0.1948035387945921,4.0,0.4,True,371.0,1.0962852371483263,468.0,1.1952764078380889,0.1261116974656913,2.0,0.22593561652390845,4.0,0.4,True,790.0,1.2176266301789997,468.0,1.1952764078380889,0.27342542639209594,5.0,0.1948035387945921,4.0,0.4,True,371.0,1.0962852371483263,468.0,1.1952764078380889,1.5090438107928967
5i1SVh2AwSFgdYuhFnM2K74n6MxBjxjWKcP3vHAcpump,DFUc5Cj17B2d2RE1LbquQY2dcp8CEYdmoBc6LNz6HEkN,1780452754,7,7,True,744.0,1.0,1.0,True,,,,,1.0,0.0,1.0,0.0,4.0,1.0,0.06177728321718501,0.0,0.0,0.0,0.0,1.0,False,,,,,0.0,0.0,0.0,0.0,1.0,False,,,,,0.0,0.0,0.0,0.0,1.0,False,,,,,0.0,0.0,0.0,0.0,1.0,False,,,,,3.6880593649416884
6vpjdKC8EAHdqXgX3gry3voXnQYGuRR6RJkH7hMxpump,DhSELHEnjs3rFyamjbfW5yxV1mm5kyDCJju2p7E3wgmy,1780465643,8,8,True,44.0,1.0,1.0,False,,,,,1.0,2.0,4.0,0.0,0.0,1.0,0.053861265853430734,0.0,0.0,0.0,0.0,1.0,False,,,,,0.0,0.0,0.0,0.0,1.0,False,,,,,0.0,0.0,0.0,0.0,1.0,False,,,,,0.0,0.0,0.0,0.0,1.0,False,,,,,0.12028966049927907
BUvuChjfCJxfUyCRMNWtm2W5ygTc7vV7mK4N22tGpump,AgLBMJv6pXZkwRu7mKHTE6tAXPPxcVzwR3VWs4PfZhXJ,1780782457,23,23,True,1735.0,1.0,1.0,True,,,,,7.0,3.0,8.0,0.0,4.0,1.0,0.33759581932419885,0.0,0.0,0.0,0.0,1.0,False,,,,,0.0,0.0,0.0,0.0,1.0,False,,,,,0.0,0.0,0.0,0.0,1.0,False,,,,,0.0,0.0,0.0,0.0,1.0,False,,,,,8.714555270356982
FbZbeMQGonXiUKK5QGDWXTGvraY2A3fRvwBZTbYRpump,3syzMExajQXRLiWx8ybUW1rwyyPsBY6X5E5qPUzN7who,1780730627,48,30,True,372.0,0.625,0.8005758045622732,True,5nhg4QmffL9j8K5QYx12HkwHAq2tPJGYD2snmiYnGhDD,5nhg4QmffL9j8K5QYx12HkwHAq2tPJGYD2snmiYnGhDD,5nhg4QmffL9j8K5QYx12HkwHAq2tPJGYD2snmiYnGhDD,5nhg4QmffL9j8K5QYx12HkwHAq2tPJGYD2snmiYnGhDD,18.0,4.0,7.0,0.0,1.0,0.0,0.8748221601560922,0.12513512498210955,3.0,0.4115020456406428,7.0,0.5555555555555556,True,266.0,4.53308071989045,104.0,1.8046658328025325,0.12513512498210955,3.0,0.4115020456406428,7.0,0.5555555555555556,True,266.0,4.53308071989045,104.0,1.8046658328025325,0.12513512498210955,3.0,0.4115020456406428,7.0,0.6363636363636364,True,266.0,4.53308071989045,104.0,1.8046658328025325,0.12513512498210955,3.0,0.4115020456406428,7.0,0.6363636363636364,True,266.0,4.53308071989045,104.0,1.8046658328025325,5.341909862528392
YxUstMyYDyqPNz78auhYfhdUKrBQgg7uctnKNDEpump,Evb87sFU4oyPHfnoNbPLhexdHaVRmEMM1gpV2Kqh4MHx,1780278355,351,30,True,37.0,0.08547008547008547,0.12829427384385947,True,EuJJgAfp1T4fvgvqeaS3WKhi1ULEYXanjbho8uSCdEUn,EuJJgAfp1T4fvgvqeaS3WKhi1ULEYXanjbho8uSCdEUn,EuJJgAfp1T4fvgvqeaS3WKhi1ULEYXanjbho8uSCdEUn,EuJJgAfp1T4fvgvqeaS3WKhi1ULEYXanjbho8uSCdEUn,22.0,1.0,7.0,0.0,0.0,0.0,0.9057005909078887,0.0,0.0,0.0,0.0,1.0,False,,,,,0.0,0.0,0.0,0.0,1.0,False,,,,,0.0,0.0,0.0,0.0,1.0,False,,,,,0.0,0.0,0.0,0.0,1.0,False,,,,,3.504580813329606
