perp,base,type,t0,entry_day,H30_r_spot,H30_status,H30_liq,H30_funding,H30_n_funding,H30_r_px,H30_r,H7_r_spot,H7_status,H7_liq,H7_funding,H7_n_funding,H7_r_px,H7_r
1000000BOBUSDT,1000000BOB,COIN,2025-06-05,2025-06-06,,ok,False,-0.021565488189752534,180.0,0.43140952623103646,0.40984403804128394,,ok,False,0.012504666249817775,42.0,0.5094669887278583,0.5219716549776761
1000000MOGUSDT,1000000MOG,COIN,2024-11-07,2024-11-08,,ok,True,0.07533881800249602,180.0,-1.0,-1.0,,ok,False,0.012745835882153432,42.0,-0.3905955480473021,-0.3778497121651487
1000RATSUSDT,1000RATS,COIN,2023-12-15,2023-12-16,,ok,False,0.05954347776617073,180.0,0.17185682085702114,0.23140029862319186,,ok,False,0.018071565473544285,42.0,0.18603198176763747,0.20410354724118174
1000WHYUSDT,1000WHY,COIN,2024-11-25,2024-11-26,,ok,False,0.05489015758256409,180.0,0.34976923076923083,0.40465938835179494,,ok,False,0.022891047976410256,42.0,0.0384871794871795,0.06137822746358976
1000XUSDT,1000X,COIN,2024-11-13,2024-11-14,,ok,False,0.037264358699552726,180.0,0.1820472188082306,0.21931157750778332,,ok,False,0.009286931969985335,42.0,0.17391971613210178,0.18320664810208712
4USDT,4,COIN,2025-10-08,2025-10-09,,ok,False,0.031579295421272933,180.0,0.6324040164650119,0.6639833118862848,,ok,False,0.017855767110490833,42.0,-0.0008128975926157125,0.01704286951787512
42USDT,42,COIN,2025-10-27,2025-10-28,,ok,False,0.02158744339775309,180.0,0.56482674817355,0.5864141915713031,,ok,False,0.008060161077322206,42.0,0.3121057104517668,0.32016587152908904
ACUUSDT,ACU,COIN,2026-01-21,2026-01-22,,ok,True,-0.004816947626127278,180.0,-1.0,-1.0,,ok,True,-0.0074369573771484905,42.0,-1.0,-1.0
AGTUSDT,AGT,COIN,2025-05-20,2025-05-21,,ok,False,-0.008812143992627076,180.0,0.5944859511745738,0.5856738071819467,,ok,False,0.006835100827197916,42.0,-0.019854598495317233,-0.013019497668119316
AI16ZUSDT,AI16Z,COIN,2025-01-02,2025-01-03,,ok,False,0.01782066997386059,180.0,0.801624073017684,0.8194447429915446,,ok,False,0.009427124770946997,42.0,0.3350905115040882,0.3445176362750352
AIAUSDT,AIA,COIN,2025-09-18,2025-09-19,,ok,True,-0.2570678536640519,372.0,-1.0,-1.0,,ok,False,0.02121686392306524,42.0,0.23177268093781866,0.25298954486088393
AINUSDT,AIN,COIN,2025-07-10,2025-07-11,,ok,False,-0.0009767000728604126,180.0,-0.09492601613639817,-0.09590271620925858,,ok,False,-0.013202130373999095,42.0,-0.12681823717460816,-0.14002036754860725
AIOUSDT,AIO,COIN,2025-08-13,2025-08-14,,ok,True,0.032023384112680325,180.0,-1.0,-1.0,,ok,False,0.0012796500955947856,42.0,0.006719564667173051,0.007999214762767836
AIOTUSDT,AIOT,COIN,2025-04-30,2025-05-01,,ok,True,0.16810238610722483,180.0,-1.0,-1.0,,ok,True,0.07542668797882485,42.0,-1.0,-1.0
AKEUSDT,AKE,COIN,2025-09-26,2025-09-27,,ok,False,0.0483507792029697,180.0,-0.009200795228628267,0.03914998397434143,,ok,False,0.00011758025534294248,42.0,-0.20987176938369767,-0.20975418912835472
AKTUSDT,AKT,COIN,2024-11-18,2024-11-19,,ok,False,0.04231838921331869,180.0,0.24625943970767372,0.28857782892099243,,ok,False,0.004679610394400777,42.0,0.043579780755176656,0.04825939114957743
ALCHUSDT,ALCH,COIN,2025-01-07,2025-01-08,,ok,False,0.014133032277898224,180.0,0.8463287162997774,0.8604617485776755,,ok,False,0.005021370872755998,42.0,0.02546549591887215,0.030486866791628146
APRUSDT,APR,COIN,2025-10-23,2025-10-24,,ok,False,0.016739381183123632,180.0,0.43639819974282035,0.453137580925944,,ok,False,0.003940663021445349,42.0,0.3390771538791255,0.34301781690057087
ARCUSDT,ARC,COIN,2025-01-17,2025-01-18,,ok,False,-0.01524520596082381,180.0,0.6311343016844747,0.6158890957236509,,ok,False,0.010404777935718843,42.0,0.3243355640898893,0.33474034202560815
ARIAUSDT,ARIA,COIN,2025-09-03,2025-09-04,,ok,True,0.01751517097945341,180.0,-1.0,-1.0,,ok,False,-0.005315744865699665,42.0,-0.01772212978369392,-0.023037874649393584
ARXUSDT,ARX,COIN,2026-06-23,2026-06-24,,window_missing,,,,,,,window_missing,,,,,
ATHUSDT,ATH,COIN,2025-04-02,2025-04-03,,ok,False,-0.001476043531894635,180.0,-0.013107329842931947,-0.014583373374826583,,ok,False,-0.0029735337696269633,42.0,-0.03895811518324599,-0.04193164895287295
AVAAIUSDT,AVAAI,COIN,2025-01-17,2025-01-18,,ok,False,0.01179698130492753,180.0,0.8537430830039526,0.8655400643088802,,ok,False,0.0090070425627948,42.0,0.4704673913043478,0.47947443386714256
AZTECUSDT,AZTEC,COIN,2026-02-11,2026-02-12,,ok,False,-0.4840916255338121,298.0,-0.14371749755620733,-0.6278091230900193,,ok,False,-0.01831525526897849,42.0,0.06547116324535684,0.04715590797637835
BUSDT,B,COIN,2025-05-22,2025-05-23,,ok,False,0.04605078227942073,180.0,-0.16810003611412083,-0.12204925383470011,,ok,False,0.01677223108747237,42.0,-0.3231379559407729,-0.3063657248533005
B2USDT,B2,COIN,2025-05-06,2025-05-07,,ok,False,-0.03023147983666298,180.0,0.15399385641565733,0.12376237657899435,,ok,False,0.007181830331693172,42.0,-0.1956638581709672,-0.18848202783927404
B3USDT,B3,COIN,2025-02-13,2025-02-14,,ok,False,-0.10656174326968446,180.0,0.422076923076923,0.31551517980723853,,ok,False,-0.0602826759654142,42.0,0.2771065088757396,0.21682383291032542
BANUSDT,BAN,COIN,2024-11-18,2024-11-19,,ok,False,0.03708159982120069,180.0,0.7943743629949039,0.8314559628161047,,ok,False,0.01205002468652646,42.0,0.4917479419835359,0.5037979666700624
BASUSDT,BAS,COIN,2025-08-26,2025-08-27,,ok,False,0.065024050790938,180.0,0.27237958563010833,0.3374036364210463,,ok,False,0.02211914469958658,42.0,-0.09504105683330166,-0.07292191213371509
BASEDUSDT,BASED,COIN,2026-03-30,2026-03-31,,ok,True,-0.015601467866228774,180.0,-1.0,-1.0,,ok,False,-0.00897365099285826,42.0,0.3092678571428571,0.30029420614999885
BDXNUSDT,BDXN,NOT_IN_INFO,2025-06-03,2025-06-04,,ok,False,-0.021964492357841453,180.0,0.4600652135700475,0.438100721212206,,ok,False,0.0017158725683178062,42.0,0.32664985058885576,0.32836572315717355
BEATUSDT,BEAT,COIN,2025-11-12,2025-11-13,,ok,True,-0.5323955894000283,180.0,-1.0,-1.0,,ok,True,0.00769396508029807,42.0,-1.0,-1.0
BIDUSDT,BID,COIN,2025-03-20,2025-03-21,,ok,False,0.03603131823430108,180.0,0.5033309438470729,0.5393622620813739,,ok,False,0.02327510697695938,42.0,0.1420704898446835,0.1653455968216429
BILLUSDT,BILL,COIN,2026-05-07,2026-05-08,,ok,True,0.022463431815385886,180.0,-1.0,-1.0,,ok,True,0.014461427021964488,42.0,-1.0,-1.0
BIRBUSDT,BIRB,COIN,2026-01-29,2026-01-30,,ok,False,-0.33322299130596106,294.0,0.36955500166168165,0.03633201035572059,,ok,False,-0.24884469910361248,105.0,-0.1937550681289465,-0.442599767232559
BLESSUSDT,BLESS,COIN,2025-09-23,2025-09-24,,ok,True,0.035430358113802074,180.0,-1.0,-1.0,,ok,False,0.0034489942197791657,42.0,0.4881883602346355,0.4916373544544147
BLUAIUSDT,BLUAI,COIN,2025-10-21,2025-10-22,,ok,False,0.03798976743944978,180.0,0.6447480673033197,0.6827378347427695,,ok,False,0.013931976849795361,42.0,-0.040563437926330104,-0.026631461076534742
BOBUSDT,BOB,COIN,2025-11-21,2025-11-22,,ok,True,-0.1927304402547119,180.0,-1.0,-1.0,,ok,False,-0.014072104570853347,42.0,0.04505820853348397,0.030986103962630622
BRUSDT,BR,COIN,2025-03-21,2025-03-22,,ok,False,-1.995728524324363e-05,180.0,0.7386004700352526,0.7385805127500094,,ok,False,-0.0027638348284171554,42.0,0.4707978848413631,0.46803405001294596
BRETTUSDT,BRETT,COIN,2024-08-20,2024-08-21,,ok,False,0.00801540904743656,180.0,0.07434935718278368,0.08236476623022024,,ok,False,0.00213037139047289,42.0,0.10509278926774734,0.10722316065822024
BROCCOLIF3BUSDT,BROCCOLIF3B,COIN,2025-03-21,2025-03-22,,ok,True,0.1429785590161303,95.0,-1.0,-1.0,,ok,False,0.03255210568694511,21.0,0.4594016889193199,0.491953794606265
BSBUSDT,BSB,COIN,2026-03-25,2026-03-26,,ok,True,0.019199958072025104,180.0,-1.0,-1.0,,ok,False,-0.007660432960886702,42.0,-0.3309933602945615,-0.3386537932554482
BSVUSDT,BSV,COIN,2023-10-20,2023-10-21,,ok,False,0.015699806317039572,180.0,0.1439847478916203,0.15968455420865987,,ok,False,0.0019941768520462502,42.0,0.11850475506908298,0.12049893192112923
BTRUSDT,BTR,COIN,2025-08-27,2025-08-28,,ok,True,0.026071009296282203,180.0,-1.0,-1.0,,ok,False,0.0038275920602587796,42.0,0.3568558225508318,0.3606834146110906
BTWUSDT,BTW,COIN,2026-06-04,2026-06-05,,window_missing,,,,,,,ok,True,0.02247159382089816,42.0,-1.0,-1.0
BULLAUSDT,BULLA,COIN,2025-07-04,2025-07-05,,ok,False,0.035948574294122085,180.0,0.18826174496644288,0.22421031926056495,,ok,False,0.014852347937451008,42.0,-0.04126845637583887,-0.02641610843838786
CAPUSDT,CAP,COIN,2026-06-27,2026-06-28,,window_missing,,,,,,,window_missing,,,,,
CARVUSDT,CARV,COIN,2025-08-07,2025-08-08,,ok,False,0.017199273083632297,180.0,0.018369665134602586,0.03556893821823488,,ok,False,0.0068929865761694,42.0,0.005894287590282322,0.012787274166451722
CCUSDT,CC,COIN,2025-10-31,2025-11-01,,ok,False,-0.0028875910050031703,180.0,0.4939367088607596,0.4910491178557564,,ok,False,0.0020721626582278483,42.0,0.08381012658227849,0.08588228924050634
CHILLGUYUSDT,CHILLGUY,COIN,2024-11-27,2024-11-28,,ok,False,0.03644471893378764,180.0,0.6436605960264902,0.6801053149602778,,ok,False,0.0175612479184644,42.0,0.07164072847682124,0.08920197639528564
CLANKERUSDT,CLANKER,COIN,2025-11-12,2025-11-13,,ok,False,0.010201813393617136,180.0,0.4250184764500985,0.43522028984371564,,ok,False,0.002261562494029505,42.0,0.17770664849310924,0.17996821098713875
CLOUSDT,CLO,COIN,2025-10-14,2025-10-15,,ok,False,0.01801815197331629,180.0,0.6625306534675085,0.6805488054408247,,ok,False,0.009000899904267284,42.0,0.42523696613469686,0.43423786603896414
COAIUSDT,COAI,COIN,2025-09-25,2025-09-26,,ok,True,-124.00934703329007,444.0,-1.0,-1.0,,ok,True,0.047476716544923435,42.0,-1.0,-1.0
COLLECTUSDT,COLLECT,COIN,2025-12-31,2026-01-01,,ok,False,0.063207857809482,180.0,0.3779124831226218,0.44112034093210384,,ok,False,0.019293182197699765,42.0,-0.11245206824598009,-0.09315888604828032
COMMONUSDT,COMMON,COIN,2025-10-27,2025-10-28,,ok,False,0.015894168166248925,180.0,0.6099011338770638,0.6257953020433127,,ok,False,0.006801856287925204,42.0,0.3630342152377163,0.36983607152564146
CROSSUSDT,CROSS,COIN,2025-07-10,2025-07-11,,ok,True,0.02904836055849423,180.0,-1.0,-1.0,,ok,True,0.00816482292779022,42.0,-1.0,-1.0
CTRUSDT,CTR,COIN,2026-05-28,2026-05-29,,ok,False,-0.010653611344774723,179.0,0.3699771796372149,0.35932356829244017,,ok,False,-0.002721464596576946,42.0,0.20087244002340554,0.1981509754268286
CUDISUSDT,CUDIS,COIN,2025-08-20,2025-08-21,,ok,False,0.009466229462129947,180.0,-0.08486964960670129,-0.07540342014457134,,ok,False,-0.0023047020767146794,42.0,0.16204014710389214,0.15973544502717746
CYSUSDT,CYS,COIN,2025-12-12,2025-12-13,,ok,False,0.0604497890924319,180.0,-0.6519777925091149,-0.591528003416683,,ok,False,0.019581321363034802,42.0,-0.06762247265495513,-0.04804115129192033
DAMUSDT,DAM,COIN,2025-08-18,2025-08-19,,ok,False,0.025631485471346704,180.0,-0.8335036997174762,-0.8078722142461294,,ok,False,0.002882822228580656,42.0,0.2855599354231131,0.28844275765169375
DATAIPUSDT,DATAIP,COIN,2026-07-03,2026-07-04,,ok,False,-0.10806614455632829,180.0,0.3163479240424846,0.20828177948615628,,ok,False,-0.041217388688493416,42.0,0.08815352429996781,0.046936135611474396
DEEPUSDT,DEEP,COIN,2025-04-22,2025-04-23,,ok,False,-0.10038832263557473,180.0,0.029924998624332844,-0.07046332401124189,,ok,False,-0.038579131856389684,42.0,-0.06163941011390517,-0.10021854197029485
DEGENUSDT,DEGEN,COIN,2024-11-15,2024-11-16,,ok,False,0.04619416744828726,180.0,0.3901740069655689,0.43636817441385617,,ok,False,0.01759247974576996,42.0,0.1360629987215094,0.15365547846727937
DMCUSDT,DMC,COIN,2025-06-24,2025-06-25,,ok,True,-0.04429237357847219,180.0,-1.0,-1.0,,ok,True,-0.036407068514603756,42.0,-1.0,-1.0
DODOXUSDT,DODOX,COIN,2023-08-08,2023-08-09,,ok,False,-0.013993603061436436,90.0,0.12137288135593216,0.10737927829449573,,ok,False,-0.01590560249690932,21.0,0.09222033898305082,0.0763147364861415
DOODUSDT,DOOD,COIN,2025-05-09,2025-05-10,,ok,False,0.004960967425081053,180.0,0.6133045573895786,0.6182655248146596,,ok,False,0.001983545066752136,42.0,0.4463317636616906,0.4483153087284427
DOSUSDT,DOS,COIN,2026-08-11,2026-08-12,,window_missing,,,,,,,ok,False,-0.030698359537143508,42.0,0.22294881170018288,0.19225045216303938
DRIFTUSDT,DRIFT,COIN,2024-11-08,2024-11-09,,ok,False,0.0022404325066858583,180.0,0.2668461796059608,0.2690866121126467,,ok,False,-0.027636384917189644,42.0,0.3166312998827929,0.28899491496560326
EDGEUSDT,EDGE,COIN,2026-03-19,2026-03-20,,ok,True,0.02008027893903845,180.0,-1.0,-1.0,,ok,False,0.00202591335689046,42.0,0.21864664310954063,0.22067255646643108
ELSAUSDT,ELSA,COIN,2026-01-22,2026-01-23,,ok,False,-0.10614732404347615,212.0,0.5623161614951478,0.4561688374516717,,ok,False,-0.04745684325589374,74.0,0.2623281418473703,0.21487129859147655
EPTUSDT,EPT,COIN,2025-04-21,2025-04-22,,ok,False,-0.007316716718654096,180.0,0.174591432225064,0.1672747155064099,,ok,False,-0.004523332157504795,42.0,0.17938682864450128,0.17486349648699648
ESPORTSUSDT,ESPORTS,COIN,2025-07-29,2025-07-30,,ok,False,0.009795905268598182,180.0,0.299766016713092,0.3095619219816902,,ok,False,0.002714262536008358,42.0,0.11877715877437323,0.12149142131038158
ETHWUSDT,ETHW,COIN,2023-11-28,2023-11-29,,ok,False,0.06357979380514796,180.0,-0.37230339539978086,-0.3087236015946329,,ok,False,0.012459772784813805,42.0,0.016889740781307006,0.02934951356612081
EVAAUSDT,EVAA,COIN,2025-10-03,2025-10-04,,ok,True,0.06887562496805787,180.0,-1.0,-1.0,,ok,False,-0.0024330383066572185,42.0,0.5153131023561853,0.5128800640495281
FARTCOINUSDT,FARTCOIN,COIN,2024-12-20,2024-12-21,,ok,True,0.04968694002548255,180.0,-1.0,-1.0,,ok,False,0.007349665560670077,42.0,-0.2314809494066209,-0.22413128384595082
FHEUSDT,FHE,COIN,2025-04-12,2025-04-13,,ok,True,0.027658425473002176,180.0,-1.0,-1.0,,ok,False,-0.0027599896681719366,42.0,-0.7845758488041478,-0.7873358384723197
FIGHTUSDT,FIGHT,COIN,2026-01-23,2026-01-24,,ok,False,-0.009947624358409388,180.0,0.7238284214775939,0.7138807971191845,,ok,False,-0.005526627485167546,42.0,0.7215272507064998,0.7160006232213323
FLOCKUSDT,FLOCK,COIN,2025-09-09,2025-09-10,,ok,False,-0.00793388744930906,180.0,0.4862697724810401,0.478335885031731,,ok,False,0.0006077791952085593,42.0,0.037461538461538435,0.038069317656746995
FLUIDUSDT,FLUID,COIN,2025-09-24,2025-09-25,,ok,False,0.005567109359345191,180.0,0.1836838824577025,0.1892509918170477,,ok,False,-0.0002924344655365806,42.0,-0.09432146037399824,-0.09461389483953482
FOLKSUSDT,FOLKS,COIN,2025-11-06,2025-11-07,,ok,True,0.0563299635625111,180.0,-1.0,-1.0,,ok,False,0.012263324909663427,42.0,-0.21043075615972817,-0.19816743125006475
GOATUSDT,GOAT,COIN,2024-10-24,2024-10-25,,ok,True,0.07816708347308352,180.0,-1.0,-1.0,,ok,False,0.008921054161348621,42.0,0.2350521098838857,0.2439731640452343
GRASSUSDT,GRASS,COIN,2024-11-08,2024-11-09,,ok,False,0.04544751189534725,180.0,0.21308185572018468,0.2585293676155319,,ok,False,0.011849629070930743,42.0,0.23111683264512994,0.24296646171606068
GRIFFAINUSDT,GRIFFAIN,COIN,2025-01-02,2025-01-03,,ok,False,0.020505868827523806,180.0,0.6833356310910388,0.7038414999185626,,ok,False,0.006907811705416516,42.0,0.112166367742075,0.11907417944749152
GRVTUSDT,GRVT,COIN,2026-07-31,2026-08-01,,window_missing,,,,,,,ok,False,0.0021426561090665945,42.0,-0.06831461483081347,-0.06617195872174687
GUAUSDT,GUA,COIN,2025-12-21,2025-12-22,,ok,False,0.037252841286125965,180.0,0.06454610503577696,0.10179894632190292,,ok,False,0.008039293154453895,42.0,0.22560996354799512,0.23364925670244902
GWEIUSDT,GWEI,COIN,2026-01-29,2026-01-30,,ok,False,0.011513952020945684,180.0,-0.04271579079392962,-0.031201838772983936,,ok,False,0.005114382892135957,42.0,0.3269819390442743,0.33209632193641025
HUSDT,H,COIN,2025-06-25,2025-06-26,,ok,True,-1.723222331941271,474.0,-1.0,-1.0,,ok,True,-0.7869307657859838,72.0,-1.0,-1.0
HANAUSDT,HANA,COIN,2025-09-26,2025-09-27,,ok,False,0.0006783077891051871,465.0,0.30359259259259264,0.30427090038169785,,ok,False,0.010950692559549627,42.0,0.2615185185185186,0.2724692110780682
HIPPOUSDT,HIPPO,COIN,2024-11-13,2024-11-14,,ok,False,0.07333892842312949,180.0,0.37362082912032346,0.44695975754345296,,ok,False,0.02267726100578362,42.0,0.11982912032355919,0.14250638132934282
HYPEUSDT,HYPE,COIN,2025-05-30,2025-05-31,,ok,False,0.018818962161787432,180.0,-0.21155370205993085,-0.1927347398981434,,ok,False,0.0040856092460403925,42.0,-0.06986841541428179,-0.0657828061682414
ICNTUSDT,ICNT,COIN,2025-07-03,2025-07-04,,ok,False,-0.025478611279187092,180.0,0.2260841192003018,0.2006055079211147,,ok,False,-0.011073779522230107,42.0,-0.07757487740475277,-0.08864865692698289
IDOLUSDT,IDOL,COIN,2025-07-04,2025-07-05,,ok,False,-0.0019958576966061592,180.0,0.10002604577742702,0.09803018808082085,,ok,False,-0.014722162452154696,42.0,-0.17621704814522487,-0.19093921059737956
INUSDT,IN,COIN,2025-08-07,2025-08-08,,ok,False,-0.02919123541281743,180.0,0.28787277999275096,0.25868154457993353,,ok,False,0.0029062379488667385,42.0,0.02183436027546215,0.024740598224328888
INXUSDT,INX,COIN,2026-01-30,2026-01-31,,ok,False,-0.035674405563125594,180.0,0.26699347471451873,0.23131906915139314,,ok,False,-0.015849106636163127,42.0,0.2147259380097879,0.19887683137362477
IPUSDT,IP,COIN,2025-02-13,2025-02-14,,ok,True,-0.46623925651384923,180.0,-1.0,-1.0,,ok,True,-0.27103977400391965,42.0,-1.0,-1.0
IRUSDT,IR,COIN,2025-12-21,2025-12-22,,ok,False,0.01549710958143315,180.0,0.6196052125240511,0.6351023221054842,,ok,False,0.004904106924147279,42.0,0.40113398635648057,0.40603809328062784
IRYSUSDT,IRYS,COIN,2025-11-26,2025-11-27,,ok,False,-0.006966722450589829,180.0,0.21149377799900437,0.20452705554841455,,ok,False,-0.010161255820296158,42.0,0.10621752115480332,0.09605626533450716
JCTUSDT,JCT,COIN,2025-11-10,2025-11-11,,ok,False,0.016266702158359604,180.0,0.4532586750788643,0.46952537723722393,,ok,False,0.011631773519768667,42.0,0.024236593059936973,0.03586836657970564
JELLYJELLYUSDT,JELLYJELLY,COIN,2025-03-26,2025-03-27,,ok,True,0.02694359195864594,180.0,-1.0,-1.0,,ok,False,0.001917954808124306,42.0,0.33584794672586016,0.33776590153398445
KASUSDT,KAS,COIN,2023-11-17,2023-11-18,,ok,False,0.04694840782358378,180.0,0.22202209550962226,0.26897050333320605,,ok,False,0.0047469872828282255,42.0,0.02123806129722028,0.025985048580048506
KGENUSDT,KGEN,COIN,2025-10-07,2025-10-08,,ok,True,0.032038405566773266,180.0,-1.0,-1.0,,ok,False,0.004448223492051131,42.0,-0.02416330336054362,-0.01971507986849249
KOMAUSDT,KOMA,COIN,2024-12-10,2024-12-11,,ok,False,0.03383113581525629,180.0,0.3731059602649006,0.40693709608015693,,ok,False,0.01110275252630464,42.0,0.31734437086092715,0.3284471233872318
LABUSDT,LAB,COIN,2025-10-17,2025-10-18,,ok,True,0.043516154310649716,180.0,-1.0,-1.0,,ok,False,0.01276890780123047,42.0,-0.39775161019322336,-0.3849827023919929
LIGHTUSDT,LIGHT,COIN,2025-09-27,2025-09-28,,ok,True,0.0984655796158916,180.0,-1.0,-1.0,,ok,False,0.01075892616819019,42.0,0.1460591262285802,0.15681805239677038
LYNUSDT,LYN,COIN,2025-10-06,2025-10-07,,ok,False,0.027191872006258853,469.0,0.6322043664501865,0.6593962384564453,,ok,False,0.01788097431060074,168.0,0.38396614619317404,0.4018471205037748
MUSDT,M,COIN,2025-07-07,2025-07-08,,ok,True,-1.1782068070893332,396.0,-1.0,-1.0,,ok,True,-1.141613179429077,141.0,-1.0,-1.0
MAGMAUSDT,MAGMA,COIN,2025-12-31,2026-01-01,,ok,False,0.014868173489575762,180.0,0.1954126228044062,0.21028079629398194,,ok,False,0.004596816851574129,42.0,-0.06336975290264968,-0.05877293605107555
MAVIAUSDT,MAVIA,COIN,2024-02-21,2024-02-22,,ok,False,0.08693401612494624,180.0,0.18309419653116688,0.2700282126561131,,ok,False,0.018233932500887003,42.0,0.2514434590999419,0.26967739160082893
MELANIAUSDT,MELANIA,COIN,2025-01-20,2025-01-21,,ok,False,-0.01313262312751526,180.0,0.6936179721287842,0.6804853490012689,,ok,False,0.0029472322493899073,42.0,0.4449394521864488,0.44788668443583873
MEMEFIUSDT,MEMEFI,COIN,2025-04-25,2025-04-26,,ok,True,0.0024451206779776,180.0,-1.0,-1.0,,ok,False,-0.0004141110825924665,42.0,-0.5503722429589412,-0.5507863540415336
MERLUSDT,MERL,COIN,2025-05-29,2025-05-30,,ok,False,-0.03629539713132157,180.0,0.18441666666666667,0.1481212695353451,,ok,False,-0.002164517319632248,42.0,0.08659057971014494,0.0844260623905127
MEWUSDT,MEW,COIN,2024-06-17,2024-06-18,,ok,False,0.00813341787012358,180.0,0.05400363460140534,0.06213705247152892,,ok,False,0.001968596074630483,42.0,0.04309983038526777,0.04506842645989825
MILKUSDT,MILK,COIN,2025-05-06,2025-05-07,,ok,False,0.013250473915890652,180.0,0.4180269416757131,0.4312774155916037,,ok,False,0.005947544860128299,42.0,0.017849304253429454,0.023796849113557755
MOCAUSDT,MOCA,COIN,2024-12-16,2024-12-17,,ok,True,-0.26948684481330754,180.0,-1.0,-1.0,,ok,True,-0.1709183546399916,42.0,-1.0,-1.0
MONUSDT,MON,COIN,2025-10-10,2025-10-11,,ok,False,0.006107191174848301,180.0,0.43021897407611687,0.4363261652509652,,ok,False,0.0016460889134031996,42.0,0.3013717595146166,0.30301784842801976
MOODENGUSDT,MOODENG,COIN,2024-10-25,2024-10-26,,ok,True,0.07183934720761226,180.0,-1.0,-1.0,,ok,False,0.007494789710034093,42.0,0.3609405909554041,0.3684353806654382
MYROUSDT,MYRO,COIN,2024-03-05,2024-03-06,,ok,False,0.09079970962874957,180.0,0.3430057224606581,0.43380543208940764,,ok,False,0.036872457545986836,42.0,-0.05564949928469243,-0.01877704173870559
MYXUSDT,MYX,COIN,2025-06-18,2025-06-19,,ok,True,-0.6334610131718914,486.0,-1.0,-1.0,,ok,True,-0.23691485819429461,42.0,-1.0,-1.0
NAORISUSDT,NAORIS,COIN,2025-07-31,2025-08-01,,ok,False,0.02438014964520097,180.0,0.3980314769975788,0.42241162664277976,,ok,False,0.010964126939641647,42.0,0.21449636803874106,0.22546049497838272
NEIROETHUSDT,NEIROETH,COIN,2024-09-06,2024-09-07,,ok,False,0.011675466445528403,180.0,0.48849416342412444,0.5001696298696529,,ok,False,3.280388777665219e-05,42.0,-0.16675875486381309,-0.16672595097603643
OUSDT,O,COIN,2026-06-24,2026-06-25,,window_missing,,,,,,,window_missing,,,,,
OBOLUSDT,OBOL,COIN,2025-05-07,2025-05-08,,ok,False,0.006322168008563558,180.0,0.4293129124932059,0.43563508050176947,,ok,False,0.0018141522239847818,42.0,0.2541052100318346,0.2559193622558194
OLUSDT,OL,COIN,2025-06-25,2025-06-26,,ok,False,0.00870656179738007,180.0,-0.18473596461381436,-0.17602940281643428,,ok,False,0.0018302996597482147,42.0,-0.02243586253827845,-0.020605562878530236
ONUSDT,ON,COIN,2025-10-24,2025-10-25,,ok,False,0.01337697731724441,180.0,0.5344558610709117,0.5478328383881561,,ok,False,0.006614311043855451,42.0,0.3522816889418575,0.358895999985713
ORBSUSDT,ORBS,COIN,2023-10-17,2023-10-18,,ok,False,-0.05907772116160086,180.0,-0.16903081367356754,-0.2281085348351684,,ok,False,-0.0996047176264492,42.0,0.050757342320654764,-0.04884737530579443
ORDERUSDT,ORDER,COIN,2025-09-26,2025-09-27,,ok,True,-0.03587972085171907,90.0,-1.0,-1.0,,ok,True,0.001435949918757235,21.0,-1.0,-1.0
PHAROSUSDT,PHAROS,COIN,2026-05-14,2026-05-15,,ok,False,-0.03695192078954516,180.0,0.17997251585623686,0.1430205950666917,,ok,False,-0.0046026445530356576,42.0,0.09794291754756879,0.09334027299453312
PIEVERSEUSDT,PIEVERSE,COIN,2025-11-14,2025-11-15,,ok,True,-0.2791839924868691,180.0,-1.0,-1.0,,ok,False,-0.0008324947693145911,42.0,-0.011092272202998799,-0.01192476697231339
PIPPINUSDT,PIPPIN,COIN,2025-01-24,2025-01-25,,ok,False,0.0014132213521025926,180.0,0.841269236342559,0.8426824576946617,,ok,False,0.00017665553365961483,42.0,0.7260685407911897,0.7262451963248493
PLAYUSDT,PLAY,COIN,2025-07-31,2025-08-01,,ok,True,0.1461247759254631,180.0,-1.0,-1.0,,ok,True,0.03722791737024598,42.0,-1.0,-1.0
PONKEUSDT,PONKE,COIN,2024-11-04,2024-11-05,,ok,True,0.043593089725305734,180.0,-1.0,-1.0,,ok,False,0.0061029360790673315,42.0,-0.1286595744680853,-0.12255663838901797
POPCATUSDT,POPCAT,COIN,2024-08-22,2024-08-23,,ok,False,0.016602040717762247,180.0,-0.2012706359945874,-0.18466859527682514,,ok,False,0.0047736709783491186,42.0,0.19615832205683348,0.2009319930351826
PORT3USDT,PORT3,COIN,2025-06-04,2025-06-05,,ok,False,0.0025606294841941856,180.0,0.0731963892558345,0.07575701874002867,,ok,False,-0.007006632681638045,42.0,-0.01751254953764858,-0.024519182219286624
POWERUSDT,POWER,COIN,2025-12-06,2025-12-07,,ok,True,0.06510807026950777,180.0,-1.0,-1.0,,ok,False,0.016593614161090196,42.0,-0.24236971046770595,-0.22577609630661574
PRLUSDT,PRL,COIN,2026-04-01,2026-04-02,,ok,True,-0.26801333772927527,180.0,-1.0,-1.0,,ok,False,-0.011684593255700417,42.0,-0.16951595006934828,-0.1812005433250487
PROMPTUSDT,PROMPT,COIN,2025-04-11,2025-04-12,,ok,False,-0.011711210542650542,180.0,0.31822435362802337,0.3065131430853728,,ok,False,-0.006267507062239374,42.0,0.5211017514595496,0.5148342443973103
PTBUSDT,PTB,COIN,2025-09-03,2025-09-04,,ok,True,-0.05090066538687454,180.0,-1.0,-1.0,,ok,True,-0.06543016529611206,42.0,-1.0,-1.0
PUFFERUSDT,PUFFER,COIN,2025-06-04,2025-06-05,,ok,False,-0.01679427300750715,180.0,0.127621458134352,0.11082718512684485,,ok,False,-0.015078933374476284,42.0,-0.034534967632388835,-0.04961390100686512
PUMPBTCUSDT,PUMPBTC,COIN,2025-06-13,2025-06-14,,ok,False,0.003327548751108068,180.0,0.12602759637665895,0.12935514512776702,,ok,False,-0.004776695557710135,42.0,0.22840804718769747,0.22363135162998735
QUSDT,Q,COIN,2025-09-02,2025-09-03,,ok,True,0.1207609309409864,180.0,-1.0,-1.0,,ok,True,0.007792907687568502,42.0,-1.0,-1.0
RAVEUSDT,RAVE,COIN,2025-12-14,2025-12-15,,ok,False,-0.03170482463548994,180.0,0.24185383368079683,0.2101490090453069,,ok,False,0.003962667581887189,42.0,-0.08930206161686371,-0.08533939403497652
RAYSOLUSDT,RAYSOL,COIN,2024-12-10,2024-12-11,,ok,False,0.010449186715174462,180.0,0.11743397380074483,0.1278831605159193,,ok,False,0.002121858532214839,42.0,0.17407550351114476,0.1761973620433596
RECALLUSDT,RECALL,COIN,2025-10-15,2025-10-16,,ok,False,-0.01636069382975401,180.0,0.519002450529927,0.502641756700173,,ok,False,-0.0035290633304928625,42.0,-0.17039288121056184,-0.1739219445410547
RIVERUSDT,RIVER,COIN,2025-10-17,2025-10-18,,ok,True,-0.12252316517086072,180.0,-1.0,-1.0,,ok,True,0.01801775238789926,42.0,-1.0,-1.0
RLSUSDT,RLS,COIN,2025-12-02,2025-12-03,,ok,False,-0.007487352270089459,180.0,0.5357889397765697,0.5283015875064803,,ok,False,-0.004153512163052692,42.0,0.39710811967641135,0.39295460751335864
RVVUSDT,RVV,COIN,2025-10-18,2025-10-19,,ok,False,0.03920060121338279,180.0,0.507955916473318,0.5471565176867007,,ok,False,0.02248141220104872,42.0,-0.1621136890951277,-0.13963227689407898
SAFEUSDT,SAFE,COIN,2024-10-25,2024-10-26,,ok,False,0.014952674292573954,180.0,0.25794679548237864,0.2728994697749526,,ok,False,0.0013592536057237033,42.0,0.23488243298407951,0.2362416865898032
SIRENUSDT,SIREN,COIN,2025-03-22,2025-03-23,,ok,False,-0.02059727395391437,180.0,0.00037132408959306227,-0.02022594986432131,,ok,False,-0.018663695748648467,42.0,0.40216928234039295,0.3835055865917445
SKATEUSDT,SKATE,COIN,2025-06-09,2025-06-10,,ok,False,-0.006223888580065082,180.0,0.11022066653520013,0.10399677795513505,,ok,False,-0.011045816639086964,42.0,0.155971011634786,0.14492519499569903
SKRUSDT,SKR,COIN,2026-01-22,2026-01-23,,ok,False,-0.03294101986686872,180.0,0.3942350081037277,0.361293988236859,,ok,False,-0.011569458099734198,42.0,0.3701507293354943,0.3585812712357601
SKYAIUSDT,SKYAI,COIN,2025-05-13,2025-05-14,,ok,False,0.020131104353251383,180.0,0.5841185194574724,0.6042496238107238,,ok,False,0.005592468798988465,42.0,0.17063138547344403,0.1762238542724325
SLERFUSDT,SLERF,COIN,2024-11-21,2024-11-22,,ok,False,0.03196274838756544,180.0,0.48515481434864693,0.5171175627362123,,ok,False,0.010115316986403394,42.0,0.11605475141598487,0.12617006840238826
SLXUSDT,SLX,COIN,2026-06-01,2026-06-02,,window_missing,,,,,,,ok,False,-0.047530052138044225,42.0,0.3499357674518332,0.30240571531378896
SONICUSDT,SONIC,COIN,2025-01-08,2025-01-09,,ok,False,-0.009773772387270167,180.0,0.5571671728509177,0.5473934004636475,,ok,False,-0.008319678550508908,42.0,0.07136233989172058,0.06304266134121167
SOONUSDT,SOON,COIN,2025-05-23,2025-05-24,,ok,False,-0.03514481928263454,180.0,0.4684449308352302,0.4333001115525957,,ok,False,-0.0076145775175828585,42.0,0.37836813667859026,0.3707535591610074
SPACEUSDT,SPACE,COIN,2026-01-23,2026-01-24,,ok,False,-0.0016680038007757794,180.0,0.5189913199153692,0.5173233161145934,,ok,False,0.003389308364965008,42.0,0.6069856778603592,0.6103749862253242
SPORTFUNUSDT,SPORTFUN,COIN,2026-01-16,2026-01-17,,ok,False,0.006574760340594387,180.0,0.6132737547090833,0.6198485150496776,,ok,False,0.003908800595261617,42.0,0.3246592716617832,0.3285680722570448
SPXUSDT,SPX,COIN,2024-12-10,2024-12-11,,ok,True,0.003662671169307233,180.0,-1.0,-1.0,,ok,False,-0.00623474442791579,42.0,0.127421052631579,0.1211863082036632
SQDUSDT,SQD,COIN,2025-06-11,2025-06-12,,ok,False,-0.14012697442658567,180.0,0.35324194815396703,0.21311497372738136,,ok,False,-0.08128935856067833,42.0,0.2809324430479182,0.19964308448723989
STABLEUSDT,STABLE,COIN,2025-11-06,2025-11-07,,ok,False,0.005898650314698259,180.0,0.3529429840799704,0.35884163439466865,,ok,False,0.0018307613846723445,42.0,0.31221732691595705,0.3140480883006294
STARUSDT,STAR,COIN,2026-05-14,2026-05-15,,ok,False,0.03382366880804813,180.0,0.21345680523766442,0.24728047404571254,,ok,False,0.008229975243259167,42.0,0.20376925533613666,0.21199923057939582
STBLUSDT,STBL,COIN,2025-09-17,2025-09-18,,ok,True,0.07578387400628683,180.0,-1.0,-1.0,,ok,True,0.061543553032168234,42.0,-1.0,-1.0
SWARMSUSDT,SWARMS,COIN,2025-01-07,2025-01-08,,ok,False,0.016554017760637346,180.0,0.8815224071702945,0.8980764249309319,,ok,False,0.007864317812733992,42.0,0.3770409731113956,0.3849052909241296
SWELLUSDT,SWELL,COIN,2024-11-08,2024-11-09,,ok,False,0.0251332784080906,180.0,0.37276197434648484,0.39789525275457543,,ok,False,-0.006741917202477674,42.0,0.29125523623964933,0.28451331903717164
TAUSDT,TA,COIN,2025-07-21,2025-07-22,,ok,False,0.009810949916975927,180.0,0.5198854667949953,0.5296964167119712,,ok,False,0.0037758923778787295,42.0,0.3339374398460059,0.3377133322238846
TACUSDT,TAC,COIN,2025-07-15,2025-07-16,,ok,False,0.01117009179905612,180.0,-0.016306122448979665,-0.005136030649923545,,ok,False,0.0069170680338137775,42.0,0.08573469387755106,0.09265176191136484
TAGUSDT,TAG,COIN,2025-07-25,2025-07-26,,ok,False,0.03272082765258783,180.0,-0.08520488066505771,-0.05248405301246988,,ok,False,0.002440439622418879,42.0,0.10157441673370882,0.1040148563561277
TAIKOUSDT,TAIKO,COIN,2025-06-11,2025-06-12,,ok,False,-0.013244820718973663,180.0,0.13743175217812187,0.1241869314591482,,ok,False,-0.002082610856408519,42.0,0.21739303000968047,0.21531041915327195
TAKEUSDT,TAKE,COIN,2025-09-03,2025-09-04,,ok,False,0.06311043703804922,180.0,-0.1012541002541002,-0.03814366321605098,,ok,False,0.006767716493787825,42.0,-0.09686509586509595,-0.09009737937130813
TANSSIUSDT,TANSSI,COIN,2025-07-09,2025-07-10,,ok,False,0.02601955434431356,180.0,-0.26636758193091226,-0.2403480275865987,,ok,False,0.00880967305833835,42.0,-0.07823649247121345,-0.0694268194128751
TOKENUSDT,TOKEN,COIN,2023-11-03,2023-11-04,,ok,False,0.044124787811327025,180.0,0.08441176470588241,0.12853655251720944,,ok,False,0.018577743159807054,42.0,0.18582352941176472,0.20440127257157178
TOSHIUSDT,TOSHI,COIN,2025-09-17,2025-09-18,,ok,False,-0.03961276907452339,180.0,0.18374870017331013,0.14413593109878675,,ok,False,-0.010942433406816868,42.0,0.17150144425187752,0.16055901084506066
TRADOORUSDT,TRADOOR,COIN,2025-09-19,2025-09-20,,ok,False,0.03837708604772809,180.0,0.2889133663366338,0.3272904523843619,,ok,False,0.009961553886951134,42.0,0.20042326732673277,0.2103848212136839
TRIAUSDT,TRIA,COIN,2026-02-06,2026-02-07,,ok,False,0.002728585849155604,180.0,-0.12633191715347858,-0.12360333130432298,,ok,False,-0.002552427713659056,42.0,-0.09818534253850253,-0.10073777025216159
TRUSTUSDT,TRUST,COIN,2025-11-05,2025-11-06,,ok,True,-0.39423464940878533,456.0,-1.0,-1.0,,ok,False,-0.0021536625723460505,42.0,0.2015792584631918,0.19942559589084574
TRUTHUSDT,TRUTH,COIN,2025-10-01,2025-10-02,,ok,False,-0.003955368586248005,180.0,-0.020515528893613744,-0.02447089747986175,,ok,False,0.007246931666049056,42.0,-0.004796795504594108,0.002450136161454948
UAIUSDT,UAI,COIN,2025-11-06,2025-11-07,,ok,False,-0.0609753158175422,516.0,0.4446211812627291,0.38364586544518686,,ok,False,-0.04130571661463176,168.0,0.2747637474541751,0.23345803083954333
UBUSDT,UB,COIN,2025-09-12,2025-09-13,,ok,False,0.01921832954997939,180.0,0.25593808389814987,0.27515641344812924,,ok,False,0.01139295898661385,42.0,-0.02808829455944306,-0.016695335572829213
USUSDT,US,COIN,2025-12-12,2025-12-13,,ok,False,0.018302912453440057,180.0,0.5242043596730245,0.5425072721264645,,ok,False,0.004234480830340599,42.0,0.2210708446866485,0.2253053255169891
USELESSUSDT,USELESS,COIN,2025-08-15,2025-08-16,,ok,False,0.007073857101754706,180.0,0.3360754981756947,0.34314935527744944,,ok,False,0.001916721560437833,42.0,0.21511001964636545,0.2170267412068033
UXLINKUSDT,UXLINK,COIN,2024-09-15,2024-09-16,,ok,False,-0.08018841347866551,180.0,-0.21578382147838193,-0.29597223495704744,,ok,False,-0.06082937408075682,42.0,-0.4684569967456996,-0.5292863708264565
VELVETUSDT,VELVET,COIN,2025-07-15,2025-07-16,,ok,True,0.0215596177944465,180.0,-1.0,-1.0,,ok,False,0.011518727073941791,42.0,-0.45052893674293404,-0.43901020966899224
VFYUSDT,VFY,COIN,2025-09-30,2025-10-01,,ok,False,0.03431069413171014,180.0,0.2583582887700534,0.2926689829017635,,ok,False,0.025837805443098397,42.0,-0.7720160427807484,-0.74617823733765
VINEUSDT,VINE,COIN,2025-01-24,2025-01-25,,ok,False,-0.04913188121076256,180.0,0.915651406147809,0.8665195249370465,,ok,False,-0.049350051016763916,42.0,0.5196017004578156,0.4702516494410517
VVVUSDT,VVV,COIN,2025-01-29,2025-01-30,,ok,False,-0.07541673240605318,180.0,0.40472828917138914,0.32931155676533597,,ok,False,-0.041778265081687055,42.0,0.2082204012865676,0.16644213620488055
WETUSDT,WET,COIN,2025-12-10,2025-12-11,,ok,False,-0.17504015926551342,504.0,0.22311184725337785,0.04807168798786443,,ok,False,-0.1461799547403735,105.0,-0.23418900307788604,-0.3803689578182595
XANUSDT,XAN,COIN,2025-09-29,2025-09-30,,ok,False,-0.02033853115621678,180.0,0.7148234660925726,0.6944849349363559,,ok,False,-0.0007131270842518835,42.0,0.1991324832325908,0.19841935614833892
XCNUSDT,XCN,COIN,2025-04-11,2025-04-12,,ok,False,-0.05006457336073434,180.0,0.12122769837358305,0.07116312501284872,,ok,False,-0.022751387474701824,42.0,0.08672794480039425,0.06397655732569243
XNYUSDT,XNY,COIN,2025-08-13,2025-08-14,,ok,False,0.02105509327741917,180.0,0.35947502699017,0.38053012026758914,,ok,False,0.013083392210864261,42.0,0.46311727939087444,0.4762006716017387
XPINUSDT,XPIN,COIN,2025-09-12,2025-09-13,,ok,False,0.024851127570029316,180.0,0.3020132884147483,0.3268644159847776,,ok,False,0.015129259474078236,42.0,0.06824948530787944,0.08337874478195768
YALAUSDT,YALA,COIN,2025-08-07,2025-08-08,,ok,False,0.004982147662091232,180.0,0.6781187739463602,0.6831009216084515,,ok,False,0.002477029903470546,42.0,0.5148045977011495,0.51728162760462
ZEREBROUSDT,ZEREBRO,COIN,2025-01-02,2025-01-03,,ok,False,0.0167205758388922,180.0,0.8976857428048578,0.91440631864375,,ok,False,0.010430716462444355,42.0,0.4851088005323573,0.49553951699480164
ZESTUSDT,ZEST,COIN,2026-06-04,2026-06-05,,window_missing,,,,,,,ok,False,0.011353732589220874,42.0,-0.04131606027195878,-0.029962327682737905
ZETAUSDT,ZETA,COIN,2024-02-02,2024-02-03,,ok,True,0.07702867682944876,180.0,-1.0,-1.0,,ok,False,0.0028249774936839416,42.0,-0.055832713754646934,-0.053007736260962994
ZKJUSDT,ZKJ,COIN,2025-05-13,2025-05-14,,ok,False,0.0008088359318100244,180.0,0.027223844282238452,0.028032680214048478,,ok,False,0.001108332483337275,42.0,0.0019197080291971655,0.0030280405125344403
ZORAUSDT,ZORA,COIN,2025-07-25,2025-07-26,,ok,False,-0.03284564981921261,180.0,-0.2530572224332194,-0.285902872252432,,ok,False,-0.03696394130120398,42.0,0.29397404734776555,0.2570101060465616
ZRCUSDT,ZRC,COIN,2025-07-29,2025-07-30,,ok,False,-0.0044612665841220756,180.0,0.2347859531772576,0.2303246865931355,,ok,False,-0.007712362897667224,42.0,0.083726867335563,0.07601450443789579
我踏马来了USDT,我踏马来了,COIN,2026-01-21,2026-01-22,,window_missing,,,,,,,window_missing,,,,,
龙虾USDT,龙虾,COIN,2026-03-11,2026-03-12,,window_missing,,,,,,,window_missing,,,,,
