query_id,sql_file,execution_id,state,credits,usage_after,note
8875114,sql/过程/v0_RANK_REG_20260601.sql,01M3V691MNFBRD1BZM0SN68T48,FAILED,0,334.162,v0 合在一条：Dune 报阶段过多，未执行、未扣费
8875132,sql/RANK_C_REG_20260601.sql,01M3V6H62HM4B249BMH6K2ZS7K,COMPLETED,3.059,,06-01 回归（A 周已开发数据）：t3 与 S1 逐币一致 695/695；曲线现金闭合
8875133,sql/RANK_W_REG_20260601.sql,01M3V6JVE8RPRKYG0V2CWHRC7R,COMPLETED,2.000,,06-01 回归
8875165,sql/RANK_C_SMOKE_20260803.sql,01M3V6SRT1T3XA96X1Z9ESS2P2,COMPLETED,3.200,,08-03 一日冒烟
8875168,sql/RANK_W_SMOKE_20260803.sql,01M3V6SV0VJ9ZN7Q6JGPXG6F7Y,COMPLETED,4.280,346.701,08-03 一日冒烟；四条之和 12.539 与用量增量一致
8875225,sql/RANK_W_R.sql,01M3V706B2ZPD74Q6Z59G9TTEA,COMPLETED,14.995,,排名窗口 R 钱包汇总（163246 个合格钱包）
8875223,sql/RANK_C_R.sql,01M3V7082H9SPFD1JS619W8JV9,COMPLETED,13.845,,排名窗口 R 币级状态（213964 个币）
8875236,sql/PROBE_NATIVE_SOL_20260803.sql,01M3V73ZD2N0K1XTK75GNVA3RX,COMPLETED,0.576,376.117,原生 SOL 表示探针；三条之和与用量增量一致
8875114,sql/PROBE_ACTIVITY_20260803.sql,01M3V84Y5K5XY99CE8DDBQJPE8,COMPLETED,37.393,,account_activity 费用探针（复用 v0 槽位）：一天 5 个地址 37.393，按所有者过滤无法剪枝，弃用
8875132,sql/EDGE_E1_R.sql,01M3V89E68Z2MNFZQ123TQCDJ2,COMPLETED,19.372,432.882,实体关系 E1（复用回归 C 槽位；489074 行）；两条之和与用量增量一致
8875133,sql/EDGE_E2_R.sql,01M3V9MA7R1XA4B732TEW17YKQ,COMPLETED,6.398,,资金来源扇出 E2（复用回归 W 槽位；14541 行）
8875165,sql/RANK_D_R.sql（v1，列名 tx_id 错）,01M3V9WKGXZMCMVNTD8VF0YAEP,FAILED,0,,事件表交易号列为 evt_tx_id；未扣费
8875165,sql/RANK_D_R.sql,01M3VA0JX2HQ3TKA5D2NC2DWT9,COMPLETED,19.831,,实体钱包明细 D（3817 个钱包；499296 行）
8875168,sql/BOOK_BX_R.sql,01M3VA37T7ZQYT5DHDX99YN9HZ,COMPLETED,8.438,,跨池成交 BX（525862 行）
8875236,sql/BOOK_BT_R.sql,01M3VA43GCNJA2GPBT6DP5XPVK,COMPLETED,75.814,,代币转移与小费 BT（1078594 行）
8875114,sql/BOOK_BFEE_R.sql,01M3VAHEVFHEV7MJ8109YJP5KV,COMPLETED,29.523,,网络费 BFEE（3817 行）
8875225,sql/BOOK_BBAL_R.sql,01M3VAXWMM6TMGQB9TJ4JQ7HSD,COMPLETED,1.400,574.286,期末余额 BBAL（1003617 行）；E2 至此之和与用量增量一致
8875223,sql/SAMPLE_G1B_R.sql,01M3VDTED0091TBATJCFT7Y5WD,COMPLETED,6.963,581.248,G1b 抽样（988 笔）
8876769,sql/Q2_REG_20260601.sql,01M3VQWX4397VGH6Y0KNG30TXB,COMPLETED,6.193,,Q2 回归 06-01（公开查询；t3 触发，对照 S1；11307 行）
8876798,sql/Q2_SMOKE_20260817.sql,01M3VR58Y7DGASAZTS3VH0MS74,COMPLETED,8.854,,Q2 冒烟 08-17（公开查询；386 个触发；只看技术列）
8876806,sql/Q2_T.sql,01M3VR8T0RT5ZJRAATR5TG6D2E,COMPLETED,39.101,635.397,Q2 全量 检验窗口（公开查询；5019 个触发）；三条之和 54.148 与用量增量一致；下载未扣费（试用期）
