entity,hold_med_buyw,after_t35,same_slot_cells,buy_sol,n_coins,net_attr,R_full,n_wallets,unattr,gross
DYJTG67gKdYfjRQvfemGzLrGidmPbLT5EPTnJ5RuVrJk,4154.0,0.0,1.0,516.407556276,6.0,16914.720447881948,33.60163822613897,1,0.2691974520530563,17433.820028352
2aBqiwtWi3oxJ9DFLytGieRTu4YaxpuCUrkQmpC7Tyus,2.0,0.011482972381867906,0.9910044977511244,6751.667049080999,1334.0,5820.682772603001,1.84714340533011,1,1.1042330816390942e-15,12691.63606809
3wB1dT7Bc9as5oceJHVAQ2fS6GR6J8WmJBgH3671vSUE,8.0,0.003546913460423351,1.0,27571.684402845996,101.0,5039.427281468,1.182747377493783,4,0.0,32615.348482523
F9vmGpRrhEpENTUSmoEtneGTCsNMpM2mbHtxF8WM9DPW,42.0,0.08949026100658175,0.75,1246.382873124,16.0,4557.811999413,4.652679202299566,1,0.0,5805.611695741
Gy7e4mi5Rem7pt84SRHuJSLsauzDyAAWHLMqqFS5c9zF,6962.0,0.0,1.0,516.407556276,6.0,4253.143295100463,9.197560193680692,1,46.61807423853771,4818.591752357
5QwZhBxQs45TyF4NVFucQwHwD6MswL7S9q4iFo2hdyb4,9552.0,0.0,1.0,430.33963023,5.0,4244.8855553975,10.81797313237305,1,0.0439189925000676,4677.288118905
GNu5i1HXqpB3zQchEY2LVHNAdei4P97qfZEfJcUBuqRT,10664.0,0.0,1.0,516.407556276,6.0,2740.300336138352,6.281688246933838,1,0.0988404946485268,3259.229559651
6LSw2UF2BA2Jckdv6LRoHh9frFLJpoiZW2dwTTgRjNwb,64.0,0.0027372325800899544,1.0,4704.663170995999,19.0,2151.8925270850004,1.4573644409348905,1,0.0,6856.876855745
2u2tU5RgCBdphiRFpMWYtYBtnmvz2aG7QJ93U4C8NfdD,16.0,0.015698452758896808,1.0,5795.004809275999,33.0,1984.2210137670004,1.3423932638959497,1,0.0,7779.373030455
3bbDEL917JkpMSCBTf43azASbkttCYNYaNoQpzPLPV8X,124.0,0.5397162299577639,0.4699140401146132,2510.223256362,67.0,1575.5402974266417,1.6231739356026156,16,295.6976872084779,4399.489259944119
EvD5TvP8qhhNP6K14YEkQkFtGhCvkjsKmM1iQkArmxGF,2167.0,0.9997663014589531,0.0,1686.3927572440002,8.0,1560.5060798346542,1.925307666615342,1,6646.434357214345,9893.413094887
81RWVKqrgKGmP11esLs8o5p2GJD3J92zKXeWnvdm5QTL,1336.0,0.0,1.0,2323.834003242,27.0,1509.9833447990957,1.6467467314614797,2,4.429957100904471,3849.150025481
4sraryXgNHVdeFuPDabBTjSfvxU58UZTz1c71ShPK56E,134.0,1.0,0.0,779.8162279120004,5.0,1384.410762932161,2.7751882819172806,1,2480.1924036758387,4644.470168342
9zWbVh6Gx4sAq6Nv3MPmmBV5TGfd6F2Zhp4XGwyAmYtN,893.0,1.0,0.0,227.99799746899998,9.0,1140.1136130500397,5.016139588845015,1,4.025270537960571,1428.021848268
A4eLD8Jme4DgfZ2xCsiPnxcGjHfqLwPMD8bWKQgBMLsu,233.0,0.11186637496519769,0.8,28.170532128,5.0,1091.6070480840003,39.57683730078989,1,0.0,1119.9040035750002
3MGGxpGBQDRtjtNpZhk3NQGrmrJRnGTgVzfrNyZuhgxN,22.0,0.0,1.0,419.99999997200007,28.0,984.845581182,3.321600471564063,1,0.0,1409.055342183
135DN9oH9vU4CLbKiC1Rj4vByAsyRstAdjrwngYLHz86,253.0,0.5640265301865097,0.26260869565217393,5776.367752533999,162.0,925.988651815908,1.1588352960132575,27,1683.6681674690924,8439.523826544
32XV2kVEEeTDThf4Q6CT6s1Rj9oCXP49ftPHdy9kJrP1,40.0,0.0,1.0,344.9999999770001,23.0,867.835989231,3.4860917290833013,1,0.0,1216.912404666
E4EzXdwf7NNdqM2XGswWaWHfxgucVCo24PTCcrimTKBz,1.0,0.00010886956007816195,0.8956876456876457,4484.710562635,1716.0,819.8583689710001,1.166199066575209,1,0.0,5752.848582848
ArpFRpuzjvzzsnUm6NsZCKKUKmQaRURq2iiv7QFpyqBL,2.0,0.7174262589358709,0.0,13145.750827916,4633.0,776.5002558137285,1.0585277685933858,1,1.0577478020468156e-14,14043.711264802729
7ymbHaQptDPSNvkMFGQdJ2niEsFgUD6GfGiYmb76pjAH,20.0,0.0,1.0,479.999999968,32.0,758.1409192689999,2.5623971563947543,1,0.0,1243.383046193
t3sipR2q5TH1GafmfvqEwbfrjf6eJc5NdPYNRjTq35D,76.0,0.0,1.0,259.80858418099996,28.0,728.874892580446,3.775624553806774,1,0.0,991.473409941446
2UmkmsL7myuAX6NbYU2UyDiKR5g4w7qcJCGaNKsZnvcy,1361.0,0.8544800027012096,0.2,63.581323349,5.0,717.6733515050007,12.277837495458495,1,0.0,781.3090752680008
GMWBrhES3DmveSMAtZnA7pWvGNWgBpKcq3xhcxA4qptC,57.0,0.1562092399005699,0.375,40.116580561999996,8.0,692.8266297570001,18.200179714408417,1,0.0,733.1068268980001
3wEvLZkv9HScezTauYVPvAgYHat3PJziA6CHUrNBKknj,1887.0,1.0,0.0,963.8173634889998,5.0,682.2485816415958,1.7078165956353983,1,4225.631873892404,5871.758084073
5enFLaV3ZBNhU8M5CdVGMeNSMjbcjFERAxgwoi6DSDL,12.0,0.046260105069195645,1.0,1068.767915357,15.0,682.120517789,1.6378664485058405,2,0.0,1751.498785586
73zm5te9V3yLoiESNy1qC7Trq2yXP8zMfK19HHNdiZFr,836.0,1.0,0.0,4341.420991173989,65.0,664.4671689329816,1.147053023842225,1,125.9781778523593,5309.00029772533
5qFyx4UQg5dwW66JTXSkTn4Pvwu8YA37P1FkUPNWfNEw,29.0,0.0,1.0,419.99999997200007,28.0,654.5822233060001,2.541085472107524,1,0.0,1079.336226347
2ZVMUZteEmL6NQ1oDimiWFWTrUALp2G325X4EDFFRkXV,10.0,0.1779481817959565,1.0,239.586748013,27.0,633.9626744190003,3.6205522108364,1,0.0,875.8821720720002
2HMdJbv9bUQUL5zZCBG35kkUwYrfzvH5r5vkaVqAanmj,331.0,0.41312740884498045,0.3163265306122449,1446.50486682,40.0,607.6501976336319,1.415885634610512,14,301.3905623903682,2370.140031228
7ufmve7ZSFCzuNcKRunYrGtyb2Ka1MXzkWwf7jZhVsmL,4.0,0.0,1.0,284.28888888,19.0,596.775536257,3.0511791329488243,1,0.0,887.718207558
F3i1cr6MnAn7Xq6rGN6DRDzLSCqYiy2fbarcTztoKqVP,29.0,0.0,1.0,299.99999998000004,20.0,591.0280458430001,2.94820023024318,1,0.0,894.399350634
GghmQaR563bQxEQwnob3TFmUmFzcJNgppcyMST7RVysr,37.0,0.0,1.0,647.740792182,49.0,578.7679297999999,1.8850942187486257,1,0.0,1232.673375729
6gbRF3iu89hpq6ewz2u53vWvnijttkNwvmQQwsr42fcS,40.0,0.0,1.0,359.999999976,24.0,564.517146095,2.5479321260873595,1,0.0,929.208295391
FYX5JQ2kP7TD8gWb9WP1tjmwWWUAzi8edEZTr5Z8F1ck,19.0,1.0,0.0,44096.654999228005,581.0,557.6770274672912,1.012468191607479,1,0.0037302787085381,45285.660967223
27VSifqHkBVNCGsVVbda64onBZmRhGpB2Zg4pZwf3jZs,379.0,0.9790363592409806,0.04208754208754209,2436.814471266,90.0,556.9783014727662,1.2284569397866385,22,118.9610903432792,3113.940627379045
31HPt5v1zLzBM9CvfnHj467e1q7bvieJk8845kP6M8HF,1598.0,1.0,0.0,404.921593372,28.0,539.6166248470014,2.198198448955865,2,0.0674708869986789,990.040733499
2NwJxx3ZY3HPAe51zgcPAvMehrhKA9qvL1zcRwZPkfL3,48.0,0.13684884792951524,0.6981132075471698,732.5186102380001,38.0,532.475734202646,1.7154830701927122,8,74.64506425635399,1351.339294166
EC8XFdGbKPu76SewvXGDHh2oqhpYViicGLY6ddgafzWn,159.0,0.0,1.0,340.999999989,9.0,528.259801338,2.538962454494443,1,0.000142125951648,871.5170513909517
3neM8FZ2nJK1P3MuaQEDQKF5Vs9tXe85dJjbZpyuTuJy,26.0,0.0,1.0,359.999999976,24.0,517.227430257,2.420589569785569,1,0.0,881.3209314750001
C3irJJnfcioeyFQ7nhNQrEV9jShQiqfFKG7bvcf11JwH,2.0,0.08882201749836283,0.769090909090909,1534.2699030170004,550.0,506.569006279,1.3257591229845624,1,7.039556918497779e-16,2061.610662942
BbHjD6y2cwzNefXq1krkUyuDVbdkCzVP6RshSeAbvoxZ,28.0,0.3625384475078681,0.6578947368421053,250.184198425,38.0,501.8271760826453,2.9808200124293123,1,0.025193102354741,755.1955164340001
BCMbtr3X7JzSvRxceeERkJMuJq4gEmxy123S2vfBvttv,194.0,0.3917577405004812,0.125,57.214044986999994,16.0,493.8263564127564,9.60657324053869,1,0.086313357243601,551.290483519
ForapMTg4SKR9rHxrfRHL3p1ZD9UeVnStXMEqHY5Ws4C,341.0,0.2333828310786732,0.42857142857142855,580.062868915,35.0,492.1174495498588,1.844026106936901,1,3.358104100348021,1078.535065086207
2X6rVA7KuqEdmftbzyoCVRSWnSbqdtdeSzUS8BnUhfFy,661.0,0.6384964155256094,0.4,53.453327357999996,10.0,490.9725271450001,10.167728364046823,1,0.0,544.5269637130001
38Fgtgr65fZD1dyTGZ8eHMNoJiP9ArHQXKLAnQxF4PuC,42.0,0.2712166143618233,0.6067415730337079,1702.666944072,61.0,489.675239977392,1.2841314503324246,9,303.107339151608,2516.193484203
itiXvAsc4sZWyisWVvG6FdAfRvJa1nvh8DwgGDbGtWW,33.0,0.0,1.0,284.99999998100003,19.0,488.67424127400005,2.694659429837514,1,0.0,777.0355678450001
CKjrQ9nQNEFQp3PZ9oVrHXeiobxxyxAzsjyDyabHvnwp,41.0,0.1322456873146045,0.782608695652174,2932.5708060739994,23.0,477.213573275,1.1627031832747965,1,0.0,3410.245144446
CQyBKhJMvj32irbUGw5i7Bomj6SgxHZMcsnb4HbXM3Mc,1587.0,0.973300673894862,0.14285714285714285,336.33807705999993,7.0,475.6966426380004,2.4141236380474185,1,0.0,812.0863541450003
G3rfSianfqVWjSUptPE9CbqCr47fayoRTPK1K4oeTG5C,27.0,0.3123645332266365,1.0,744.984298506,42.0,474.55870635800005,1.6299272317475624,1,0.0,1227.913510597
