wallet,period,fill_events_n,resolved_fill_events_n,collateral_turnover,resolved_collateral_turnover,fees,resolved_trade_pnl,crypto_5m_fill_events_n,crypto_5m_collateral_turnover,crypto_5m_resolved_trade_pnl,after_resolution_fills_n,within_60s_fills_n,one_to_five_min_fills_n,over_five_min_fills_n
0025AD09AFF05D92A92B451599698E8A183EC0B5,days_0_45,11516,11516,52834.970846999975,52834.970846999975,294.65922000000006,-1168.4860229999986,11516,52834.970846999975,-1168.4860229999986,0,601,10138,777
007B8961239AF104BB5FDC8AFB64E52B5BF0C181,days_0_45,94429,94381,196824.85341199965,196415.46665699966,6157.622940000002,-14178.654462,66498,144734.13356400002,-11836.310494999994,516,7744,63508,22661
007B8961239AF104BB5FDC8AFB64E52B5BF0C181,days_45_90,29369,29369,171963.012975,171963.012975,4029.4546499999983,-6635.499591999999,26514,160281.866744,-6268.963865999994,5,920,21290,7154
0113A082292573F19DC983A5AD9E1E7F9E3C37AC,days_0_45,18309,18309,105264.56382800009,105264.56382800009,130.58482,-759.1556679999981,0,0,0,0,401,5495,12413
01E37CD6D9DA76BAA982FFBC148EFF005D4C4686,days_0_45,73910,73910,365161.0778729999,365161.0778729999,6974.534500000002,-3127.244577999999,56450,280461.11605599994,-2623.620398999997,9,3910,41993,27998
01E37CD6D9DA76BAA982FFBC148EFF005D4C4686,days_45_90,11039,11039,88217.00791899992,88217.00791899992,1593.7482900000005,-766.6038070000002,10492,85201.43949300001,-732.7329170000007,18,1289,5530,4202
05B78C55E0A7CDD08607FBA5A257D4C0E0F5C24A,days_0_45,10325,10304,83277.40219499997,83109.93866500001,11.037630000000004,-2362.063036000001,0,0,0,0,0,0,10321
0611EF8DAEF8DE266663DE131FEE09FC8D2B7764,days_0_45,25995,25995,133603.12666099993,133603.12666099993,0,1841.192489000006,25995,133603.12666099993,1841.192489000006,0,4904,19289,1802
07F1A7BE137C6E7F8391A80A29C667FA8DFD73E8,days_0_45,20969,20360,8057.519957000003,7848.149875000002,36.19360000000002,197.8761049999998,0,0,0,0,0,0,20969
07F1A7BE137C6E7F8391A80A29C667FA8DFD73E8,days_45_90,34377,33582,11033.710025999992,10740.928553999993,30.234140000000014,692.4971270000007,0,0,0,0,0,0,34375
08FFEDFC9C4DBD00B6BFE3B89A027EAC064B32EB,days_0_45,9521,9521,2.4774555220920006e+06,2.4774555220920006e+06,6114.95602,-10005.163750999996,0,0,0,0,1,0,9520
08FFEDFC9C4DBD00B6BFE3B89A027EAC064B32EB,days_45_90,14728,14728,5.887501118217e+06,5.887501118217e+06,12173.33877,-190.90937200001315,0,0,0,0,0,0,14728
0CB85BE1B9BFC5291E3DF24B7969F6FB292D4484,days_0_45,6317,6317,11556.433229000004,11556.433229000004,25.911250000000003,5200.027855999999,6282,11413.936238000002,5020.515071000001,0,5673,625,19
0CB85BE1B9BFC5291E3DF24B7969F6FB292D4484,days_45_90,14228,14228,35709.75600900001,35709.75600900001,92.85282999999997,6187.012723999996,13574,34289.02567799997,6381.5646149999975,0,10414,3811,3
0CEF54EBC984AC8CBBC15975A76E8FBE01D6FA91,days_0_45,10600,10597,1.3335536175830003e+06,1.3315514175830004e+06,374.26836999999995,9470.960569499981,0,0,0,0,0,0,10600
0CEF54EBC984AC8CBBC15975A76E8FBE01D6FA91,days_45_90,95,37,27823.490006,14803.911924,0,-164.9219290000001,0,0,0,0,0,0,95
0DE4458D107BB01A375879E8061C979269203158,days_0_45,26567,26567,126960.15550100002,126960.15550100002,2877.7082100000016,-1835.604478000001,22002,113526.75825500004,-1517.0232000000003,1,739,20378,5449
0EB0164DD449C1BC854B36B82E54901049D915A6,days_0_45,1321,1277,6150.943722,6036.760269999998,113.95815999999996,-141.4417819999999,1144,5613.751080000001,-156.38013399999994,0,101,1016,180
0EB0164DD449C1BC854B36B82E54901049D915A6,days_45_90,17166,16900,38993.72786499999,38414.396301,64.19462000000006,-1447.5798014999987,168,861.619847,-36.40733099999999,0,5,133,17019
118DDAB2D46B886182A96A2FBD5C41A52B16FC09,days_0_45,119204,119202,374626.1813229999,374619.5013229999,0.00646,5264.966241000001,116872,366290.4520039999,5188.403255000003,0,7152,103637,8415
118DDAB2D46B886182A96A2FBD5C41A52B16FC09,days_45_90,80138,80138,321199.3748200002,321199.3748200002,0,2858.389516999997,78673,315692.98627999995,2888.4989019999966,0,3384,69293,7461
12C2782B74D3B2A051B55BE2E5167970ACE01381,days_0_45,34011,34009,327475.00825599994,327433.56725599995,4631.81882,14344.678241000003,31707,295130.3512640001,10701.651671000014,52,8083,19598,6278
12C2782B74D3B2A051B55BE2E5167970ACE01381,days_45_90,33718,33717,410365.73021299986,410364.78021299985,7031.357440000002,-7014.758608000009,31483,400115.9372550001,-6129.9325390000095,27,5105,23670,4916
13167216B6539289CAC3458C7A9EACE6DB53B090,days_0_45,7761,692,48159.93362400003,4367.795989,2.98108,-4.762898000000005,0,0,0,0,0,0,2513
13167216B6539289CAC3458C7A9EACE6DB53B090,days_45_90,10953,495,56236.932418000004,2761.3013370000003,0.045410000000000006,-2.2253379999999923,0,0,0,0,0,0,495
13E0D447520EBE7F8EEAF7817211201B2C585204,days_0_45,42186,42151,174574.29479000007,174278.17086900008,261.2599199999999,2088.1904390000027,42186,174574.29479000007,2088.1904390000027,0,5408,30671,6107
13E0D447520EBE7F8EEAF7817211201B2C585204,days_45_90,995548,995505,1.4535721548980996e+07,1.4534481288028993e+07,2879.0954900000015,115722.95993199696,995548,1.4535721548980996e+07,115722.95993199696,2,183447,723776,88323
14A29B12BF88A4492EE6E28E853DAFCF27D01B42,days_0_45,170623,170623,1.2814171764259993e+06,1.2814171764259993e+06,4113.115549999997,13507.460517999916,170321,1.2800168675269987e+06,13479.676512999911,6,10699,135629,24289
14A29B12BF88A4492EE6E28E853DAFCF27D01B42,days_45_90,171173,171152,1.6899524611049977e+06,1.6895512795499978e+06,6202.519229999999,23813.67459899981,171173,1.6899524611049977e+06,23813.67459899981,5,7063,136040,28065
14F3CEE5D890A61FE427407F340D190EAB7A0796,days_0_45,20307,20248,136511.63274000006,136233.05112600006,2842.0190899999993,-9636.511757000006,19213,121715.57650999993,-10357.22967700001,0,1173,16276,2858
14F3CEE5D890A61FE427407F340D190EAB7A0796,days_45_90,43423,43342,776745.4984860001,776515.7123270001,9391.52378,-7127.650783999985,15,38.249990999999994,-4.4359739999999945,0,0,15,43395
165D87262CEE3887BB03479059A031AD484070AC,days_0_45,6292,6290,7656.173163000003,7654.982764000003,191.97267999999985,-497.1438929999997,5982,7170.447325,-383.3200949999998,1,450,5335,506
165D87262CEE3887BB03479059A031AD484070AC,days_45_90,4455,4455,7345.761601000003,7345.761601000003,225.25330999999983,-105.13777699999986,4454,7344.761602000002,-105.73928999999987,0,9,3618,828
18F0FAF72B241DC55094AE704987E391C2A23D5E,days_0_45,15034,14665,1.2580121748959995e+06,1.228268416635999e+06,4485.225189999998,22068.23796099994,716,5248.5658570000005,197.9233479999997,2,56,464,14476
18F0FAF72B241DC55094AE704987E391C2A23D5E,days_45_90,23948,23633,1.6904364903820003e+06,1.6605428725750006e+06,6905.410810000001,-1750.310392999987,290,1118.1993430000002,-50.37533499999995,2,32,255,23616
19B74EACFC57DA8B496D9E309B8B74E296769EE6,days_0_45,10749,10185,179369.89745300004,167938.0796789999,1839.3286000000007,-6596.151741999995,75,935.4102340000001,-34.56189399999998,0,0,30,10200
19B74EACFC57DA8B496D9E309B8B74E296769EE6,days_45_90,2185,2096,50691.717298,47959.75595999999,935.2568299999999,-309.1840145000016,0,0,0,0,0,0,2098
1A459D89CCE4535686C35F919435EBA0FDD8BE06,days_0_45,13945,13945,8808.312095000005,8808.312095000005,92.91381999999997,-650.485587,11381,3859.466245999998,-353.17269399999975,7,5695,5839,2404
1A459D89CCE4535686C35F919435EBA0FDD8BE06,days_45_90,2085,2085,4152.786054999998,4152.786054999998,53.11439000000003,-81.76319899999999,57,493.64772800000003,-53.206028,0,111,528,1446
1A9EB0213CA31D612381841BD6159071AAB1A24B,days_0_45,27440,27438,465838.3504879998,465836.3526399998,1776.5574599999998,-10945.378853999995,0,0,0,0,0,0,27440
1A9EB0213CA31D612381841BD6159071AAB1A24B,days_45_90,44443,44443,614554.5407800004,614554.5407800004,251.43069000000006,-3161.8343130000203,0,0,0,0,0,0,44443
1ADBCCAF449AA1F84B48E1F1EC689BDACEFC1495,days_0_45,10222,10222,36625.881331000004,36625.881331000004,434.6727100000001,-139.40035599999968,10222,36625.881331000004,-139.40035599999968,0,1313,8686,223
1BBB6428F02A65058384FC1FB69721BEE3D68177,days_0_45,8379,700,44439.34087100004,3862.619851999998,3.8063200000000013,-4.070160000000014,0,0,0,0,0,0,2655
1BBB6428F02A65058384FC1FB69721BEE3D68177,days_45_90,5582,408,27843.93027700003,2031.7900399999999,0.0427,-1.8255300000000183,0,0,0,0,0,0,408
1BBE68C9832BF9655414DDB89B1FAC432F89F8B0,days_0_45,11072,8266,1.0080425569030009e+06,395617.86753400107,191.6358499999999,-961.3699930000007,0,0,0,0,0,0,9798
1BBE68C9832BF9655414DDB89B1FAC432F89F8B0,days_45_90,174,158,4299.734274999999,2818.350375000001,32.822120000000005,-168.26889300000002,0,0,0,0,0,0,158
1CC15B3C8B9A8EFA44EADE1349E6D7C6B08BA345,days_0_45,10826,10729,403299.944134,396319.422212,34.83076,689.1140680000024,0,0,0,0,0,0,10826
1CC15B3C8B9A8EFA44EADE1349E6D7C6B08BA345,days_45_90,4761,4745,378405.1931300001,377017.10313000006,7.492080000000002,398.43230999999787,0,0,0,10,5,10,4736
1CFF246298C8013CA2D1F84D0B43C9316E0E6CFF,days_0_45,6883,6841,1.2908058093999997e+06,1.2849719073100002e+06,94.14912000000004,1452.549960000015,0,0,0,129,605,322,5827
1CFF246298C8013CA2D1F84D0B43C9316E0E6CFF,days_45_90,9895,9864,1.0751705067339994e+06,1.0730038189439995e+06,156.46672,-4189.676225999993,0,0,0,149,1208,178,8356
1D49642BD509DAB3841104657FDFF52813D87CC0,days_0_45,13078,13068,223885.55424899998,223870.61479700002,657.7470800000002,8009.362470999995,0,0,0,0,0,0,13078
1D49642BD509DAB3841104657FDFF52813D87CC0,days_45_90,1111,1111,318525.3366940001,318525.3366940001,2071.757199999999,-7459.633643999995,0,0,0,0,21,19,1071
1D8C40F9CB30EF2839078E5934A34C57AB415377,days_0_45,17382,17382,93585.72295300002,93585.72295300002,3140.180379999999,440.7327019999997,17382,93585.72295300002,440.7327019999997,0,605,16213,564
1D8C40F9CB30EF2839078E5934A34C57AB415377,days_45_90,18089,18089,41787.50279000002,41787.50279000002,84.54856999999997,-852.9431340000006,18085,41743.702791000025,-838.2726050000008,0,418,15968,1703
2048B94F93F5A1897225D99DE56F8B8A324850A9,days_0_45,14145,14145,12575.857199999999,12575.857199999999,59.591930000000005,-1122.876427,13994,11915.119501999994,-1076.663708,5,5510,8507,123
222B39028382CF70873F92487FB6E93324751A8D,days_0_45,396341,394303,5.595816620626995e+06,5.499593048163997e+06,0.11316999999999999,3335.582247999944,0,0,0,2,0,0,395878
222B39028382CF70873F92487FB6E93324751A8D,days_45_90,572656,572608,2.7276658201480027e+07,2.7276531941480026e+07,29035.409349999998,-163897.0449145011,0,0,0,0,0,0,572608
2351811106189E62E43522082935A4169368931A,days_0_45,8789,8788,35788.98478600003,35785.90478600003,677.38898,91.57456299999993,8789,35788.98478600003,91.57456299999993,0,1673,6202,914
2351811106189E62E43522082935A4169368931A,days_45_90,1839,1839,7071.5858579999995,7071.5858579999995,142.70933000000005,-229.51701299999993,1839,7071.5858579999995,-229.51701299999993,0,302,1252,285
257E2A380C21E5EAE834A94F49D88A83F47CCA61,days_0_45,9723,9712,165999.61318000001,165606.06218,654.2598399999999,3516.4061170000077,2,9.999994000000001,-4.140019000000001,0,0,1,9722
257E2A380C21E5EAE834A94F49D88A83F47CCA61,days_45_90,19332,19304,882367.5324810001,876589.0048870001,8517.732969999995,11319.200225999983,0,0,0,0,0,0,19332
279C5DE35108AFC30B99F09E595555B428E92B82,days_0_45,85374,68806,876840.788187,644575.9915450001,968.9941599999995,4683.211210999994,16,65.385987,-4.159769999999999,6,6,15,82042
279C5DE35108AFC30B99F09E595555B428E92B82,days_45_90,24708,17314,289342.9227060004,194976.937627,658.6754600000002,-2913.653225999998,0,0,0,0,0,0,17581
2A54D7C965B3284964FDB13A132129D50F62F4AE,days_0_45,33042,33042,106761.2125329999,106761.2125329999,2.36503,2054.0587760000008,33042,106761.2125329999,2054.0587760000008,0,840,29660,2542
2A54D7C965B3284964FDB13A132129D50F62F4AE,days_45_90,55970,55970,214055.79264899975,214055.79264899975,3.69134,1761.6584790000004,53611,206006.8204449999,1830.406824,0,2684,48621,4665
2B7800DBBEAE6DBE647A0E5D11120B84D87447CD,days_0_45,11953,11950,335988.036414,335979.662176,5411.803959999996,-23471.805509000013,9884,271557.967941,-18067.885799,2,344,6661,4943
2B7800DBBEAE6DBE647A0E5D11120B84D87447CD,days_45_90,2613,2613,28714.99047699999,28714.99047699999,810.0083999999995,-789.9566719999993,1037,8224.282416999999,-1598.199138000001,1,17,351,2244
2F5A5C6638D6D45F8614B4A60DD595457DCA7BDE,days_0_45,7543,7542,10666.514946999994,10665.514946999994,258.88032,-262.79540299999996,7543,10666.514946999994,-262.79540299999996,0,0,7386,157
2F5A5C6638D6D45F8614B4A60DD595457DCA7BDE,days_45_90,6179,6179,10214.638853999992,10214.638853999992,238.42580000000012,-373.86676100000017,6179,10214.638853999992,-373.86676100000017,0,0,5668,511
30088D72C826065532CA9D0B25C66CCAA1C63C76,days_0_45,16982,16982,69746.50134700001,69746.50134700001,2443.2105999999994,356.92305299999964,16982,69746.50134700001,356.92305299999964,0,1301,14468,1213
30088D72C826065532CA9D0B25C66CCAA1C63C76,days_45_90,9607,8478,71038.97210099996,63047.61816100002,2289.85069,-254.04751600000023,8185,60807.27416000004,-100.85829600000027,0,653,6730,1181
3024821D3A7A3FFA5F1258BAB54BD906D9E6B996,days_0_45,23969,23893,133666.16181800005,132683.47299000004,5710.463369999998,-15662.689560999996,20531,116357.88985699999,-13572.921356999987,17,2390,17957,3601
3024821D3A7A3FFA5F1258BAB54BD906D9E6B996,days_45_90,32926,32855,100173.76701699993,99285.65442499993,3951.1821200000018,-10079.557183999994,19798,59802.15061200003,-5701.871710999995,11,2059,19304,11500
315AB1B206D429AA15E611A5EEF70FF69817222E,days_0_45,11321,11321,83525.807193,83525.807193,1458.8618800000002,4072.3938829999993,11310,81867.829148,3114.856894999999,0,2277,8927,117
315AB1B206D429AA15E611A5EEF70FF69817222E,days_45_90,6593,6593,95745.982987,95745.982987,869.4183199999999,5796.337535000005,6549,95038.41798499998,5653.895143000005,0,4150,2395,48
31ABC8E60D347B6B3093477E586E80B29C2F86CF,days_0_45,8609,4329,1.5494093421550004e+06,1.0395134599280002e+06,920.9562899999997,-5335.3151620000135,61,121.26190199999999,-19.188852000000008,0,5,50,7853
31ABC8E60D347B6B3093477E586E80B29C2F86CF,days_45_90,3074,3001,361428.11677799997,357053.795721,117.80592000000009,907.8763985000029,0,0,0,0,1,1,2999
32EC633AA376CFE621E2A34E978244D61291645E,days_0_45,41322,41292,482160.50857599993,481479.25449,9856.034089999997,8530.634884999996,39519,466211.408099,8318.016554999995,118,13310,25250,2639
32EC633AA376CFE621E2A34E978244D61291645E,days_45_90,1,1,1,1,0.0644,-1.0644,1,1,-1.0644,0,0,1,0
330472D0BF4D4F1F5EAF4A234DC4C20D87BD906A,days_0_45,7238,566,40742.78981100004,3377.2118670000004,2.634829999999999,-3.1669159999999987,0,0,0,0,0,0,2231
330472D0BF4D4F1F5EAF4A234DC4C20D87BD906A,days_45_90,9186,441,46028.33773400001,2219.5677299999998,0.016300000000000002,-1.819109000000007,0,0,0,0,0,0,441
34563D29D6C498E98992E34FBAD5F2389D798392,days_0_45,51454,51454,133398.3128819999,133398.3128819999,531.5225499999999,-6071.944088000004,50306,116274.22534399998,-9324.112000000003,0,274,43300,7880
34563D29D6C498E98992E34FBAD5F2389D798392,days_45_90,22123,22123,69867.59860599999,69867.59860599999,476.50571000000014,-3047.3095610000005,19296,54141.015395,-2290.214030000001,0,270,16371,5482
349EE9B0CF4EF76795278A8A9E66DA08F649867B,days_0_45,7673,7664,74734.69437000001,74625.86439200002,1615.8237799999993,-2434.7916905,0,0,0,2,0,6,7665
349EE9B0CF4EF76795278A8A9E66DA08F649867B,days_45_90,13337,13329,140431.224615,140367.35681700002,3347.616690000002,-2534.064141000004,0,0,0,2,5,13,13317
3654E2C92F08F722E8983DB1F5D48C8962BF1B78,days_0_45,57094,57094,678241.9610680003,678241.9610680003,6672.459370000004,4111.765163000004,57094,678241.9610680003,4111.765163000004,0,2694,48988,5412
3654E2C92F08F722E8983DB1F5D48C8962BF1B78,days_45_90,9916,9663,75306.83329400001,73496.92543300001,901.4848799999997,-409.9658415000005,2740,32382.733773999997,-798.5016529999994,0,119,2090,7569
38BF7D014B6AC7C778E80DAF63617263E23A28E2,days_0_45,36312,30717,376988.6652139998,342558.46401199984,0,1776.951586000001,0,0,0,0,0,0,36312
38BF7D014B6AC7C778E80DAF63617263E23A28E2,days_45_90,30328,30328,334776.44788600015,334776.44788600015,0,823.7071690000015,0,0,0,0,0,0,30328
3DCEA528F8179C175341E06B60B9EB695E5D0510,days_0_45,5148,5148,41185.376007000006,41185.376007000006,1022.37014,-8174.290646000002,4692,36952.532774,-7859.618394,0,4637,482,29
3DCEA528F8179C175341E06B60B9EB695E5D0510,days_45_90,15869,15869,98952.20664900006,98952.20664900006,1384.64191,239.51803299999915,15420,94357.67193900011,1830.0424249999942,0,6632,8274,963
408C18173600B57E3131BC7AB710CF8AEA215EFF,days_0_45,8003,598,50056.13013200001,3846.1533890000023,2.8516300000000006,-3.4502349999999997,0,0,0,0,0,0,2522
408C18173600B57E3131BC7AB710CF8AEA215EFF,days_45_90,4850,355,24198.946423000023,1772.7957670000008,0.03299,-1.5443300000000155,0,0,0,0,0,0,355
414E3B643B463C2E92A6666855A66CB8BF7B144E,days_0_45,27167,14201,68862.11879900009,38563.81533200001,131.56789999999998,-392.1718700000003,0,0,0,0,0,0,27145
414E3B643B463C2E92A6666855A66CB8BF7B144E,days_45_90,3147,2792,6612.129859,5836.965681999998,16.209960000000002,-83.67638399999997,0,0,0,0,0,0,2822
41B109E75DC24AC94E1CB47FACF89D7401CF5FC0,days_0_45,169329,169328,1.3067622872680002e+06,1.3067550872680005e+06,4789.073349999996,15316.52272600011,169100,1.3057345296170006e+06,15351.068789000112,6,10491,134500,24332
41B109E75DC24AC94E1CB47FACF89D7401CF5FC0,days_45_90,158773,158763,1.6104534920460023e+06,1.610307090580002e+06,6570.489820000003,11389.973001000073,158773,1.6104534920460023e+06,11389.973001000073,0,6656,126460,25657
44A5DE80BF4CD86126F5E56AE961169FACF0B4AA,days_0_45,17757,17757,830.3655739999989,830.3655739999989,0,-215.4576739999996,17757,830.3655739999989,-215.4576739999996,4,12043,5680,30
4501241BBCFB329F5021CD31995C7F69E63C7342,days_0_45,2952,2952,11779.025888000002,11779.025888000002,193.00412,-419.85880999999995,2952,11779.025888000002,-419.85880999999995,5,230,1861,856
4501241BBCFB329F5021CD31995C7F69E63C7342,days_45_90,24390,24390,236999.16924599995,236999.16924599995,1732.6952900000006,-2339.1942780000013,12474,120108.25377399998,-2102.8107139999984,4,1572,14216,8598
45B1D32B450965130AD4E5D21DACCCF488391379,days_0_45,18756,18756,144439.64365900005,144439.64365900005,1951.3685700000003,-1552.4780900000028,18746,143946.21030800004,-1497.2594790000028,0,1971,14163,2622
45B1D32B450965130AD4E5D21DACCCF488391379,days_45_90,1964,1964,21032.140235999992,21032.140235999992,495.97573000000017,-637.8009729999997,1963,20932.140236999992,-535.7009839999994,0,115,1440,409
47FCEA7EC1E7244D62E9B793220B219D92389865,days_0_45,1345,1345,7977.382393000003,7977.382393000003,289.16659999999996,-74.83008200000027,1135,7021.742106999996,-159.04353100000014,0,141,607,597
47FCEA7EC1E7244D62E9B793220B219D92389865,days_45_90,20567,20567,70092.82308099995,70092.82308099995,16.26121,-2071.405602999999,20561,70074.82308599996,-2052.409207999999,0,716,16962,2889
48180CFE026031C280EBDEA2ACAD996867CDE5DE,days_0_45,32399,32399,73405.68904400004,73405.68904400004,35.11535999999999,720.7180670000001,0,0,0,0,0,0,32399
49591BFD7C214B3303605EE3DE99D4BFA7C6C56F,days_0_45,6613,6611,655.8006480000001,655.7006480000001,0.03354,-70.58818799999999,6613,655.8006480000001,-70.58818799999999,9,3915,2689,0
49591BFD7C214B3303605EE3DE99D4BFA7C6C56F,days_45_90,3882,3882,332.3846930000001,332.3846930000001,0,-62.38469299999992,3882,332.3846930000001,-62.38469299999992,0,1959,1906,17
4B655EA786C26550ADCD97947A7001F720ABFC9C,days_0_45,6998,6998,90526.72165400002,90526.72165400002,1504.0973600000018,-567.9425049999991,6814,87176.512645,-264.3344069999996,3,64,1624,5307
4B655EA786C26550ADCD97947A7001F720ABFC9C,days_45_90,10289,10289,86990.231184,86990.231184,942.36805,-1561.3299559999987,8422,77654.60888199996,-1140.063354,0,712,4411,5166
4CB6FAAC03DDA045E6949D427AB39A4C718BA793,days_0_45,163759,163759,1.0050285909189999e+06,1.0050285909189999e+06,532.1099999999998,-13201.265415000022,163759,1.0050285909189999e+06,-13201.265415000022,2,20221,128700,14836
4CB6FAAC03DDA045E6949D427AB39A4C718BA793,days_45_90,30371,30371,113096.27188400005,113096.27188400005,0,-2523.3963989999993,30371,113096.27188400005,-2523.3963989999993,0,3285,21699,5387
4F29E103339919C4BAAEA2A60195CF1C8BB27A7E,days_0_45,299056,297002,5.884410576095103e+07,5.820644810919906e+07,38419.99875000001,442233.53600499936,0,0,0,0,0,0,299000
4F29E103339919C4BAAEA2A60195CF1C8BB27A7E,days_45_90,314580,313828,6.3419800859521e+07,6.339534979462998e+07,51251.203729999994,-534516.4731500023,0,0,0,0,0,0,314573
5076169C1B958F762E6D09EB4C4F5263707D8391,days_0_45,12244,12244,110861.89724399998,110861.89724399998,2192.9735900000005,-10289.400658999994,12023,110041.28416100006,-10346.306847999991,0,57,2525,9662
5087284865E4A1A9B44AADC1D012BAEBF1CC6AB1,days_0_45,5004,5004,20846.673305,20846.673305,369.69456000000037,221.88313699999992,5004,20846.673305,221.88313699999992,0,905,3751,348
5087284865E4A1A9B44AADC1D012BAEBF1CC6AB1,days_45_90,5221,5221,17682.201893999987,17682.201893999987,330.74214,-478.1119550000002,5221,17682.201893999987,-478.1119550000002,0,752,4031,438
5195A3D459A40E6503CCF19798F3CD9551B0D864,days_0_45,173225,173224,1.3307589787530012e+06,1.330751618753001e+06,4591.19401,6661.984371999955,172923,1.3292611128750015e+06,6634.254105999936,4,11039,137372,24810
5195A3D459A40E6503CCF19798F3CD9551B0D864,days_45_90,171698,171686,1.697579944478001e+06,1.6974157623130009e+06,6651.845299999998,9621.051831999941,171698,1.697579944478001e+06,9621.051831999941,3,7508,136032,28155
52B91496D6A9F01A0C795DF584B7293D00E15138,days_0_45,15009,15009,32727.08232499999,32727.08232499999,7.1998099999999985,-53.06995399999962,14984,32184.159175999994,-123.75041099999969,0,163,12016,2830
52B91496D6A9F01A0C795DF584B7293D00E15138,days_45_90,5,5,41.799997000000005,41.799997000000005,1.48757,4.331479000000002,0,0,0,0,0,0,5
52DCE85211943D3FF4B61492D652D825EFC46617,days_0_45,13730,13730,1.2200000096410015e+06,1.2200000096410015e+06,17051.822029999992,-16417.039256000007,2799,264921.360658,4380.767234000002,0,233,6830,6667
52DCE85211943D3FF4B61492D652D825EFC46617,days_45_90,3750,3750,365416.04033000005,365416.04033000005,8666.599370000007,-24379.47970000001,0,0,0,0,2,110,3638
5480C3156EFFF66F378A1D6C3CBCDE1B0B9CD9D2,days_0_45,12203,12201,97665.8958009999,97654.63340299991,2125.5212699999997,-6240.9988630000025,10749,90948.80330199991,-5500.377096999995,35,2115,9028,1025
5480C3156EFFF66F378A1D6C3CBCDE1B0B9CD9D2,days_45_90,31291,31291,126531.17085000004,126531.17085000004,2279.901530000001,-2071.408905,30584,123705.32992700007,-1738.2410539999994,2,604,27153,3532
567C07E1FBF9AB5DC19532FDFF172A178737BADE,days_0_45,12055,12052,141336.5833779998,141331.2553799998,2217.904629999998,-2884.493408999997,12030,141130.5403859998,-2868.739609999998,1,550,11000,501
567C07E1FBF9AB5DC19532FDFF172A178737BADE,days_45_90,49,49,551.1050500000001,551.1050500000001,18.18238,-83.46877400000001,49,551.1050500000001,-83.46877400000001,0,0,35,14
592C9F0374ED01FB6EA2ACC00EF58CCEC71B47D8,days_0_45,7712,7690,32985.73528500001,32879.73531900001,285.4412400000001,-1009.8446359999999,6819,27075.46447200001,-933.9732339999998,4,1772,4515,1420
592C9F0374ED01FB6EA2ACC00EF58CCEC71B47D8,days_45_90,9896,9895,36028.19344300001,36027.13504300001,294.8787699999998,-862.9855909999991,9449,30583.64296099998,-596.7352339999987,1,1687,6813,1394
5947C51069F1416F3825A2485856A3460101CC22,days_0_45,44253,44253,194341.56986099994,194341.56986099994,3007.2227300000013,-9038.786799000003,44253,194341.56986099994,-9038.786799000003,0,5,38341,5907
5947C51069F1416F3825A2485856A3460101CC22,days_45_90,2144,2144,6364.5491040000015,6364.5491040000015,0,-1650.6991529999993,2144,6364.5491040000015,-1650.6991529999993,0,252,1707,185
5BAB23C857DF2B3B57D0D0F32090AFFD0877676F,days_0_45,4309,4306,10733.922873000003,10725.326276000003,266.9982000000001,-972.2772960000004,3665,9488.310845,-829.912059,0,250,2201,1858
5BAB23C857DF2B3B57D0D0F32090AFFD0877676F,days_45_90,7265,7265,27274.671156999982,27274.671156999982,248.47155999999995,-711.3739960000011,6141,21821.65591599998,-622.6458359999996,0,555,4295,2415
5C932F5090A3F9D4B9EC1A5E06288F503CC177A5,days_0_45,10663,10408,58963.19454299999,57668.246895000004,1641.770060000001,134.01173999999995,4596,25744.667168999986,444.34894099999997,0,458,5719,4486
5C932F5090A3F9D4B9EC1A5E06288F503CC177A5,days_45_90,12930,12912,119324.38397500003,119041.38686000003,3083.720519999999,-339.48979499999984,12912,119041.38686000003,-339.48979499999984,0,1193,9638,2081
5CF157E4CDDACFFBB7BF05F73BFFBCA4BE45F25B,days_0_45,23605,23605,89129.7382639999,89129.7382639999,408.31372999999996,-840.9180229999997,6,33.039198,2.0775430000000012,0,0,6,23599
5CF157E4CDDACFFBB7BF05F73BFFBCA4BE45F25B,days_45_90,2,2,9.997959999999999,9.997959999999999,0.00699,-4.90295,1,4.99996,0.09505000000000058,0,0,1,1
5DC640FECC5103DDCA34D110FA3BCA95F4483609,days_0_45,21754,21745,292702.8829619999,292565.53576199996,8063.9671,111.57482000000049,21267,288647.9635619999,360.5877500000007,0,1184,17213,3357
5DC640FECC5103DDCA34D110FA3BCA95F4483609,days_45_90,17797,17797,313199.9509450002,313199.9509450002,8171.363889999991,382.9136530000014,13387,266457.84774599987,438.5363920000013,0,948,12960,3889
5DCA346BC9FE5F4E6A051C35238ABAAFF2CBE1D9,days_0_45,10032,10030,146462.85725099978,146262.85725699976,1624.0250900000003,-1552.8484299999998,9479,132577.3174609999,-1319.450265999999,33,3992,5236,771
5DCA346BC9FE5F4E6A051C35238ABAAFF2CBE1D9,days_45_90,6468,6447,73859.068363,73626.771735,177.8301999999999,-517.0794270000005,422,3456.328609000001,-280.83718300000004,2,229,171,6047
5EBCB864AC87F644A14EE85F782DDF89FB6B5692,days_0_45,505450,505450,1.1115139052360002e+06,1.1115139052360002e+06,2313.2491299999992,-5617.01491600011,479206,1.0527720621809997e+06,-4909.631466000082,0,35497,418881,51072
605B2F9DE3DB8BB3509E51DB39EB299061635D60,days_0_45,96587,96581,317549.5589949997,317526.0406949997,0.72295,7853.998098,96587,317549.5589949997,7853.998098,0,7260,82763,6564
605B2F9DE3DB8BB3509E51DB39EB299061635D60,days_45_90,107538,107538,427869.0673470002,427869.0673470002,0,3748.9616159999996,107538,427869.0673470002,3748.9616159999996,0,4069,95431,8038
631E77152153EF7B07DBE35811F4C5DFF8B34CF0,days_0_45,9581,9581,38298.810799,38298.810799,690.0080600000002,-2802.5707060000022,6881,22659.652728,-1208.2078160000003,0,2013,4616,2952
631E77152153EF7B07DBE35811F4C5DFF8B34CF0,days_45_90,1558,1558,10990.890539000004,10990.890539000004,253.31554999999983,-662.0220979999995,1448,10517.667823000002,-777.1091299999994,0,163,1013,382
64605B4A156974CFF9E3C92435AC5B5F340313CE,days_0_45,3642,3642,20328.999193999996,20328.999193999996,156.39941,208.77472800000055,3471,19392.02299099999,222.0081860000005,2,2528,965,147
64605B4A156974CFF9E3C92435AC5B5F340313CE,days_45_90,10563,10511,269127.94640300015,268251.22313700017,340.8713800000001,1195.8055600000034,873,3966.1924609999987,51.72564300000012,0,647,290,9621
65CF31CCA3FD55DBDB115349DBD80F18700651F0,days_0_45,12110,12109,138848.081207,138838.081214,4573.570489999997,333.17296999999905,12099,138607.85471600003,322.96496699999864,0,136,8184,3790
6663E52B3683832AA611B0C7E0E91BC654D368CA,days_0_45,127394,127394,1.2490624054819995e+06,1.2490624054819995e+06,656.6948600000002,1631.8573639999943,127309,1.248403382960999e+06,1617.0755349999938,0,1455,125166,773
6663E52B3683832AA611B0C7E0E91BC654D368CA,days_45_90,242946,242878,2.5809940058060004e+06,2.5805633278440004e+06,2987.2546399999997,-6779.281857000027,212582,2.2939326123880004e+06,171.06340399998453,8,1923,202069,38946
6918EA182D963B1FB7888860B8A8B8BCFBA5782B,days_0_45,8094,7975,2.2952492126490003e+06,2.283682277984e+06,14307.703500000001,103264.48053399997,0,0,0,0,0,0,8094
6918EA182D963B1FB7888860B8A8B8BCFBA5782B,days_45_90,4933,4822,1.5788795628629997e+06,1.5290649898459997e+06,11164.138099999998,-8228.378901000042,0,0,0,0,0,0,4933
691FD030B65F88A73905BA30674BDC839A85877A,days_0_45,20074,20062,198237.724986,193285.609874,2778.7157199999974,-6604.551848000004,17641,180187.38294900008,-6570.912815000008,1,88,14536,5449
691FD030B65F88A73905BA30674BDC839A85877A,days_45_90,33418,33415,86933.10598899999,86922.35598899999,452.21067000000016,-4211.875022000001,24615,63013.363062000026,-3787.3599210000016,0,25,21662,11731
6C3928CF1FFFD8ADDE8BD01DEE175A2D79A30B36,days_0_45,1338,1338,4847.630422,4847.630422,99.85073999999994,-545.7751579999998,1329,4817.010426999999,-533.6482329999999,0,21,1053,264
6C3928CF1FFFD8ADDE8BD01DEE175A2D79A30B36,days_45_90,8869,8817,32131.363750000004,31980.220080000006,552.4146000000002,-1346.446541999999,8806,31969.149530000006,-1341.1644219999991,0,713,6937,1174
6D27DA36D96C34D0C08E23C3ED8A44FC866C9A41,days_0_45,15392,15379,46683.978085999974,46655.47208599997,297.98786,-1473.8208709999983,3984,12343.60115300001,-292.92273600000016,0,133,5502,9754
6D27DA36D96C34D0C08E23C3ED8A44FC866C9A41,days_45_90,5947,5947,20412.414406,20412.414406,533.4160299999994,-518.519331,3313,13030.402855999999,-159.49769200000017,0,100,3113,2734
6DDCAD7425B4D92B930F8AE200AF90CE60B79E29,days_0_45,24478,24478,241416.53585600018,241416.53585600018,7075.21107,-866.8970290000025,18328,192891.04152499992,-675.3395470000025,0,1002,16178,7298
6DDCAD7425B4D92B930F8AE200AF90CE60B79E29,days_45_90,5831,5831,67527.04892499998,67527.04892499998,1833.25196,629.0026229999995,5831,67527.04892499998,629.0026229999995,0,399,4322,1110
6EDA7B0EC786DA8F05CBCAE8A31FEE0099A58F9A,days_0_45,70267,70267,160097.7361499999,160097.7361499999,61.43229999999998,-3457.8219340000005,70091,159618.68200200005,-3393.2113830000008,2,7272,54054,8939
6F37A4B6CEA17A13DC85416E81AB8F1A5C4F26B4,days_0_45,15124,15124,103624.86511600009,103624.86511600009,1741.1270699999998,-4237.175539000002,15122,103477.86511900008,-4343.677280999999,0,163,13791,1170
71482C29C892C0599323106BD0D9E841A384600B,days_0_45,10355,10355,39221.457785999984,39221.457785999984,197.55650000000009,-1133.0101890000003,10348,38008.77239099998,-1232.140086000001,0,400,9359,596
71482C29C892C0599323106BD0D9E841A384600B,days_45_90,12769,12769,65663.03717099997,65663.03717099997,402.4508399999999,-2014.208971999997,12750,60307.03062299999,-908.0445969999996,1,892,11577,299
715982683F37D34FA1B79A15922CAF16B3814C63,days_0_45,26826,26826,21679.121871000007,21679.121871000007,59.49673000000001,-1499.3713209999992,26826,21679.121871000007,-1499.3713209999992,0,5879,20924,23
71929BC3D82D2A6B5942B2636569F151673F1981,days_0_45,57281,57281,119135.76829599997,119135.76829599997,0.00431,162.1576009999991,45454,94719.01907399998,-530.3023309999996,0,0,1,57280
7498B6F6889DC49DD29350C861E1115D37BA59C6,days_0_45,56845,56845,185494.06316400017,185494.06316400017,1279.6153099999997,-10190.164297000005,55074,154033.31220200012,-8465.268934000005,0,490,47021,9334
7498B6F6889DC49DD29350C861E1115D37BA59C6,days_45_90,19770,19770,73772.46321900001,73772.46321900001,735.66764,-2153.836899000001,16525,51214.54467499996,-366.42580700000326,0,314,14244,5212
74D691F2ABF5DE6B56C0643025D25C720A1FC68C,days_0_45,8768,8768,10437.745360999994,10437.745360999994,225.95270000000002,-408.727333,7727,9370.023286000001,-372.0031589999999,9,1618,4858,2283
74D691F2ABF5DE6B56C0643025D25C720A1FC68C,days_45_90,2514,2514,3308.4376489999972,3308.4376489999972,65.48273000000003,-131.843113,1,0.999999,-1.0335889999999999,0,6,173,2335
75B95D8635993F0CB9972E6E194DD09403A10893,days_0_45,13897,13708,51167.80847699999,49483.41226299999,167.60501999999997,-1342.8560950000015,0,0,0,0,0,0,13783
77B2A944F148660B76691F10819892D002C524BD,days_0_45,175611,175611,1.3805590250440007e+06,1.3805590250440007e+06,4404.262679999998,18639.044355000067,175462,1.3798719350940008e+06,18684.669931000055,8,11244,140225,24134
77B2A944F148660B76691F10819892D002C524BD,days_45_90,172205,172203,1.7436354501460006e+06,1.7435455901460005e+06,6092.509459999998,14938.84778200003,172205,1.7436354501460006e+06,14938.84778200003,0,7697,137247,27261
792AD90F3DA97F663333B834DE13AB90EBA10915,days_0_45,34421,34421,192323.79304000002,192323.79304000002,0,892.7599270000006,34421,192323.79304000002,892.7599270000006,0,6180,25862,2379
799602F56A8EE04801196B824EBBC280B48ED982,days_0_45,17950,17950,308715.0188019999,308715.0188019999,4502.458649999999,2480.4320030000026,17950,308715.0188019999,2480.4320030000026,0,6066,11193,691
799602F56A8EE04801196B824EBBC280B48ED982,days_45_90,13647,13647,87494.43603199997,87494.43603199997,1463.553280000001,-102.03951900000021,13647,87494.43603199997,-102.03951900000021,0,2818,9796,1033
7ABCBEAA990B79729788EB43C88EF42EB7AE8AF1,days_0_45,25364,25364,141016.42384200005,141016.42384200005,333.82995000000017,-1946.7245685000012,0,0,0,0,0,0,25364
7BF1B4D7131C470B07D156B03135065390E73F67,days_0_45,8698,8582,422623.626061,417758.0097589998,320.1502099999999,-1226.6110950000002,0,0,0,0,0,0,8698
7BF1B4D7131C470B07D156B03135065390E73F67,days_45_90,8126,8043,325612.7250430001,322300.16593200003,149.5695999999999,760.9160050000015,0,0,0,0,0,0,8126
7CBB4A86E67B92EE3081FD2C8CFAA48E861C5299,days_0_45,11812,11810,66701.17735399996,66693.74115499997,1738.1143600000005,-3100.439737999999,5371,31293.804365000007,-1215.784002,1,735,5676,5398
7CBB4A86E67B92EE3081FD2C8CFAA48E861C5299,days_45_90,32,32,662.309992,662.309992,40.525789999999986,-702.8357820000001,32,662.309992,-702.8357820000001,0,0,32,0
7CC8B1E723D6AF079029F72027B7FF4FAC2FA9D7,days_0_45,101933,101933,1.0219339050290004e+06,1.0219339050290004e+06,3548.110979999996,8990.39529299998,101438,1.0196756895640003e+06,9061.464867999981,3925,94189,3632,187
7CC8B1E723D6AF079029F72027B7FF4FAC2FA9D7,days_45_90,31867,31867,584037.1813020001,584037.1813020001,1708.1571499999998,5139.692379999996,31864,583966.0414860001,5177.582146999996,1387,27876,2526,78
7D091BCA965D9EFD89405807D997AB378154DE89,days_0_45,11705,11705,40371.97838899994,40371.97838899994,504.85264000000075,-158.07365199999944,11705,40371.97838899994,-158.07365199999944,0,1760,9630,315
7DC984968BAE34A9CB75380E8265B26A9645525E,days_0_45,24237,7919,42374.59627400002,13189.168946,21.39508000000001,-173.26853999999992,0,0,0,1,0,1,19336
7DC984968BAE34A9CB75380E8265B26A9645525E,days_45_90,6114,4324,18041.247168999984,13058.527057000007,13.89319,-219.98954500000008,0,0,0,0,0,0,4380
7DDEB72E6B8726B146D085C20A90BB64158030B1,days_0_45,570,546,19923.49288,19133.555806000008,86.62418,-33.90638599999988,40,784.4899580000001,166.071867,0,0,35,535
7DDEB72E6B8726B146D085C20A90BB64158030B1,days_45_90,22444,22381,795401.7250780008,793606.275478001,10265.304950000002,2673.0550614999956,708,2001.0045889999992,-299.3082009999999,4,165,303,21910
7FC0E9E913007A6E1946C1EE6CA05F22C0787BF6,days_0_45,10069,10052,77745.541914,77486.01491400001,1007.8432200000004,769.233410000002,9783,73411.02077099997,1204.555931,0,593,6522,2952
7FC0E9E913007A6E1946C1EE6CA05F22C0787BF6,days_45_90,234,221,7391.020108999997,7101.610108999998,135.23272999999998,-687.7870170000001,0,0,0,0,0,0,221
801C9DDE4BE716910F1C56A4478757D609070F69,days_0_45,30069,30067,117334.56009200004,117328.80009200003,275.53885000000014,-183.4388539999996,25727,97813.87598200007,-246.4997859999994,44,9557,20259,209
801C9DDE4BE716910F1C56A4478757D609070F69,days_45_90,2524,2524,9685.472131999997,9685.472131999997,9.246359999999997,-108.63516300000019,2063,7728.675632000004,-117.98192300000011,7,612,1888,17
8068E018BBC4CD013F611490460AAEA05D601900,days_0_45,31005,31005,121621.24200400004,121621.24200400004,0.00431,-744.259663000002,23260,88720.84021600003,-722.6281440000005,0,2188,21961,6856
82BA9A6D488E19DE92E02ABE57774AE38B81B905,days_0_45,11691,11689,25481.606204999985,25479.691005999986,322.2762499999997,-626.278615,11689,25479.691005999986,-626.278615,0,206,6998,4485
82BA9A6D488E19DE92E02ABE57774AE38B81B905,days_45_90,1018,1018,10262.953126999999,10262.953126999999,185.24885000000012,-48.37055,1018,10262.953126999999,-48.37055,0,22,996,0
84316E620A2307401B952CFCF820B693311BEE9C,days_0_45,15897,15836,73561.17633299995,73355.00244999994,664.7951600000002,-2187.261272499999,10795,60557.28195,-1598.8032929999995,24,274,3668,11902
844CDCD16114437295058CEC85C64D289F8B1B4E,days_0_45,18339,18339,116515.34655500001,116515.34655500001,0,484.3579889999985,18339,116515.34655500001,484.3579889999985,0,2983,13895,1461
851FDC29A41EA75E337B5595E711E4C924DDCF5E,days_0_45,11515,11515,459689.44213000004,459689.44213000004,2.2456000000000005,666.5292700000088,11515,459689.44213000004,666.5292700000088,411,8472,2616,16
851FDC29A41EA75E337B5595E711E4C924DDCF5E,days_45_90,2137,2137,37013.440400000014,37013.440400000014,0.30656,-86.31696000000022,2137,37013.440400000014,-86.31696000000022,64,1249,818,6
856B5C8979566EB12140D740AD88658B3CE73853,days_0_45,35466,35466,9300.851201000007,9300.851201000007,0,7353.582398999998,35466,9300.851201000007,7353.582398999998,6,17880,17579,1
87E2BA12FEC32D7F232C740329463FA9D3C77893,days_0_45,719,523,14990.34300199999,11661.804842,256.64603000000017,-1091.0619730000003,3,300,-320.78999,1,2,0,708
87E2BA12FEC32D7F232C740329463FA9D3C77893,days_45_90,10580,10579,21647.18062300003,21536.01286300003,45.016009999999994,-1587.9637819999987,6372,10711.47960499999,-1223.7633899999996,0,363,6752,3464
88456DDB23726614342A3EBAF69A19AE93C009AE,days_0_45,10896,10896,47203.686785,47203.686785,981.9358599999997,-321.2835680000007,10896,47203.686785,-321.2835680000007,0,890,9850,156
88456DDB23726614342A3EBAF69A19AE93C009AE,days_45_90,3060,3060,46384.570803,46384.570803,1019.1511000000007,718.3436280000001,3060,46384.570803,718.3436280000001,0,358,2530,172
88E10B0390A2D652DE1F61F2FBDA47922F154F2A,days_0_45,6131,6131,28364.677672999973,28364.677672999973,132.12233999999998,-164.6767470000002,6086,28179.955693999982,-135.20927800000018,19,3203,2734,175
88E10B0390A2D652DE1F61F2FBDA47922F154F2A,days_45_90,5387,5387,28279.371477000008,28279.371477000008,32.98766999999997,-22.626788000000182,5383,28274.476679000007,-22.587224000000177,27,1566,3764,30
8B30C741EA2EE44C05480AE2249C4D1CECC1068A,days_0_45,18665,17707,39915.45037100002,38633.122264000005,14.302939999999996,-125.4513030000002,0,0,0,0,0,0,18665
8B30C741EA2EE44C05480AE2249C4D1CECC1068A,days_45_90,9904,9268,19795.817247,18485.792895000002,7.5992299999999995,-52.62780900000021,0,0,0,0,0,0,9475
8B3C7D083A33D645EC6959AEB5D433EF73085513,days_0_45,7879,666,43210.243219,3781.210776999999,2.27025,-3.437901000000002,0,0,0,0,0,0,2477
8B3C7D083A33D645EC6959AEB5D433EF73085513,days_45_90,4486,374,22376.928213999996,1862.7804540000002,0.04211,-1.4573260000000055,0,0,0,0,0,0,374
8DBB48378695BBA893005FAAA8A6B462B3C1F8F0,days_0_45,550,550,133.60964199999998,133.60964199999998,1.5110999999999999,-1.0173650000000105,537,115.11064800000004,11.43343700000002,0,176,358,16
8DBB48378695BBA893005FAAA8A6B462B3C1F8F0,days_45_90,19469,19469,2571.465909000001,2571.465909000001,1.4509799999999997,257.77488900000026,19444,2463.0404760000006,250.2001210000002,2,11480,7952,35
90A78B64039E9637027D6B0623ECA331762C0F1B,days_0_45,4412,4412,470576.92873999994,470576.92873999994,200.7444699999999,1873.2067900000002,3588,380802.44591999985,1502.2463399999983,498,3653,149,112
90A78B64039E9637027D6B0623ECA331762C0F1B,days_45_90,5616,5616,788733.8715099995,788733.8715099995,406.45451,2188.4739800000034,4735,709042.2330699995,1720.28093,527,4701,379,9
90B9552442B2E616E2DDB51BA0C37C8A8757D563,days_0_45,125132,125131,718348.5463819997,718339.9963819997,0,6563.651802000012,14009,75390.22144800003,474.58829000000185,0,4604,43592,76936
90B9552442B2E616E2DDB51BA0C37C8A8757D563,days_45_90,236886,236880,1.3301481390370005e+06,1.3301236128320005e+06,0,5716.705634999893,0,0,0,0,4865,56613,175408
93BD19205887AB9FADBF1013EA1A1B7D4CB1BBC5,days_0_45,7056,7054,1.1048253481579998e+06,1.1044477481579997e+06,3587.8013199999987,-592.2351639999889,0,0,0,0,0,0,7054
93BD19205887AB9FADBF1013EA1A1B7D4CB1BBC5,days_45_90,5580,5533,1.0947832705209998e+06,1.0938452734549998e+06,3747.9662800000006,14113.106324999993,0,0,0,0,0,0,5533
95FA4CC0BE88B13A60529A651D82F940F38466B3,days_0_45,173955,173955,1.3384122868509996e+06,1.3384122868509996e+06,4187.471389999999,12523.289980999907,173742,1.3374130290200002e+06,12455.836434999903,3,11239,139202,23511
95FA4CC0BE88B13A60529A651D82F940F38466B3,days_45_90,176386,176370,1.7929582170969998e+06,1.7928126409709998e+06,6356.75428,35631.02610299981,176386,1.7929582170969998e+06,35631.02610299981,2,7986,140027,28371
9897145FD8D6B033164593FA8D885FA2AFA56B8E,days_0_45,6214,6214,208736.3754869999,208736.3754869999,3533.53268,8776.99066799995,5829,162255.32095599986,7436.66884399993,0,1038,1918,3258
9897145FD8D6B033164593FA8D885FA2AFA56B8E,days_45_90,11636,11636,420015.0757879999,420015.0757879999,6501.806980000002,-32247.495582999978,11313,341469.85403300007,-49696.21038599997,0,346,3740,7550
992847679921ABACF7A7DA967E9456B707B60894,days_0_45,84092,84092,373653.048322,373653.048322,0,2729.0304079999955,84092,373653.048322,2729.0304079999955,0,13655,62978,7459
99D76C8A97A7C7ED25ECEDC881D5AED3A73C6435,days_0_45,10813,10718,1.3850651696229994e+06,1.373793721912999e+06,11047.094920000007,17544.277490999997,0,0,0,1,1,4,10807
99D76C8A97A7C7ED25ECEDC881D5AED3A73C6435,days_45_90,3090,3089,592739.5664320001,592456.0664320001,7829.694520000003,15206.123259000007,0,0,0,0,0,0,3089
99F3005C33A3F15A3518A0290F88BBF49E3370B9,days_0_45,15978,15978,75193.05274399999,75193.05274399999,0,-97.57479400000058,15978,75193.05274399999,-97.57479400000058,0,3495,11526,957
9A07C6583FB9DEFD31A102ADD491D35621C404E1,days_0_45,958,958,10376.423212999987,10376.423212999987,312.33996999999994,582.3053439999996,667,5450.534104999993,582.422835,0,26,248,684
9A07C6583FB9DEFD31A102ADD491D35621C404E1,days_45_90,16870,16870,674921.1598550003,674921.1598550003,22115.998850000004,-19200.068149000006,9566,410909.03792000015,-11594.824309000001,0,21,707,16142
9D04CA0EFB317077237E9F3B2DE5C75D3BCC4C63,days_0_45,60740,60740,143001.26735700012,143001.26735700012,3143.0763300000003,-4327.902322999998,42362,100573.5596890001,-3547.845488000004,72,3759,41385,15524
9E20C1016CFDF518C84AA398D64BF9B2277A5CF9,days_0_45,5418,5262,10629.591697999997,10317.591880999993,151.1136699999999,194.06677399999992,0,0,0,0,0,0,5409
9E20C1016CFDF518C84AA398D64BF9B2277A5CF9,days_45_90,15752,15749,31519.752507000023,31513.664707000025,565.9806100000003,-624.4818495000007,0,0,0,0,0,0,15749
9F35C0145D810E250AF89707F879796939DE6CE1,days_0_45,14757,14757,17214.066791000005,17214.066791000005,380.2340500000002,-681.1775630000002,14752,17209.066797000003,-677.304828,63,1013,13635,46
9F35C0145D810E250AF89707F879796939DE6CE1,days_45_90,11244,11244,43509.40495299991,43509.40495299991,423.5065400000001,-1622.0624260000018,11183,42872.29358599992,-1534.107976000002,0,843,8822,1579
9F92355417D3001149A03E1CDCFECEF40D482C2D,days_0_45,21853,6097,314838.5698820003,109400.20345099996,5285.089810000001,-5933.479820000003,0,0,0,0,0,1,16926
9F92355417D3001149A03E1CDCFECEF40D482C2D,days_45_90,7532,5813,115931.30952400001,85541.31386999995,2145.5515,49.29284400000081,0,0,0,0,0,0,5813
A0072252E73BAFCE082C940AB9FB5E242FDA9B9D,days_0_45,15059,15059,367302.7602789997,367302.7602789997,2148.35853,-850.1773270000061,15059,367302.7602789997,-850.1773270000061,1,1169,11886,2003
A0072252E73BAFCE082C940AB9FB5E242FDA9B9D,days_45_90,4635,4635,48805.990635,48805.990635,205.4344300000002,-54.26276400000122,4635,48805.990635,-54.26276400000122,2,350,4032,251
A05A87ECF4E4D91370107250690BBD0471D29278,days_0_45,4082,4082,19194.66720299999,19194.66720299999,327.7818699999997,-952.8332160000006,4082,19194.66720299999,-952.8332160000006,0,21,3837,224
A05A87ECF4E4D91370107250690BBD0471D29278,days_45_90,7146,7146,15510.64903099999,15510.64903099999,7.50415,-373.10634399999964,7078,15315.22284799999,-364.13222499999944,0,492,5836,818
A2D71813DC3857E582130015BD60E5EDB61EE3B7,days_0_45,11769,11190,215351.24830700006,208389.873398,198.8471199999999,2332.5114230000027,0,0,0,0,0,0,11769
A2D71813DC3857E582130015BD60E5EDB61EE3B7,days_45_90,8554,8299,71041.413275,70310.134422,88.89317000000001,-1776.3728950000002,0,0,0,0,0,0,8426
A3B5DA76FFBBE3325BB1B40A30F6A4634962941A,days_0_45,1784,1570,126647.20612100001,117872.81805999998,538.7562400000002,150.95147899999944,0,0,0,0,0,1,1766
A3B5DA76FFBBE3325BB1B40A30F6A4634962941A,days_45_90,13873,13782,793685.4624069999,787515.6350429999,3364.101659999999,22426.558497999984,0,0,0,0,0,0,13851
A3F26122529CF37E4E69E9741666D592FDD034D0,days_0_45,9283,9234,42170.039997999986,41991.847694000026,169.96864999999997,-5254.249629000002,7204,24722.846695999982,-2147.3653499999987,0,602,2399,6243
A3F26122529CF37E4E69E9741666D592FDD034D0,days_45_90,2115,2115,12180.990361000015,12180.990361000015,0.17754,-732.4243060000006,2115,12180.990361000015,-732.4243060000006,0,320,1783,12
A497F6D9B942F3A73E24F9642316F0979C677891,days_0_45,27858,27858,405992.02475499973,405992.02475499973,3918.032749999996,-6636.8341194999975,3,103.909997,-98.922817,0,0,1,27857
A4F1566147B9E88D1C289CBC6BD87B2B5618A4FF,days_0_45,12166,12166,32573.887719,32573.887719,91.88847999999999,-1694.2807409999994,4668,10711.946497000004,-297.09920299999993,0,256,3983,7927
A4F1566147B9E88D1C289CBC6BD87B2B5618A4FF,days_45_90,8788,8788,7718.440608999998,7718.440608999998,92.91630000000004,-574.1112860000005,8770,7196.3769399999965,-519.8580290000004,2,6627,2147,12
A62FF3D3D2FE4456523C567441ACB512F0BA9E04,days_0_45,171561,171559,1.3221449402460002e+06,1.3221301402460001e+06,4315.326540000001,11891.471282000004,171302,1.320976677803e+06,11883.20863600001,7,11258,136085,24211
A62FF3D3D2FE4456523C567441ACB512F0BA9E04,days_45_90,173349,173342,1.7337789517049992e+06,1.7337163832009993e+06,6412.184909999997,13258.303561999972,173349,1.7337789517049992e+06,13258.303561999972,3,7560,137475,28311
A7099454D3FD1894A94009EA777793DE458691EF,days_0_45,20880,20878,348066.86331600003,348038.163316,6161.828160000004,6779.9741410000015,20315,337444.2407099999,6671.473276000001,1,3355,14773,2751
A7099454D3FD1894A94009EA777793DE458691EF,days_45_90,8887,8887,89940.105784,89940.105784,1755.0143199999998,239.9941890000008,8147,76418.84680199997,472.8652770000006,0,2112,5703,1072
A9202B737605FDBD1A668F219355429309F207A4,days_0_45,8019,681,44220.25224899999,3979.998314,2.9408599999999994,-3.89132899999999,0,0,0,0,0,0,2546
A9202B737605FDBD1A668F219355429309F207A4,days_45_90,4716,385,23520.41944700001,1927.4071999999999,0.03061,-1.4448830000000237,0,0,0,0,0,0,385
ABC203FACB9CC81BA9977C4A19B20F0634007048,days_0_45,53697,53695,308580.12507799966,308567.29967999965,10755.482649999998,400.162442000005,51110,293792.7419779997,1254.1560050000064,6,8841,34687,10161
ABC203FACB9CC81BA9977C4A19B20F0634007048,days_45_90,4737,4737,26246.13538000001,26246.13538000001,883.6013800000002,-1685.5927380000019,3291,17892.32079199998,-982.6331799999994,0,544,2135,2058
AEF1BC6774AD9B276C689D850CDD90215A2458DE,days_0_45,33603,33603,188755.53986000014,188755.53986000014,0,498.82994000000286,33603,188755.53986000014,498.82994000000286,0,6037,25248,2318
AF58C062F7DA0BA281EFFF11E197B63E0A072BF4,days_0_45,7434,7431,75591.74189999996,75562.86139999997,890.0433699999995,-7097.211868,0,0,0,0,0,0,7431
AF58C062F7DA0BA281EFFF11E197B63E0A072BF4,days_45_90,2953,2953,6965.685230999999,6965.685230999999,221.06201999999996,-781.6880190000004,2953,6965.685230999999,-781.6880190000004,0,16,2739,198
B1A64983CA4EB99106B73E3D68726FF6506B53BC,days_0_45,8356,8356,28970.830547000012,28970.830547000012,256.3947599999999,1706.9998250000008,7181,24709.197267999996,1242.9373099999998,1,7899,446,10
B1A64983CA4EB99106B73E3D68726FF6506B53BC,days_45_90,36944,36944,269936.927004,269936.927004,3468.9777999999988,18863.91021999999,32096,234672.6264370001,17523.92623699999,0,26714,10195,35
B2BE769762B01BFC69F9A1A2CC67C3381C656088,days_0_45,19251,19251,72224.67650799999,72224.67650799999,0,857.1876000000003,19251,72224.67650799999,857.1876000000003,0,3352,14297,1602
B305D384400E3D7A15780216A55368EA677ECA4E,days_0_45,48772,48725,813016.7966259996,810109.1909479997,10332.021410000003,44934.92078999996,43421,694871.8403670008,34221.92445699997,1,14103,27795,6832
B305D384400E3D7A15780216A55368EA677ECA4E,days_45_90,21322,21318,276374.4608890001,276029.84888900013,4156.213980000001,29702.97084100001,19997,261775.45298900013,28384.061765000006,1,6232,13320,1765
B3E18840C7D4DD55ECEDCD286B523DF24B943F64,days_0_45,12869,12867,79459.51101699995,79452.57972699997,626.0718999999998,-931.4882839999997,12766,79005.30303699993,-678.1286139999999,0,700,11661,508
B41650AB898D1E8C1E7D55E8D9ABA43AE4C7A676,days_0_45,26449,26447,74692.25897099996,74689.08857099996,619.9947099999999,3071.505134000001,13442,34376.076302,1313.8933600000003,6,18,13802,12623
B41650AB898D1E8C1E7D55E8D9ABA43AE4C7A676,days_45_90,34677,34654,106660.67426600003,106626.76264300001,749.7026199999999,1223.752155000001,20677,65830.63891399998,-829.9060389999993,7,2,19098,15570
B86A105C3C694749C5246F3FD032D4620A33396D,days_0_45,9731,9731,73612.36273499994,73612.36273499994,1447.5352799999994,43.801938000000256,9731,73612.36273499994,43.801938000000256,0,778,8594,359
B86A105C3C694749C5246F3FD032D4620A33396D,days_45_90,721,721,10474.198761000001,10474.198761000001,149.59217999999996,2125.7001240000004,721,10474.198761000001,2125.7001240000004,0,48,621,52
B8B177097B5D9AF09B48FAFBC12C00956F988C8E,days_0_45,27527,27527,107253.28640400003,107253.28640400003,0,-49.21307299999785,27527,107253.28640400003,-49.21307299999785,0,5443,20068,2016
BCEAFE5C94D0B6CB6A519BC4A3ACCC774339E614,days_0_45,11983,11982,91306.24215700009,91296.24217400009,3151.5795600000015,-281.6027900000022,11982,91296.24217400009,-281.6027900000022,0,71,7346,4566
BCFEAAE6A2FC07DF22F01626F7D171F83CAF4B94,days_0_45,12065,12052,27894.53039899999,27850.151008999987,271.82210999999995,-181.5830540000004,0,0,0,0,0,0,12065
C0176130731377D7D601304271F5A713384A7242,days_0_45,165113,165113,1.281584385422e+06,1.281584385422e+06,5246.349450000002,16448.97606599996,164844,1.2803684292199996e+06,16406.70427299996,4,9547,132288,23274
C0176130731377D7D601304271F5A713384A7242,days_45_90,170742,170731,1.7192511210629991e+06,1.7190266617299994e+06,7463.308830000001,24130.536232999977,170742,1.7192511210629991e+06,24130.536232999977,2,6345,135830,28565
C04707D73B58489CCA46FF706831B913B338CCE5,days_0_45,4000,4000,31554.91644300001,31554.91644300001,638.89599,-766.7188059999994,1693,8046.730261999996,338.77412999999996,5,265,1129,2601
C04707D73B58489CCA46FF706831B913B338CCE5,days_45_90,8763,8740,39749.805213000014,39713.71842600002,889.0892299999994,-424.3088300000007,5870,27918.986406000004,997.7682579999995,1,686,4563,3490
C5BC1AF9F5D9FC6C45F688FF207C3022BCD100C4,days_0_45,14171,14171,56984.89553499999,56984.89553499999,914.6000099999999,-1011.6206090000005,14171,56984.89553499999,-1011.6206090000005,0,1864,11595,712
C722499B391634EB80ED8203D4032240C8478CD9,days_0_45,12159,12159,41550.428334,41550.428334,527.30495,-367.5032369999996,12159,41550.428334,-367.5032369999996,0,1904,9958,297
C846F5368AB49A854D2280B7ECFF92669824C413,days_0_45,3975,3880,20226.476408999988,19338.283948999986,59.51809000000001,1107.5769650000007,0,0,0,0,0,3,3964
C846F5368AB49A854D2280B7ECFF92669824C413,days_45_90,7276,7166,58607.63891699998,57793.01853000001,152.99354000000005,513.2661270000006,0,0,0,0,0,0,7236
C9DC71A23F5855456C1C996B1064DC46017C80A9,days_0_45,25643,25643,127625.97640599993,127625.97640599993,48.711900000000014,-690.2083550000003,25643,127625.97640599993,-690.2083550000003,0,0,108,25535
C9DC71A23F5855456C1C996B1064DC46017C80A9,days_45_90,21993,21990,175157.6760570002,175152.7269220002,131.33230999999998,-1254.300436999999,21909,174680.79850800015,-1242.3547609999987,0,4,200,21789
CA01EBC12D373595BEBF2989A6873E09BA3F0965,days_0_45,23174,23174,320523.51075599977,320523.51075599977,4415.406719999998,2862.8773310000033,23174,320523.51075599977,2862.8773310000033,1,2815,20124,234
CA01EBC12D373595BEBF2989A6873E09BA3F0965,days_45_90,13326,13326,230498.738944,230498.738944,3351.742569999996,-1617.028004999998,13326,230498.738944,-1617.028004999998,0,1833,11019,474
CB57A48DC8BF4712589BFE7799A2100A7ADB870A,days_0_45,14195,14195,109359.287173,109359.287173,1968.1708400000011,355.20772199999993,14194,109358.28717400001,356.2237109999999,0,1185,12477,533
CB82CB90CC080B755E016FA2197FB20034088935,days_0_45,8210,710,45374.245477999975,4054.979055999999,3.174840000000001,-4.785637999999989,0,0,0,0,0,0,2655
CB82CB90CC080B755E016FA2197FB20034088935,days_45_90,4676,401,23322.64062200001,2002.2616349999998,0.02147,-1.568487000000018,0,0,0,0,0,0,401
CCE4ABD2391881ACEE335210746DDEA0A4556A58,days_0_45,12138,12138,143328.26744400014,143328.26744400014,4779.652999999999,-128.96721000000008,12134,143289.55282700015,-129.0373090000001,0,96,7973,4069
CDF5D708FEAB46B07CA2E804A566FCBE267BE344,days_0_45,5490,3878,60061.43272400003,36715.81959999998,177.84740999999994,-1670.7473420000006,1702,10940.56485400001,-255.74395599999983,36,1200,555,3478
CDF5D708FEAB46B07CA2E804A566FCBE267BE344,days_45_90,15476,11691,193357.49096300005,144411.79569099998,391.15850000000006,-4400.925665999999,0,0,0,0,5,9,12604
D0A19D09A9613100F602D29CFDF3BA3C622B73DB,days_0_45,15166,15073,31270.479980999997,30618.314704000004,533.4053699999997,-2825.729167999995,8528,13732.314487,-772.3514479999992,0,715,8102,6282
D0AC6E6B585C00042A0552A6CF35F2F056EF7DEE,days_0_45,28709,28672,3.750124212090001e+06,3.7458191733900006e+06,16693.189939999993,13052.984307,418,4131.765934999999,-445.55677399999985,3,77,305,28324
D0AC6E6B585C00042A0552A6CF35F2F056EF7DEE,days_45_90,22707,22701,2.4304982245140006e+06,2.4304420808150005e+06,14954.625579999996,-6616.330909000003,863,23652.647770999974,-250.1757129999996,30,449,354,21874
D13C1E677498544774850A8D34B210887EC798A7,days_0_45,3404,3402,16880.276183999984,16878.247684999984,165.45903,-592.8912914999996,0,0,0,0,0,0,3404
D13C1E677498544774850A8D34B210887EC798A7,days_45_90,27920,27872,81413.290872,81266.66466000002,38.37757999999999,-1893.848582499999,0,0,0,5,1,0,27866
D18AA9F4B13FF514F168314FF61E0CA7F9424B74,days_0_45,67814,67786,4.329008995999002e+06,4.327864782401002e+06,40.94363999999998,14528.72481600005,67809,4.328834354875001e+06,14525.120834000054,4348,40986,22309,171
D18AA9F4B13FF514F168314FF61E0CA7F9424B74,days_45_90,61497,61497,8.004498076415001e+06,8.004498076415001e+06,49.542820000000006,33854.64124800005,61497,8.004498076415001e+06,33854.64124800005,5853,33390,22106,148
D1CB27FF1962D623E2AD4D22A1DAFD7D11B8C020,days_0_45,23509,23509,77400.48947500001,77400.48947500001,0.126,-1412.4829469999968,18000,55452.638104000005,-1224.330556,0,1132,16930,5447
D2A7DAE7C4AC2BCF6DD11AC92AEA40B4C88B1FDB,days_0_45,21067,21067,163357.90746800002,163357.90746800002,3470.919619999998,-886.7495349999995,12257,85500.97824600006,327.97270999999813,0,1097,13680,6290
D2A7DAE7C4AC2BCF6DD11AC92AEA40B4C88B1FDB,days_45_90,1819,1819,16626.024203,16626.024203,121.28403000000006,-1814.0467710000012,1750,7757.166365000002,16.13898800000002,0,1237,511,71
D47815209EE28529BBEDF864DC992BD65BF89239,days_0_45,10954,10940,22805.397261000002,22777.139173000003,810.4802199999996,-1132.6729349999996,3714,6843.8506499999985,-407.61918399999996,11,314,3540,7089
D47815209EE28529BBEDF864DC992BD65BF89239,days_45_90,6367,6367,14049.565230000015,14049.565230000015,395.32525999999996,-785.6795339999998,3100,6733.8925979999985,-325.27225200000004,13,175,2472,3707
D49A04A3785EF738C338547A5CF9D332F7632C2E,days_0_45,16103,16103,60715.87011300002,60715.87011300002,0.02735,-11.908132000000336,16103,60715.87011300002,-11.908132000000336,0,3365,11560,1178
D49B42BCE7EA10BAC53E2901C188CAE20EA4BDF9,days_0_45,106268,66455,8.694095569123993e+06,6.526821429076999e+06,10468.740440000003,4548.941932000076,0,0,0,0,0,0,96925
D673993E104D1A05870648F532DC1FC4C4A1E975,days_0_45,25878,25878,2163.081347999998,2163.081347999998,0.036379999999999996,-284.3185289999979,19091,1573.2614779999992,-304.4936589999988,7,14344,10661,866
D76251A6786EA74DAFDB2BA9F06CD2EFA51F2800,days_0_45,28269,28267,299391.5979779999,299363.6879779999,8413.946370000007,-10561.208909999988,17594,199199.39254899992,1942.5194979999992,0,553,19651,8065
D76251A6786EA74DAFDB2BA9F06CD2EFA51F2800,days_45_90,6788,6788,185666.37668399996,185666.37668399996,5143.860730000002,-6437.332097999998,5874,167029.29730399998,-5066.246561999998,0,293,5427,1068
D7985B972875B2E7BDE96E66E77F1FA384CFDD54,days_0_45,15722,15720,60081.97612499998,60080.02392599998,190.38285000000013,-1045.1989169999993,8228,43356.57705399995,448.4331850000008,0,996,8195,6531
D8F1FBE130E2B33F32633BF568A08B85058E74A9,days_0_45,88002,88001,267334.32467699994,267333.372336,0.57285,5846.510816000001,88002,267334.32467699994,5846.510816000001,0,3803,77736,6463
D8F1FBE130E2B33F32633BF568A08B85058E74A9,days_45_90,114755,114755,393160.2411409999,393160.2411409999,0,6581.267913000003,114755,393160.2411409999,6581.267913000003,0,4130,100634,9991
D9DBDE04B15D4488C3023F2BE4F9F21AF26448A1,days_0_45,13013,13013,31568.572189999984,31568.572189999984,408.06303,-822.619551,5772,13164.687519999996,-429.62384899999995,200,1010,5447,6356
DA770326BD091D26F816917AA83A6BAFF668683F,days_0_45,169577,168667,1.5942089602079985e+06,1.5862680910949989e+06,40.91648,-8772.292790500003,0,0,0,1,0,15,169500
DA770326BD091D26F816917AA83A6BAFF668683F,days_45_90,262759,261597,3.0547425588680007e+06,3.044603438829e+06,44.06679000000001,-4231.310295000087,0,0,0,2,0,2,262477
DB465B694F7BEEFDBF8D1EDFA2035128D4CB56E7,days_0_45,19328,19229,67567.72584599999,67064.00089599997,844.2002999999999,-1793.1869954999986,0,0,0,5,6,19,19250
DB465B694F7BEEFDBF8D1EDFA2035128D4CB56E7,days_45_90,20983,20913,50652.89648200003,50131.10160700001,848.9120499999999,-914.2874475000002,0,0,0,1,2,10,20962
DBAF488FD5E23FCED831A80472B50A9F0018F5D1,days_0_45,4075,4075,546569.9530399999,546569.9530399999,1147.1126600000005,4823.922995,0,0,0,0,0,0,4075
DBAF488FD5E23FCED831A80472B50A9F0018F5D1,days_45_90,5934,5934,795918.0564579995,795918.0564579995,3022.8845800000004,-20106.169803,0,0,0,0,0,0,5934
DC67110839D19109423C08B88BCBC3D2332B6F13,days_0_45,8342,8342,357745.91075200035,357745.91075200035,859.3853100000002,-424.7397389999934,7576,223178.0820540001,-420.4762199999938,233,2518,3756,1835
DC67110839D19109423C08B88BCBC3D2332B6F13,days_45_90,2134,2134,130740.088662,130740.088662,101.28264999999998,-1324.6986029999969,1197,66493.22573200002,-605.8938789999976,65,768,341,960
DC78968CBD5D9D8202153B3F286D6E3F6468F02F,days_0_45,10698,10698,32170.33465499999,32170.33465499999,70.68998999999997,-1432.7946460000003,10698,32170.33465499999,-1432.7946460000003,0,81,6141,4476
DD962936AFED7F18A25924197508355989D66A46,days_0_45,15307,15304,42513.657452999985,42508.40025499999,428.8156200000001,-1957.9857060000018,12407,34740.395743999994,-1627.5616420000017,2,2131,10144,3027
DD962936AFED7F18A25924197508355989D66A46,days_45_90,1154,1154,2453.831474000001,2453.831474000001,49.921370000000024,-310.7596380000004,510,1079.03193,-103.43492499999999,0,50,400,704
DF4C6A942BD95BF903D6066B4BA7051E6F914F22,days_0_45,171180,171180,1.3557386538319997e+06,1.3557386538319997e+06,4587.134830000001,12955.74213199997,170903,1.3543835385729994e+06,12984.259975999972,2,11574,136725,22879
DF4C6A942BD95BF903D6066B4BA7051E6F914F22,days_45_90,169581,169572,1.7528948541940001e+06,1.7528060055280002e+06,6607.776020000007,27522.862649999937,169581,1.7528948541940001e+06,27522.862649999937,0,7554,135219,26808
E0316863CADA92B4F273F8F5BE71D0E10AEC4E37,days_0_45,4621,4621,9405.771408000004,9405.771408000004,43.22086999999998,-36.35360600000004,4621,9405.771408000004,-36.35360600000004,1,1232,3373,15
E0316863CADA92B4F273F8F5BE71D0E10AEC4E37,days_45_90,14939,14939,9866.991149,9866.991149,0.03267,2349.044856000001,14939,9866.991149,2349.044856000001,2,9705,5204,28
E17B38C108D2AF65ACDCC141B64B210B976B5F8A,days_0_45,6799,6796,15831.617539,15792.822539000003,573.1914300000005,-245.8810839999952,6799,15831.617539,-245.8810839999952,121,1555,5100,23
E17B38C108D2AF65ACDCC141B64B210B976B5F8A,days_45_90,5682,5682,80621.78727200002,80621.78727200002,3156.9547300000013,104.39355900000061,5682,80621.78727200002,104.39355900000061,0,345,5276,61
E2269F2A961F34C56CD164284A87802A6773F76B,days_0_45,52414,52414,19251.041997000004,19251.041997000004,0,2158.013753,52414,19251.041997000004,2158.013753,1,40272,12078,63
E2269F2A961F34C56CD164284A87802A6773F76B,days_45_90,47332,47332,18592.025296999982,18592.025296999982,0,-3117.1493970000006,47332,18592.025296999982,-3117.1493970000006,2,29405,17804,121
E29F8FF852AE455899E4D60A653F17B038D4E326,days_0_45,6714,749,41211.88042500002,5104.418436999999,5.005790000000001,-5.067868000000027,0,0,0,0,0,0,2531
E29F8FF852AE455899E4D60A653F17B038D4E326,days_45_90,11601,373,74466.57093000002,2899.1138799999994,0.03503,-2.469561999999997,0,0,0,0,0,0,373
E5BE0E183A319E52C2B1EB8D7EA4CE4F574EFB4A,days_0_45,25105,25105,127626.91466699993,127626.91466699993,739.0603599999994,-1339.944293000001,25105,127626.91466699993,-1339.944293000001,0,3102,21890,113
E76D0D852445C372033E595FFDD43CDF0CF7BF3E,days_0_45,59648,59645,381640.3644210006,381621.1632230006,173.31652999999991,-1387.1907839999944,59642,381395.30022200063,-1322.2726829999938,0,8,2168,57469
E76D0D852445C372033E595FFDD43CDF0CF7BF3E,days_45_90,24988,24988,179556.49343699997,179556.49343699997,136.78409000000008,-947.8613509999973,24983,179524.60643999994,-939.3252249999973,2,80,1864,23042
EAC3394E6F8A9FC02E44B64AAB12CA96914A77C8,days_0_45,34955,34955,117384.43331400004,117384.43331400004,0,-817.5141910000002,0,0,0,0,365,1910,32680
EBE31E928681560DA3189A4CB31EDCD520526D17,days_0_45,26940,26938,235093.43065199992,235073.13065199993,7982.529600000002,643.8666029999958,26931,235060.93288699994,655.087867999996,4,196,16908,9832
ECBF4D585042CD07E1395E8E2EC4059D8CDA89B2,days_0_45,26147,26147,66717.178255,66717.178255,280.94325000000015,21.32526399999935,26147,66717.178255,21.32526399999935,12,7650,17847,638
ECBF4D585042CD07E1395E8E2EC4059D8CDA89B2,days_45_90,17130,17130,9359.372565000001,9359.372565000001,0.08549999999999999,2290.3083120000006,17125,9355.019770000003,2292.2866239999994,2,10921,6159,48
ECEDF8368C90A1AB30E26030A2BFCEF0B3CE93A2,days_0_45,9318,9318,37217.256009000004,37217.256009000004,616.2160300000003,-1859.924861,9305,37115.723826,-1845.4810739999998,0,1244,7742,332
ECEDF8368C90A1AB30E26030A2BFCEF0B3CE93A2,days_45_90,4759,4759,11611.37875,11611.37875,267.7435899999999,-365.20943499999987,4759,11611.37875,-365.20943499999987,0,362,3409,988
ED6DAC45917BE28C5EDDB9CA6DF0F804C41B85A4,days_0_45,60112,60112,183546.0414249999,183546.0414249999,0.33230000000000004,1211.8527790000003,60112,183546.0414249999,1211.8527790000003,0,2901,52331,4880
ED6DAC45917BE28C5EDDB9CA6DF0F804C41B85A4,days_45_90,52586,52572,200828.71995899998,200787.59496199997,0,1608.9059370000011,49863,190930.6576550001,1408.9915310000001,0,1432,44851,6303
ED89B210FAA8D83A0484291B8C06B5D717DDDF85,days_0_45,58958,58958,289713.6718429999,289713.6718429999,4563.7005100000015,5900.686899000002,43041,225329.9089529999,4862.635001000001,0,6077,40849,12032
EE2FAF22A81F0DC12BE8080A0E9507FB2190F4DA,days_0_45,8214,739,52504.061345000024,4811.140407999998,3.88732,-11.478268000000002,0,0,0,0,0,0,2671
EE2FAF22A81F0DC12BE8080A0E9507FB2190F4DA,days_45_90,4285,280,21363.97608500001,1394.5791759999997,0.02165,-0.9195370000000229,0,0,0,0,0,0,280
EEC7972F771467FA8EAE5A908CBBCEC23A5C2FA1,days_0_45,6058,6058,67680.84463099994,67680.84463099994,2271.0137100000015,-3127.934170000004,5033,58322.21432399998,-2914.2218070000013,1,189,3469,2399
EEC7972F771467FA8EAE5A908CBBCEC23A5C2FA1,days_45_90,7145,7145,46499.75197599999,46499.75197599999,1373.296429999999,-2166.7510730000004,7145,46499.75197599999,-2166.7510730000004,0,167,5619,1359
EFDF6ABC3EF35F93C2753C4D36F3E17FDFB87EA5,days_0_45,6916,6916,35214.961266,35214.961266,76.18247000000001,50.53376399999932,6916,35214.961266,50.53376399999932,261,6268,384,3
EFDF6ABC3EF35F93C2753C4D36F3E17FDFB87EA5,days_45_90,10102,10102,78525.53292499999,78525.53292499999,145.73856,483.94316499999985,10100,78505.532927,504.4851429999997,334,8925,832,11
F1F2B3C6C5BEA42A6664FE3A8395ADDC1AB28C8D,days_0_45,91041,90067,1.6244527374810004e+06,1.6041857351500003e+06,38.34555999999999,-2140.990960999997,25816,72597.289035,-1477.8821849999997,0,1752,21003,67980
F1F2B3C6C5BEA42A6664FE3A8395ADDC1AB28C8D,days_45_90,404803,401996,1.5020655573814001e+07,1.494279717875001e+07,14.77288,-1260.1952505001511,140,610.538497,-24.798376999999988,6,21,127,404108
F284AD6D607F777F34BC643CEA587C33A886B9F9,days_0_45,37065,36618,2.2919662878222007e+07,2.2731788698668007e+07,45524.41294999999,-361931.3215450013,0,0,0,0,0,3,37062
F284AD6D607F777F34BC643CEA587C33A886B9F9,days_45_90,885,885,167737.75336900004,167737.75336900004,244.31367000000003,-16530.875202000003,0,0,0,0,0,0,885
F40ACBC4387C990034FAF3F5954CBC55656CE716,days_0_45,30718,30718,64422.37193000001,64422.37193000001,591.79066,730.4385780000008,29071,60593.62357800005,576.6579370000009,17,4649,19926,6126
F40ACBC4387C990034FAF3F5954CBC55656CE716,days_45_90,706,706,2247.790356,2247.790356,22.470499999999998,-264.53505799999994,706,2247.790356,-264.53505799999994,0,42,355,309
F418D3A1A941292F9C8707D62A14980C5BEB95A3,days_0_45,34479,34394,458007.44648000045,456510.6542800005,12662.038940000006,-1810.795043000008,34472,457857.1312880004,-1817.7718710000083,1,1580,26732,6166
F418D3A1A941292F9C8707D62A14980C5BEB95A3,days_45_90,182490,182482,3.4019634040359976e+06,3.4017994397359975e+06,99605.58137999984,-1680.151162000002,182490,3.4019634040359976e+06,-1680.151162000002,53,8800,139608,34029
F610482004E919446A65D06832D0233C8166741C,days_0_45,7192,7076,40771.61961499997,40256.98273799995,788.8853399999997,356.91195299999987,1616,5278.074052000004,1048.7480659999999,1,696,902,5555
F610482004E919446A65D06832D0233C8166741C,days_45_90,5529,5280,27222.939087000035,25718.11255500003,716.2088500000002,-690.6507590000001,2096,7198.349736000004,-168.53230000000008,90,1317,710,3210
F6D94CF5DFF2810F8F8CDEC98976BDB3F307BFBF,days_0_45,14090,14090,48749.65961299998,48749.65961299998,680.0462100000007,-234.73577599999945,14090,48749.65961299998,-234.73577599999945,0,2074,11635,381
F898C9739A8B6AE576F4EFCADF7241A64B49FFFC,days_0_45,169297,169297,1.3360133316370007e+06,1.3360133316370007e+06,3907.5966899999994,12739.394732999888,169060,1.3349038262189997e+06,12664.684001999896,10,11030,135619,22638
F898C9739A8B6AE576F4EFCADF7241A64B49FFFC,days_45_90,173265,173255,1.7436644779910007e+06,1.7434668043470008e+06,6179.85116,10716.664411999882,173265,1.7436644779910007e+06,10716.664411999882,0,8068,137968,27229
F9B7876BA2C35370E0BEDB7F8EE772DA722AA37C,days_0_45,442696,442679,2.4578335278330003e+06,2.4576912698830003e+06,0,28509.72700399979,442696,2.4578335278330003e+06,28509.72700399979,0,39635,354690,48371
F9B7876BA2C35370E0BEDB7F8EE772DA722AA37C,days_45_90,987909,987864,7.2395438231979925e+06,7.239226235045993e+06,0,19427.11905299818,987909,7.2395438231979925e+06,19427.11905299818,1,62168,790663,135077
FA019150E1A963E2566CEF1BE30AD5F727D69EED,days_0_45,6800,6285,16214.793671999993,14589.567627999992,290.95965,-726.4820329999995,1329,2142.5410319999996,-81.34709400000003,0,114,1467,4828
FA019150E1A963E2566CEF1BE30AD5F727D69EED,days_45_90,13260,12948,24320.85551700001,23188.19815700001,546.7450499999999,347.5973770000005,3218,5139.730753000004,-201.378939,0,263,4093,8629
FBCB5CEB9E3A85CCDAF9CC4DFB9FF86E25EC76CA,days_0_45,6423,6423,6632.303848000001,6632.303848000001,65.85158999999999,27.91409500000008,6394,6577.145681000002,33.86631200000009,5,2651,3660,107
FBCB5CEB9E3A85CCDAF9CC4DFB9FF86E25EC76CA,days_45_90,7027,7021,7345.949775,7333.949778000001,174.80167000000006,-259.98207700000023,6399,5743.332712,-152.21390599999992,1,1733,3266,2027
FC1883C99D91B5C3FAE28A158AB7660A1CFA3C01,days_0_45,3225,3222,8565.926128,8555.926128,24.316169999999993,-781.3316760000005,2591,7060.896829999997,-725.0839620000003,1,107,2025,1092
FC1883C99D91B5C3FAE28A158AB7660A1CFA3C01,days_45_90,28573,28573,178678.02707500014,178678.02707500014,2998.5699599999994,-5574.915457999995,28573,178678.02707500014,-5574.915457999995,1,2814,22406,3352
FFCF591E09D9FFFCAB04F1082CEB83FAB6920FED,days_0_45,172404,172404,1.3219954497689998e+06,1.3219954497689998e+06,4051.59919,11819.524116999984,172272,1.3212888774739997e+06,11816.706252999993,6,10735,137701,23962
FFCF591E09D9FFFCAB04F1082CEB83FAB6920FED,days_45_90,176473,176453,1.7517667064409987e+06,1.7514884833919988e+06,6185.619349999996,30677.172983000004,176473,1.7517667064409987e+06,30677.172983000004,0,8102,139776,28595
